1778901900.000305414 8.627212874 3.051035306 -0.272844514 0.204022792 0.260759763 -0.678282301 0.655981834
1778901900.100145340 8.626382194 3.048984681 -0.278385051 0.209736466 0.272350359 -0.674259980 0.653612559
1778901900.200465441 8.624394704 3.049361125 -0.283239949 0.213226048 0.276446821 -0.673758685 0.651276471
1778901900.300305367 8.622110614 3.047159425 -0.283400075 0.216304716 0.274579821 -0.673060729 0.651772542
1778901900.400145292 8.621224940 3.047913559 -0.280475161 0.225077262 0.271853289 -0.663625546 0.659573460
1778901900.500465393 8.622140703 3.051486091 -0.279638016 0.224717074 0.267842866 -0.662731814 0.662230306
1778901900.600305319 8.620409117 3.052216339 -0.278355469 0.225669211 0.264223420 -0.662993899 0.663097641
1778901900.700145483 8.619983840 3.053068531 -0.276022887 0.229541135 0.259970964 -0.659620189 0.666803698
1778901900.800465345 8.623149342 3.057696313 -0.275892342 0.223203766 0.259525239 -0.660773855 0.667985510
1778901900.900305510 8.627097760 3.064887633 -0.274366876 0.213258371 0.255285119 -0.666066092 0.667612414
1778901901.000159979 8.629588707 3.069295652 -0.276263408 0.214537846 0.254891998 -0.664726029 0.668687437
1778901901.100480080 8.634193984 3.071726410 -0.276821678 0.215032204 0.256139416 -0.667183103 0.665597820
1778901901.200320005 8.636593649 3.075332553 -0.278253542 0.211206192 0.260364036 -0.670635430 0.661702829
1778901901.300159931 8.636654895 3.080865673 -0.280346083 0.209245604 0.260736340 -0.676213497 0.656481641
1778901901.400480032 8.634101315 3.084119284 -0.280703055 0.214436825 0.259780091 -0.677122460 0.654244852
1778901901.500319958 8.629656840 3.087822790 -0.280866194 0.223592076 0.256100765 -0.678963928 0.650712661
1778901901.600159883 8.623633690 3.090630251 -0.278581909 0.236819593 0.252958006 -0.677278519 0.649016590
1778901901.700479984 8.618252708 3.094147926 -0.280825406 0.241320392 0.251492089 -0.681244743 0.643756008
1778901901.800319910 8.611448582 3.101756724 -0.279086741 0.240307734 0.250579340 -0.683674511 0.641912260
1778901901.900160074 8.607249086 3.106255084 -0.274906724 0.239018472 0.248275139 -0.684723248 0.642171083
1778901902.000014782 8.604117491 3.107660737 -0.272464371 0.229924100 0.252290277 -0.687657468 0.640789928
1778901902.100334883 8.605761420 3.110040272 -0.272280332 0.215486007 0.258753898 -0.696788286 0.633323208
1778901902.200174809 8.605322172 3.109717240 -0.268696523 0.216311753 0.258562186 -0.698162367 0.631604410
1778901902.300014734 8.604589904 3.107634053 -0.265923197 0.222512960 0.255805158 -0.694689706 0.634395709
1778901902.400334835 8.606098206 3.103287109 -0.268530876 0.220768419 0.259404393 -0.694895127 0.633317794
1778901902.500174761 8.608748512 3.098171011 -0.271564101 0.218642322 0.259587598 -0.696201103 0.632545522
1778901902.600014925 8.611401762 3.091468309 -0.273558905 0.228074538 0.257437815 -0.695484063 0.630880095
1778901902.700334787 8.612226578 3.082685408 -0.279538940 0.234957097 0.261106610 -0.695095516 0.627264477
1778901902.800174952 8.612663248 3.075285574 -0.286447780 0.235369530 0.273849416 -0.699030959 0.617222326
1778901902.900014877 8.610566353 3.071610546 -0.290670786 0.239533535 0.280402518 -0.699400716 0.612239129
1778901903.000349760 8.606055745 3.073973717 -0.294476114 0.243555567 0.282850182 -0.696999730 0.612264515
1778901903.100189686 8.601952234 3.077925520 -0.298115391 0.247557763 0.287240982 -0.695945915 0.609809032
1778901903.200029612 8.597978355 3.076807839 -0.301987987 0.250881509 0.290403975 -0.697235792 0.605463665
1778901903.300349712 8.591652699 3.075665142 -0.302387865 0.266168312 0.283208097 -0.690980366 0.609502861
1778901903.400189638 8.583197723 3.074727314 -0.305404147 0.270552145 0.279830003 -0.689443056 0.610872309
1778901903.500029802 8.576985467 3.072833458 -0.305239259 0.264287457 0.280655619 -0.693905535 0.608177336
1778901903.600349665 8.572295214 3.070062631 -0.302361595 0.265893581 0.274437802 -0.693488421 0.610784993
1778901903.700189590 8.568350503 3.067383011 -0.301593177 0.266767309 0.270411244 -0.689496593 0.616690692
1778901903.800029755 8.569897107 3.061050788 -0.300788476 0.266371559 0.269763866 -0.690262516 0.616288331
1778901903.900349617 8.569039852 3.057131452 -0.303476559 0.276923862 0.272808912 -0.677577926 0.624320932
1778901904.000204563 8.570701553 3.056576724 -0.307610025 0.282639545 0.276143306 -0.671686060 0.626655886
1778901904.100044489 8.578946644 3.051676881 -0.308271110 0.286786485 0.276042421 -0.669618782 0.627028533
1778901904.200364590 8.585369882 3.053022857 -0.308883430 0.287757679 0.276080891 -0.665269934 0.631182045
1778901904.300204515 8.592124391 3.054480959 -0.308971356 0.281853391 0.279602668 -0.665225398 0.632341825
1778901904.400044441 8.598780555 3.060860206 -0.303906814 0.272753782 0.278561109 -0.667743156 0.634135759
1778901904.500364542 8.598270178 3.068197797 -0.303538881 0.277259930 0.271952002 -0.662260834 0.640764877
1778901904.600204468 8.601689202 3.074197661 -0.303587334 0.273887476 0.268335629 -0.662849000 0.643127394
1778901904.700044632 8.607577352 3.079290390 -0.304026818 0.266212896 0.269664398 -0.670610327 0.637725330
1778901904.800364494 8.614353645 3.082308758 -0.305622455 0.257335967 0.276695030 -0.678077926 0.630419215
1778901904.900204659 8.617865448 3.086335021 -0.304297572 0.252217795 0.277110587 -0.681746311 0.628345346
1778901905.000058889 8.620270730 3.090154791 -0.302690378 0.248072134 0.280136226 -0.683965303 0.626239072
1778901905.100378990 8.621824372 3.094351367 -0.300151947 0.244915485 0.279670961 -0.685174031 0.626368187
1778901905.200218916 8.621055661 3.100375160 -0.296598978 0.248055035 0.277821147 -0.681451190 0.630006656
1778901905.300058842 8.624062619 3.104070273 -0.293542118 0.248865658 0.276526421 -0.682825776 0.628767033
1778901905.400378942 8.629731131 3.111072912 -0.292974764 0.246064961 0.276546201 -0.687906131 0.624307127
1778901905.500218868 8.634287666 3.118847537 -0.292133945 0.244616011 0.275866387 -0.687353817 0.625783887
1778901905.600058794 8.641401138 3.127667799 -0.292237836 0.253158372 0.273601402 -0.684276846 0.626752191
1778901905.700378895 8.650380199 3.138739062 -0.290955480 0.259196889 0.272988053 -0.680986216 0.628133958
1778901905.800218821 8.660434290 3.148631795 -0.292615105 0.262703059 0.272718179 -0.680070250 0.627786869
1778901905.900058985 8.669215366 3.161770788 -0.293212298 0.266483192 0.273166021 -0.679101494 0.627047203
1778901906.000392914 8.677055945 3.177744403 -0.290935786 0.267242526 0.271991265 -0.677936492 0.628493673
1778901906.100233078 8.682570360 3.201514286 -0.285208390 0.258092697 0.266999965 -0.679377999 0.632886019
1778901906.200073004 8.687485411 3.231177477 -0.281385231 0.249164494 0.266890605 -0.680730369 0.635053245
1778901906.300392866 8.687403496 3.268228966 -0.276567049 0.246652836 0.260668518 -0.680328102 0.639036757
1778901906.400233030 8.684253804 3.312241345 -0.274226973 0.251034045 0.259001610 -0.673870651 0.644824332
1778901906.500072956 8.684613222 3.368073989 -0.271859023 0.240596741 0.263677406 -0.678432367 0.642119114
1778901906.600393057 8.685673898 3.426330868 -0.267214503 0.234681530 0.259352366 -0.675398753 0.649228353
1778901906.700232983 8.694814546 3.480393411 -0.261573598 0.226516541 0.265574701 -0.679605519 0.645210566
1778901906.800072908 8.703085589 3.533652018 -0.250398229 0.219804965 0.259960079 -0.683134965 0.646090670
1778901906.900393009 8.712225704 3.580345553 -0.240596887 0.217862753 0.254385876 -0.681519826 0.650656878
1778901907.000228167 8.724408527 3.625881992 -0.234556898 0.216258454 0.249486270 -0.685073385 0.649356096
1778901907.100068092 8.739288348 3.672624146 -0.233912964 0.216195940 0.248330434 -0.692879311 0.641490118
1778901907.200388193 8.754467998 3.731132053 -0.233299260 0.213275341 0.245034567 -0.696748923 0.639540951
1778901907.300228119 8.780565599 3.792849833 -0.235473600 0.199693290 0.249719353 -0.707961454 0.629724872
1778901907.400068045 8.799353729 3.855848812 -0.230543816 0.205739337 0.253905076 -0.704976601 0.629453358
1778901907.500388145 8.815381649 3.920799275 -0.219433714 0.211900386 0.251350073 -0.700692837 0.633206850
1778901907.600228071 8.827018189 3.985895012 -0.204001148 0.203768978 0.252932565 -0.701118594 0.634772431
1778901907.700067997 8.832892246 4.049793526 -0.195160688 0.198186898 0.246037288 -0.699391643 0.641123183
1778901907.800388098 8.835406744 4.110825107 -0.192241405 0.196807332 0.244386425 -0.694432933 0.647537683
1778901907.900228024 8.836272216 4.177649773 -0.193300547 0.191385218 0.240105546 -0.695119506 0.650022998
1778901908.000063181 8.827539632 4.254347371 -0.194010813 0.198360222 0.232092893 -0.690465219 0.655777320
1778901908.100383282 8.820778232 4.328677414 -0.194827709 0.204613005 0.243427210 -0.696490941 0.643255066
1778901908.200223207 8.812253437 4.417491183 -0.182224904 0.206946991 0.245831881 -0.696953994 0.641088730
1778901908.300063133 8.807183629 4.504854119 -0.165607391 0.206510714 0.242085024 -0.701079021 0.638150745
1778901908.400383234 8.804769074 4.590732149 -0.153679710 0.203184088 0.231497277 -0.706522739 0.637142728
1778901908.500223160 8.804826161 4.679519900 -0.153297181 0.201054501 0.219928557 -0.711514372 0.636361388
1778901908.600063324 8.811798511 4.769069859 -0.156634548 0.192738743 0.215080278 -0.714007104 0.637797857
1778901908.700383186 8.822270352 4.858039658 -0.159293253 0.184781691 0.218757505 -0.721316493 0.630637295
1778901908.800223351 8.830977604 4.941161514 -0.149413385 0.189302560 0.222410599 -0.720359112 0.629111132
1778901908.900063276 8.836334621 5.010603160 -0.132511821 0.190670015 0.232184365 -0.711548862 0.635164217
1778901909.000398159 8.835381451 5.071419880 -0.118070139 0.181268604 0.223205563 -0.706958166 0.646166481
1778901909.100238085 8.832494406 5.116061226 -0.116758121 0.178313804 0.221867144 -0.703219895 0.651506666
1778901909.200078011 8.826349212 5.147546916 -0.122895564 0.186357570 0.225083832 -0.694337404 0.657650130
1778901909.300398111 8.816034554 5.174065429 -0.132276176 0.193848206 0.226561501 -0.689026527 0.660556738
1778901909.400238037 8.803957432 5.194413905 -0.146357061 0.201524324 0.229447451 -0.683388367 0.663115490
1778901909.500077963 8.796182404 5.194455665 -0.153911604 0.208374833 0.236165157 -0.680451199 0.661658607
1778901909.600398064 8.796614346 5.170456509 -0.155926754 0.212889159 0.237392954 -0.670630673 0.669759130
1778901909.700237989 8.804194874 5.128713289 -0.169556024 0.200226038 0.242391800 -0.675266449 0.667211340
1778901909.800078154 8.810057327 5.068819121 -0.183154933 0.197689713 0.245368203 -0.676493085 0.665635281
1778901909.900398016 8.814959968 4.992778363 -0.187743990 0.208875646 0.247368423 -0.672092598 0.665936459
1778901910.000252962 8.824836323 4.912400104 -0.183232739 0.211116215 0.246124044 -0.681536941 0.656018519
1778901910.100092888 8.834874124 4.834550238 -0.171720263 0.207931795 0.246075736 -0.689922605 0.648242162
1778901910.200412989 8.840175321 4.759900810 -0.172015287 0.202887679 0.249105698 -0.698202267 0.639762875
1778901910.300252914 8.838242059 4.683417971 -0.181411725 0.211563064 0.245786757 -0.692214196 0.644724318
1778901910.400092840 8.836248051 4.596216899 -0.196923091 0.218007954 0.244023185 -0.686946179 0.648868373
1778901910.500412941 8.832144773 4.499164887 -0.213528367 0.218654478 0.239214459 -0.682140997 0.655477171
1778901910.600252867 8.821843452 4.395761695 -0.218403667 0.223529300 0.228433179 -0.672731884 0.667296596
1778901910.700093031 8.814226867 4.282372868 -0.215485107 0.230891838 0.237475578 -0.666702129 0.667684492
1778901910.800412893 8.807959040 4.177261025 -0.210100792 0.234021694 0.232684709 -0.666121342 0.668860248
1778901910.900252819 8.805287999 4.073742736 -0.214852005 0.237385846 0.241146212 -0.666945376 0.663837578
1778901911.000107765 8.805284645 3.965468795 -0.229693071 0.234373092 0.241811236 -0.675215449 0.656262658
1778901911.100427866 8.807328221 3.851924850 -0.249889618 0.233456447 0.239564402 -0.680401939 0.652043086
1778901911.200267792 8.817849764 3.735113252 -0.261604979 0.221860399 0.243405257 -0.692356574 0.642007958
1778901911.300107718 8.826256562 3.619142128 -0.256940154 0.229086917 0.254412764 -0.696610452 0.630497588
1778901911.400427818 8.827503302 3.516623053 -0.246766428 0.228095629 0.246552523 -0.705661917 0.623879392
1778901911.500267744 8.821897872 3.420637440 -0.251102261 0.240869558 0.256447858 -0.698164722 0.623524155
1778901911.600107670 8.815143389 3.324878081 -0.265944355 0.240039788 0.250495065 -0.696518412 0.628088548
1778901911.700427771 8.804922788 3.223726324 -0.288831766 0.231629746 0.251835696 -0.693974600 0.633502721
1778901911.800267696 8.789899764 3.116704702 -0.300781943 0.235401391 0.251539775 -0.686251278 0.640603707
1778901911.900107861 8.773179300 3.010077253 -0.299175832 0.248591831 0.261080020 -0.677948522 0.640644306
1778901912.000442028 8.759294357 2.907186687 -0.296795507 0.242495799 0.268833467 -0.682144612 0.635297633
1778901912.100282192 8.748412177 2.811786670 -0.298506328 0.247675468 0.274673788 -0.675953131 0.637415514
1778901912.200122118 8.738741271 2.714747185 -0.311958798 0.243483809 0.273030914 -0.679426610 0.636041851
1778901912.300442219 8.729857984 2.614175404 -0.332002648 0.246035508 0.270625257 -0.682194302 0.633118814
1778901912.400282145 8.720413411 2.513428567 -0.349413142 0.248418265 0.274470562 -0.684896536 0.627591436
1778901912.500122070 8.714091770 2.417543085 -0.353274781 0.253613937 0.286078994 -0.680250499 0.625378317
1778901912.600442171 8.706405159 2.338272148 -0.348006007 0.258436672 0.292816474 -0.684745943 0.615298296
1778901912.700282097 8.691069667 2.268207250 -0.342447861 0.275744413 0.293065677 -0.670996654 0.622768831
1778901912.800122023 8.677911683 2.216028340 -0.345641931 0.276020803 0.286601107 -0.663086785 0.634025423
1778901912.900442123 8.664861017 2.188512676 -0.353928049 0.268124048 0.276495949 -0.654412283 0.650695051
1778901913.000297070 8.663322987 2.174191277 -0.360199248 0.273872365 0.290987211 -0.654448056 0.641886370
1778901913.100136995 8.658232116 2.186325238 -0.357640261 0.281193400 0.284785243 -0.651066273 0.644934373
1778901913.200456858 8.660577726 2.220979553 -0.355765665 0.278450994 0.276719804 -0.658611525 0.641967331
1778901913.300297022 8.671395469 2.277419384 -0.355949137 0.264315782 0.276563929 -0.670570522 0.635597935
1778901913.400136948 8.682997795 2.347420562 -0.347640905 0.259690486 0.268546237 -0.678079106 0.632971165
1778901913.500457048 8.690422112 2.422340339 -0.338383626 0.268292453 0.264201272 -0.674781703 0.634733409
1778901913.600296974 8.698773267 2.496178417 -0.327659592 0.272753529 0.277085116 -0.672015665 0.630257326
1778901913.700136900 8.701932515 2.579266526 -0.308700999 0.259317878 0.266487644 -0.673592869 0.638757560
1778901913.800457001 8.703400737 2.663067511 -0.296032043 0.246199901 0.262790184 -0.673946918 0.645075561
1778901913.900296926 8.701732807 2.753902320 -0.293437208 0.240875456 0.258847861 -0.671867678 0.650823035
1778901914.000151873 8.696856024 2.856733055 -0.290832349 0.228517466 0.254994792 -0.670530011 0.658138989
1778901914.100471735 8.693448774 2.951289342 -0.287245637 0.230424318 0.258562737 -0.668531009 0.658115669
1778901914.200311899 8.692879346 3.041413067 -0.277599960 0.249258713 0.263250939 -0.668125244 0.649752026
1778901914.300151825 8.694420975 3.133296976 -0.262454075 0.239126235 0.246954779 -0.675064192 0.652778919
1778901914.400471926 8.701174565 3.224560556 -0.257468886 0.226418063 0.249225548 -0.687528869 0.643370454
1778901914.500311852 8.705424925 3.324249421 -0.254130605 0.221325681 0.241100659 -0.691077211 0.644435958
1778901914.600151777 8.715152192 3.425858323 -0.255871135 0.204830163 0.236937614 -0.696174553 0.645945945
1778901914.700471878 8.727891172 3.524219027 -0.258038846 0.200552213 0.251436843 -0.689796560 0.648643993
1778901914.800311804 8.741615721 3.617286728 -0.244055543 0.198396646 0.273771597 -0.692567662 0.637211046
1778901914.900151730 8.742874047 3.719726118 -0.214491269 0.196060660 0.264597783 -0.686687835 0.648080279
1778901915.000486374 8.741352438 3.814452066 -0.199521703 0.183760168 0.249135256 -0.686343517 0.658100601
1778901915.100326300 8.740962632 3.905213917 -0.204555252 0.183016869 0.255977162 -0.681857923 0.660341042
1778901915.200166464 8.733086086 4.003134136 -0.204549198 0.185116625 0.242074759 -0.676604516 0.670326768
1778901915.300486326 8.724099393 4.092130444 -0.204893892 0.205877224 0.239309983 -0.667191158 0.674686045
1778901915.400326490 8.719799718 4.178635865 -0.195603243 0.220582387 0.233787304 -0.666407682 0.672746392
1778901915.500166416 8.723742068 4.258205385 -0.184405386 0.217991643 0.228025153 -0.674639610 0.667342168
1778901915.600486517 8.731508360 4.335483012 -0.178444971 0.214014773 0.229213137 -0.681600890 0.661119688
1778901915.700326443 8.742838564 4.423838306 -0.173467327 0.212892792 0.219641768 -0.684232176 0.662012449
1778901915.800166368 8.757978819 4.511229518 -0.175249520 0.216547320 0.218352729 -0.687043351 0.658331814
1778901915.900486469 8.765914583 4.587114249 -0.172656750 0.228330982 0.227532383 -0.682121345 0.656356952
1778901916.000341177 8.772614914 4.656130068 -0.161869560 0.239181961 0.226059643 -0.683325830 0.651732182
1778901916.100181341 8.777253177 4.726272095 -0.144383613 0.241346600 0.223068648 -0.678107849 0.657390251
1778901916.200021267 8.779323661 4.788210299 -0.129255275 0.226761328 0.209576816 -0.686462872 0.658350654
1778901916.300341129 8.781673954 4.838525908 -0.128777131 0.215422856 0.214603420 -0.688659991 0.658244470
1778901916.400181293 8.777998445 4.889033689 -0.137347620 0.224653215 0.209925561 -0.673868758 0.671835611
1778901916.500021219 8.783063466 4.935116988 -0.140147967 0.224504065 0.213797877 -0.668784070 0.675733868
1778901916.600341320 8.790606426 4.970208596 -0.147634652 0.225281648 0.233004708 -0.670016583 0.667858341
1778901916.700181246 8.799584277 5.006597127 -0.138181595 0.232718916 0.239448310 -0.655580039 0.677289617
1778901916.800021172 8.820735414 5.030571220 -0.128016986 0.209677265 0.240660347 -0.660811644 0.679298177
1778901916.900341272 8.841819148 5.045563326 -0.125139926 0.203802547 0.241857425 -0.649587476 0.691379504
1778901917.000195742 8.864425105 5.048643372 -0.125132545 0.197189196 0.239624456 -0.645530835 0.697844168
1778901917.100035906 8.888187407 5.040457574 -0.130589256 0.195655720 0.241936525 -0.640537032 0.702066854
1778901917.200355768 8.905351797 5.029147714 -0.136601341 0.201596337 0.239945409 -0.636439446 0.704790713
1778901917.300195932 8.920546960 5.010996229 -0.150297955 0.195926762 0.241417453 -0.645869669 0.697268017
1778901917.400035858 8.928319252 4.980942078 -0.165790656 0.196445319 0.240024827 -0.648208336 0.695430279
1778901917.500355959 8.931460776 4.932190687 -0.180212782 0.197694890 0.238652214 -0.650199163 0.693687898
1778901917.600195885 8.927041637 4.865633237 -0.198370916 0.194853114 0.240296138 -0.653604381 0.690717991
1778901917.700035810 8.914753513 4.776159368 -0.211456290 0.198412325 0.240800733 -0.653716443 0.689421764
1778901917.800355911 8.899076119 4.672626154 -0.205280096 0.203679138 0.238395000 -0.661288559 0.681454381
1778901917.900195837 8.879484561 4.570311372 -0.192196424 0.209683318 0.239097836 -0.660083871 0.680554490
1778901918.000050545 8.860300604 4.466112339 -0.182364478 0.215040477 0.229195361 -0.664789659 0.677703320
1778901918.100370407 8.842075714 4.362681850 -0.190636995 0.212254711 0.224246883 -0.668670955 0.676417347
1778901918.200210333 8.823500219 4.253855838 -0.213093789 0.214167354 0.219413937 -0.679291291 0.666748237
1778901918.300050497 8.803362570 4.130987308 -0.231224116 0.230895259 0.220697227 -0.674941975 0.665156706
1778901918.400370359 8.787566685 4.003178087 -0.220357496 0.221037109 0.213244159 -0.698049393 0.646835814
1778901918.500210524 8.768667858 3.890841498 -0.201179341 0.209305339 0.211718141 -0.715980273 0.631457799
1778901918.600050449 8.745123292 3.786427202 -0.185772352 0.209212526 0.208257583 -0.720970871 0.626944895
1778901918.700370550 8.718729177 3.682770420 -0.188411973 0.199537948 0.201850338 -0.721692207 0.631348879
1778901918.800210476 8.693405255 3.574417593 -0.207864465 0.179733488 0.198281780 -0.718497159 0.641982898
1778901918.900050402 8.667712721 3.453284354 -0.222007403 0.176456260 0.195605312 -0.718085276 0.644170230
1778901919.000385523 8.635549233 3.329465227 -0.211331276 0.194208011 0.201044130 -0.700411171 0.656725740
1778901919.100225449 8.612005035 3.210655952 -0.199331097 0.187468511 0.196900874 -0.715882195 0.643116075
1778901919.200065613 8.591353141 3.096609569 -0.204106907 0.190356281 0.197095456 -0.717795947 0.640067845
1778901919.300385475 8.573852820 2.976723689 -0.228727758 0.188889480 0.198855693 -0.728667871 0.627551042
1778901919.400225639 8.552638414 2.855879856 -0.259462951 0.191533538 0.204806945 -0.732653905 0.620151010
1778901919.500065565 8.530234709 2.732637570 -0.268735419 0.193811656 0.202064876 -0.737629247 0.614418360
1778901919.600385427 8.505802625 2.613971197 -0.256425724 0.204213463 0.205669228 -0.742264469 0.604185805
1778901919.700225592 8.479841501 2.504117851 -0.240977851 0.205395231 0.202109450 -0.760924598 0.581341832
1778901919.800065517 8.444506274 2.399700138 -0.241529210 0.213576022 0.197645038 -0.760790415 0.580103151
1778901919.900385618 8.407535019 2.294358731 -0.262756132 0.203435369 0.187802783 -0.764120626 0.582635250
1778901920.000239849 8.365394723 2.174123714 -0.286030228 0.196710608 0.192277399 -0.767602873 0.578895646
1778901920.100079775 8.314776911 2.050033418 -0.284312761 0.216160011 0.185410184 -0.750749750 0.596047587
1778901920.200399876 8.273159082 1.926825441 -0.271866330 0.210477070 0.188733632 -0.754999761 0.591653936
1778901920.300239801 8.235545431 1.809093462 -0.264139385 0.204393712 0.199763484 -0.762505981 0.580432933
1778901920.400079966 8.197811078 1.695668987 -0.267904234 0.200986440 0.200294557 -0.764404357 0.578940860
1778901920.500399828 8.159232123 1.575847451 -0.285827178 0.194034705 0.195679615 -0.769931069 0.575557270
1778901920.600239754 8.120627005 1.450308064 -0.296468268 0.195739963 0.192853115 -0.772782877 0.572101536
1778901920.700079918 8.086167263 1.322127808 -0.286757940 0.203032169 0.201145243 -0.772114400 0.567589537
1778901920.800399780 8.052209062 1.208644269 -0.272335105 0.193243476 0.202460430 -0.785810174 0.551515280
1778901920.900239944 8.008669900 1.100518311 -0.268711061 0.198075630 0.205551757 -0.787500454 0.546221159
1778901921.000094652 7.957987179 0.994281765 -0.278461818 0.194407436 0.191622127 -0.791714560 0.546511449
1778901921.100414753 7.899544607 0.884166510 -0.297822594 0.186405716 0.193222648 -0.791855015 0.548528534
1778901921.200254679 7.838593179 0.776055321 -0.300474854 0.194598298 0.197163178 -0.786544191 0.551911605
1778901921.300094604 7.775639448 0.660394421 -0.296814784 0.196366017 0.204576313 -0.779801813 0.558120105
1778901921.400414705 7.728442978 0.549394042 -0.290144337 0.197232177 0.217086622 -0.784632865 0.546190566
1778901921.500254631 7.677574145 0.441673214 -0.292144865 0.202603718 0.215903884 -0.778192622 0.553853310
1778901921.600094795 7.632988210 0.327225793 -0.305873389 0.186915793 0.211652427 -0.785868572 0.550160271
1778901921.700414658 7.587243250 0.213443002 -0.321053777 0.192188563 0.208217835 -0.783029249 0.553691327
1778901921.800254822 7.546390790 0.094992559 -0.318845561 0.194812413 0.213392066 -0.783845869 0.549634063
1778901921.900094748 7.506926685 -0.015967823 -0.304530047 0.188173751 0.215970534 -0.794098301 0.536055273
1778901922.000409842 7.461291429 -0.119832464 -0.297975309 0.190196468 0.222297052 -0.799614163 0.524429705
1778901922.100249767 7.397980706 -0.219830777 -0.305277130 0.192720252 0.210939740 -0.799002718 0.529110562
1778901922.200089931 7.324049348 -0.322084220 -0.321015731 0.187645599 0.205020208 -0.796463567 0.537030381
1778901922.300409794 7.239023972 -0.420329662 -0.318716802 0.199737536 0.196055451 -0.781726832 0.557288378
1778901922.400249958 7.158314536 -0.519912818 -0.308559566 0.204799910 0.196785601 -0.771301840 0.569583968
1778901922.500089884 7.091816918 -0.621704731 -0.304264593 0.207416637 0.214554033 -0.770314927 0.563524461
1778901922.600409746 7.023688404 -0.721877144 -0.305560802 0.198007504 0.213397175 -0.769531356 0.568397894
1778901922.700249910 6.952415981 -0.828827281 -0.321648330 0.189244205 0.207393558 -0.771828915 0.570486344
1778901922.800089836 6.881139551 -0.944911667 -0.339921975 0.194712458 0.210026695 -0.772269604 0.567076278
1778901922.900409937 6.812195628 -1.064630804 -0.339119884 0.211848052 0.220270377 -0.769262175 0.561103440
1778901923.000264168 6.751317054 -1.175575909 -0.325150823 0.208898316 0.227497465 -0.776253120 0.549579376
1778901923.100104094 6.684792393 -1.285291993 -0.321896208 0.215937885 0.230882986 -0.774914695 0.547330880
1778901923.200424194 6.608904025 -1.398996768 -0.341499877 0.213690695 0.225778666 -0.771117452 0.555642112
1778901923.300264120 6.535467573 -1.513955949 -0.361051214 0.209351353 0.223230031 -0.765117135 0.566512255
1778901923.400104284 6.456645464 -1.628361641 -0.356149374 0.211698103 0.213523173 -0.753758699 0.584328324
1778901923.500424147 6.388120655 -1.743538738 -0.340088337 0.212512580 0.217677215 -0.740382269 0.599407315
1778901923.600264311 6.330047326 -1.859476478 -0.333042419 0.217367297 0.227863737 -0.735057998 0.600432606
1778901923.700104237 6.271714692 -1.973344377 -0.343718800 0.213228075 0.227002303 -0.731736429 0.606271838
1778901923.800424099 6.210528330 -2.091707775 -0.365850456 0.200396059 0.217561370 -0.738541772 0.605858499
1778901923.900264263 6.147592666 -2.218484323 -0.379853407 0.201826237 0.212366011 -0.745839984 0.598238719
1778901924.000118971 6.083525057 -2.352548671 -0.370483339 0.202209200 0.215042315 -0.750525853 0.591252218
1778901924.100439072 6.027439315 -2.468634088 -0.353654878 0.200330132 0.219373617 -0.766464746 0.569451357
1778901924.200278997 5.967007604 -2.581203550 -0.352673790 0.207103786 0.220312783 -0.766604309 0.566469887
1778901924.300118923 5.904783009 -2.695700274 -0.368442581 0.193628853 0.208676688 -0.773690365 0.566008062
1778901924.400439024 5.838324235 -2.811767450 -0.388211608 0.192455525 0.206461105 -0.771078128 0.570765454
1778901924.500278950 5.769506147 -2.929121584 -0.381288503 0.198848895 0.197908001 -0.758020286 0.588809635
1778901924.600119114 5.716033818 -3.047081067 -0.358420496 0.190712677 0.199091153 -0.754511314 0.595570369
1778901924.700438976 5.667504952 -3.166784894 -0.355011066 0.193856533 0.212307818 -0.748005739 0.598190981
1778901924.800279140 5.613245933 -3.291113797 -0.374621682 0.184804927 0.211545669 -0.750755743 0.597880743
1778901924.900119066 5.552039614 -3.422386494 -0.405132496 0.185076455 0.203820584 -0.760136193 0.588554877
1778901925.000433922 5.491477114 -3.562536026 -0.411872932 0.189179628 0.202108885 -0.768249718 0.577196186
1778901925.100273848 5.439748446 -3.699149358 -0.390703133 0.186842633 0.207205328 -0.778152885 0.562702292
1778901925.200114012 5.382033882 -3.829033488 -0.382663448 0.197404294 0.216332372 -0.779299025 0.554008013
1778901925.300433874 5.326367818 -3.952642262 -0.385356380 0.206536038 0.205984830 -0.772577616 0.563947642
1778901925.400274038 5.272539988 -4.070343039 -0.413488695 0.201151390 0.183279455 -0.772428450 0.573847583
1778901925.500113964 5.211788078 -4.198539437 -0.442412103 0.201129253 0.179613047 -0.764594070 0.585390540
1778901925.600433826 5.157559383 -4.342347212 -0.443065811 0.229692899 0.189326045 -0.742473830 0.600107851
1778901925.700273991 5.111153623 -4.471931329 -0.423386753 0.238135958 0.166868165 -0.741129131 0.605123039
1778901925.800113916 5.080484193 -4.608443127 -0.431010356 0.237035434 0.202940036 -0.742192220 0.593110659
1778901925.900434017 5.045481420 -4.736409557 -0.449901999 0.204203282 0.206094075 -0.747994882 0.596933755
1778901926.000288248 5.010822908 -4.872602016 -0.475035504 0.198409269 0.203550016 -0.751997963 0.594727010
1778901926.100128174 4.978627674 -5.009936611 -0.475364862 0.192445576 0.203505881 -0.762013288 0.583854268
1778901926.200448275 4.948616336 -5.137354701 -0.459999300 0.183164290 0.197756377 -0.768767072 0.579948659
1778901926.300288200 4.909724615 -5.262790292 -0.456702525 0.202528932 0.212568173 -0.763974658 0.574577693
1778901926.400128365 4.871492653 -5.384784320 -0.467367318 0.199473034 0.194725604 -0.760439726 0.586535481
1778901926.500448227 4.830521686 -5.518042489 -0.497110043 0.183676863 0.200239257 -0.764635840 0.584379229
1778901926.600288153 4.782140287 -5.655441601 -0.500648273 0.193381284 0.194162834 -0.746809042 0.605954393
1778901926.700128317 4.739835052 -5.787645017 -0.481389516 0.189387792 0.190316662 -0.739428682 0.617379184
1778901926.800448179 4.702859230 -5.914361202 -0.472921700 0.191415180 0.199087686 -0.736436536 0.617564208
1778901926.900288343 4.661196308 -6.039745323 -0.484704602 0.203553255 0.200135101 -0.730448213 0.620449371
1778901927.000143051 4.616234106 -6.169052227 -0.513865209 0.198187057 0.195735858 -0.737788245 0.614880370
1778901927.100463152 4.571667252 -6.302595519 -0.534831387 0.197822472 0.196132783 -0.744744907 0.606426603
1778901927.200303078 4.533608841 -6.436752337 -0.529312174 0.195457408 0.198631096 -0.754321943 0.594424508
1778901927.300143003 4.498337631 -6.559537509 -0.510428418 0.184741197 0.195264629 -0.765880002 0.584097797
1778901927.400463104 4.468086540 -6.676262575 -0.510711318 0.200517583 0.209255610 -0.757840700 0.584535938
1778901927.500303030 4.432507215 -6.794807384 -0.534748277 0.194691406 0.206097486 -0.757105508 0.588566336
1778901927.600143194 4.395092557 -6.920350368 -0.559283507 0.184936899 0.201091864 -0.753139918 0.598448552
1778901927.700463057 4.350634364 -7.049452711 -0.561245223 0.184813823 0.190991018 -0.743902064 0.613168820
1778901927.800303221 4.311796133 -7.175023290 -0.541036897 0.189673299 0.186167064 -0.733331001 0.625772728
1778901927.900143147 4.277219690 -7.301990680 -0.532250121 0.182527964 0.199567665 -0.735805877 0.620842976
1778901928.000477791 4.234372069 -7.428944127 -0.548315653 0.184313561 0.204708489 -0.734192922 0.620551125
1778901928.100317717 4.193875918 -7.559851678 -0.575958951 0.178155862 0.199877087 -0.729941503 0.628883964
1778901928.200157642 4.157693534 -7.697024483 -0.593985913 0.160373450 0.204038174 -0.739252724 0.621413059
1778901928.300477743 4.126214460 -7.833083971 -0.581363194 0.159157090 0.210402006 -0.739635305 0.619144275
1778901928.400317669 4.089560625 -7.955922689 -0.561495542 0.152775653 0.205112906 -0.745369338 0.615640192
1778901928.500157595 4.049056528 -8.078374809 -0.559987843 0.172223764 0.201527959 -0.735936325 0.622995331
1778901928.600477695 4.007935171 -8.199087172 -0.584673517 0.168863769 0.195782798 -0.735174188 0.626636288
1778901928.700317621 3.961170967 -8.326591226 -0.617175614 0.160250505 0.200279022 -0.738233985 0.623873924
1778901928.800157785 3.906314915 -8.455849936 -0.618894556 0.173405864 0.195471530 -0.733563004 0.627380750
1778901928.900477648 3.858972876 -8.581103362 -0.597319311 0.184436571 0.186339675 -0.728083280 0.633368309
1778901929.000332594 3.822701001 -8.700226067 -0.585889920 0.180753101 0.192020800 -0.731532582 0.628741927
1778901929.100172520 3.786238152 -8.821041613 -0.601305229 0.183880335 0.199688786 -0.729306483 0.628032216
1778901929.200012445 3.742902607 -8.946553577 -0.628026421 0.184121609 0.188724639 -0.734705373 0.625052204
1778901929.300332546 3.705577264 -9.079717790 -0.643469579 0.190469237 0.187246078 -0.737496293 0.620289927
1778901929.400172472 3.676901860 -9.214207542 -0.635318858 0.174639031 0.201483299 -0.753466278 0.600994390
1778901929.500012636 3.646909201 -9.335720047 -0.617631610 0.166577247 0.205943945 -0.762694695 0.590030435
1778901929.600332499 3.617843381 -9.450531700 -0.619874927 0.188405790 0.218093394 -0.749586741 0.595867643
1778901929.700172663 3.583706714 -9.565332924 -0.648866044 0.184637180 0.206661269 -0.746754341 0.604614081
1778901929.800012589 3.549129785 -9.692142014 -0.685144935 0.182909683 0.211951297 -0.741744117 0.609455790
1778901929.900332451 3.507742815 -9.823214955 -0.690168145 0.189538608 0.204128064 -0.732667856 0.620970742
1778901930.000187397 3.468167966 -9.949601914 -0.678343266 0.194627299 0.199932861 -0.719968751 0.635446349
1778901930.100027323 3.439666958 -10.074005773 -0.674285519 0.193810312 0.214805461 -0.717621346 0.633494894
1778901930.200347424 3.407691140 -10.199337917 -0.687119771 0.190983794 0.225004196 -0.709195253 0.640265879
1778901930.300187349 3.371808034 -10.325978722 -0.710219928 0.181147687 0.219010537 -0.710745028 0.643476033
1778901930.400027275 3.335273260 -10.460363822 -0.726176357 0.171746492 0.220861188 -0.718407666 0.636878249
1778901930.500347376 3.301408604 -10.599496237 -0.713804881 0.166811858 0.229517145 -0.725233155 0.627321732
1778901930.600187302 3.264303922 -10.723682494 -0.694770405 0.168173097 0.223593866 -0.736301448 0.616103701
1778901930.700027466 3.225498585 -10.846908482 -0.697047563 0.195204110 0.223490918 -0.731394090 0.614011279
1778901930.800347328 3.186673079 -10.968875099 -0.724614164 0.199401725 0.209309580 -0.724247721 0.626014129
1778901930.900187492 3.151336247 -11.099210888 -0.751954577 0.189321654 0.207188887 -0.723142907 0.631105707
1778901931.000041723 3.107764486 -11.232789646 -0.755681905 0.196127634 0.198292212 -0.714660307 0.641463012
1778901931.100361824 3.065258809 -11.363489603 -0.743644241 0.204453693 0.191132781 -0.706441897 0.650082144
1778901931.200201750 3.030389783 -11.492886375 -0.739572429 0.210827301 0.205352900 -0.704104875 0.646233983
1778901931.300041676 2.988995522 -11.618969985 -0.753891144 0.202543877 0.207967277 -0.706663037 0.645254168
1778901931.400361776 2.942412115 -11.749777505 -0.781625332 0.192832596 0.207867396 -0.710954934 0.643544729
1778901931.500201702 2.898409142 -11.899561626 -0.800664593 0.185530360 0.217961683 -0.714371503 0.638548781
1778901931.600041628 2.859237027 -12.042175650 -0.789973109 0.176236841 0.222085453 -0.722855529 0.630157530
1778901931.700361729 2.823240001 -12.173268976 -0.773833226 0.180710104 0.230470049 -0.724737865 0.623684569
1778901931.800201654 2.791002975 -12.302121753 -0.780558684 0.198967982 0.230991339 -0.715403107 0.628691609
1778901931.900041819 2.761357001 -12.432683094 -0.805046424 0.186771120 0.224955566 -0.712611253 0.637727798
1778901932.000376225 2.733779996 -12.566986985 -0.827505028 0.172263105 0.219854648 -0.710363396 0.646044272
1778901932.100216389 2.703432962 -12.706471600 -0.823500346 0.173650008 0.218822002 -0.699715824 0.657541156
1778901932.200056314 2.683287649 -12.836071216 -0.805689467 0.180695309 0.213220883 -0.686907166 0.670853640
1778901932.300376415 2.673896201 -12.963506884 -0.799310496 0.185781323 0.219250121 -0.674400499 0.680146051
1778901932.400216341 2.658194252 -13.098828495 -0.815965423 0.171120431 0.219541677 -0.672344981 0.685909234
1778901932.500056267 2.640306825 -13.233421150 -0.849183075 0.166736261 0.216698198 -0.672019082 0.688208735
1778901932.600376368 2.628351476 -13.374093714 -0.861945816 0.163897195 0.222210480 -0.677975322 0.681255955
1778901932.700216293 2.619641401 -13.509045873 -0.849275471 0.163090482 0.223675208 -0.684026763 0.674891312
1778901932.800056219 2.609427290 -13.634567274 -0.833534960 0.172215910 0.220186110 -0.690275075 0.667368023
1778901932.900376320 2.605582654 -13.758506287 -0.837216268 0.181934159 0.216923778 -0.685263659 0.671012484
1778901933.000211716 2.606514645 -13.883640684 -0.860989038 0.167369659 0.210215909 -0.685938934 0.676228103
1778901933.100051641 2.608316560 -14.017256060 -0.883673208 0.163952642 0.205802613 -0.684385006 0.679986750
1778901933.200371742 2.610097856 -14.153373376 -0.884593786 0.176646578 0.195442868 -0.674464907 0.689706576
1778901933.300211668 2.623164927 -14.286744553 -0.868613903 0.181150046 0.189307012 -0.660597190 0.703533133
1778901933.400051594 2.637126440 -14.413591658 -0.868235518 0.171862920 0.205827333 -0.660088962 0.701698517
1778901933.500371695 2.642061250 -14.539627831 -0.881118876 0.161257994 0.202095902 -0.661278792 0.704175734
1778901933.600211620 2.642651278 -14.672008268 -0.912450000 0.153764880 0.194308936 -0.666109427 0.703490320
1778901933.700051785 2.651023442 -14.807942233 -0.933458828 0.146696914 0.199569686 -0.672861172 0.697072305
1778901933.800371647 2.656141989 -14.939034252 -0.927410629 0.150867352 0.194463767 -0.677037575 0.693572640
1778901933.900211811 2.662910488 -15.065290660 -0.925312127 0.162511342 0.207227653 -0.678293493 0.685977187
1778901934.000066280 2.671958228 -15.188762467 -0.930570752 0.168862266 0.209688293 -0.672783929 0.689114025
1778901934.100386381 2.676960004 -15.320156772 -0.960789612 0.162908959 0.207212547 -0.672281784 0.691780915
1778901934.200226307 2.679414245 -15.453751990 -0.996441008 0.165436655 0.210447284 -0.667867477 0.694475116
1778901934.300066233 2.681116457 -15.589219974 -1.010460896 0.178983948 0.211064189 -0.654905538 0.703217883
1778901934.400386333 2.680449129 -15.721571439 -0.998701343 0.173182028 0.212565678 -0.657091463 0.702178486
1778901934.500226259 2.686565644 -15.846862716 -0.988837379 0.170777316 0.220340602 -0.653759393 0.703479768
1778901934.600066185 2.686973088 -15.974808854 -0.999834459 0.162381442 0.214609307 -0.656748145 0.704455099
1778901934.700386286 2.689454044 -16.108640454 -1.034998193 0.162880042 0.208592625 -0.662185039 0.701049344
1778901934.800226212 2.700245590 -16.246639937 -1.051100834 0.170315617 0.212223046 -0.663542666 0.696896764
1778901934.900066376 2.715199999 -16.379052663 -1.037714452 0.170708999 0.216079241 -0.666414793 0.692863278
1778901935.000400782 2.724259479 -16.508236479 -1.029955269 0.175128786 0.217225155 -0.666191400 0.691615615
1778901935.100240946 2.737832262 -16.632311190 -1.034442865 0.177761311 0.215446520 -0.659077627 0.698283893
1778901935.200080872 2.747096158 -16.754691139 -1.066679169 0.170691421 0.207568376 -0.657004273 0.704361550
1778901935.300400972 2.755166311 -16.884002034 -1.096103833 0.174554147 0.204234424 -0.649769461 0.711068771
1778901935.400240898 2.760512603 -17.014535576 -1.102446955 0.177356553 0.203436681 -0.649278607 0.711052361
1778901935.500080824 2.773498618 -17.138261005 -1.088085712 0.184097215 0.206282010 -0.640409008 0.716541869
1778901935.600400925 2.789164975 -17.255630290 -1.080045833 0.177123210 0.213971778 -0.635548848 0.720361790
1778901935.700240850 2.797611798 -17.375213621 -1.098271997 0.168620492 0.220690852 -0.638977585 0.717335572
1778901935.800081015 2.808584132 -17.501650726 -1.132694188 0.165779951 0.224987216 -0.642893564 0.713151895
1778901935.900400877 2.827261508 -17.633749416 -1.147622436 0.170860907 0.228298880 -0.645781210 0.708274523
1778901936.000255585 2.845555013 -17.761008205 -1.139228273 0.167495983 0.237728030 -0.653553164 0.698783758
1778901936.100095510 2.858432237 -17.876724302 -1.125867513 0.169113279 0.227020350 -0.663005482 0.693026833
1778901936.200415373 2.878506807 -17.990928646 -1.133821853 0.186789813 0.232226437 -0.658332523 0.691215406
1778901936.300255537 2.898952090 -18.107883471 -1.157579918 0.195603143 0.214231197 -0.648902571 0.703398790
1778901936.400095463 2.912369829 -18.229807875 -1.180790200 0.194357674 0.199728598 -0.647438425 0.709335652
1778901936.500415564 2.921001080 -18.356105688 -1.181436851 0.191690829 0.183547340 -0.646805525 0.714987841
1778901936.600255489 2.939265786 -18.484498265 -1.173505661 0.192480538 0.185379892 -0.643031403 0.717701994
1778901936.700095415 2.962060739 -18.611243014 -1.176390226 0.198675866 0.202008056 -0.640544592 0.713738938
1778901936.800415516 2.980924655 -18.738578163 -1.195467602 0.195115726 0.212356595 -0.639228167 0.712896823
1778901936.900255442 2.999229243 -18.872037431 -1.224579204 0.196799952 0.209123697 -0.642080628 0.710823132
1778901937.000110388 3.025536598 -19.010512517 -1.232959306 0.201410122 0.206101344 -0.644071476 0.708610001
1778901937.100430250 3.052381502 -19.150062183 -1.218641859 0.185910841 0.212764620 -0.651445555 0.704121485
1778901937.200270414 3.069269764 -19.279899337 -1.209978208 0.182637848 0.210319744 -0.661462653 0.696330510
1778901937.300110340 3.092985533 -19.408164123 -1.222135563 0.198265429 0.218600992 -0.657208903 0.693527853
1778901937.400430441 3.112891065 -19.535477465 -1.252739644 0.195651047 0.208778406 -0.656742641 0.697725841
1778901937.500270367 3.135372352 -19.671576377 -1.287445642 0.193206633 0.210409036 -0.651662528 0.702662923
1778901937.600110292 3.151268339 -19.809016236 -1.296871250 0.199070379 0.201629436 -0.646183601 0.708634820
1778901937.700430393 3.170866918 -19.943533773 -1.290784800 0.203997999 0.207867706 -0.642109531 0.709134108
1778901937.800270319 3.196894034 -20.076198738 -1.287929193 0.205832249 0.224234945 -0.641371351 0.704268816
1778901937.900110245 3.212787278 -20.206789576 -1.300796818 0.202500312 0.226838767 -0.646253365 0.699924557
1778901938.000444889 3.230446447 -20.340457473 -1.325209700 0.195786316 0.223968858 -0.651797063 0.697614691
1778901938.100284815 3.253748243 -20.478022517 -1.334221321 0.182687584 0.218932388 -0.661710077 0.693421682
1778901938.200124979 3.279885754 -20.609566503 -1.325202319 0.170168677 0.211484943 -0.672637354 0.688386324
1778901938.300444841 3.303879966 -20.738035321 -1.319775715 0.180629172 0.227685513 -0.673911984 0.679245940
1778901938.400285006 3.327721636 -20.859821014 -1.330271937 0.189256949 0.227869524 -0.667514450 0.683141088
1778901938.500124931 3.346920468 -20.982094704 -1.357305828 0.185363987 0.211379996 -0.666723488 0.690245232
1778901938.600445032 3.365198745 -21.115678380 -1.385323608 0.189589638 0.210600177 -0.660895457 0.694924837
1778901938.700284958 3.377148206 -21.249167525 -1.389737710 0.202018278 0.205983575 -0.651623835 0.701531012
1778901938.800124884 3.385923080 -21.382484509 -1.380099742 0.204422974 0.207403279 -0.645318372 0.706228947
1778901938.900444984 3.398616590 -21.505921667 -1.382015407 0.196206496 0.221415204 -0.644054810 0.705458517
1778901939.000299692 3.404274823 -21.633331261 -1.398976988 0.189256107 0.221522732 -0.650152015 0.701720858
1778901939.100139856 3.411499461 -21.766004215 -1.430328345 0.192788181 0.218733314 -0.655308211 0.696821069
1778901939.200459719 3.417912967 -21.901889681 -1.444201952 0.187373145 0.216665380 -0.666532532 0.688245452
1778901939.300299883 3.432820512 -22.033365847 -1.436996288 0.189203263 0.206584851 -0.674697755 0.682867311
1778901939.400139809 3.460601092 -22.158643726 -1.432974349 0.204031572 0.223249055 -0.677570233 0.670395075
1778901939.500459671 3.482396340 -22.280106124 -1.450763198 0.209108974 0.221992615 -0.677442829 0.669375776
1778901939.600299835 3.500898382 -22.407299409 -1.481218389 0.200130443 0.215479873 -0.676783252 0.674893073
1778901939.700139761 3.517071855 -22.546274194 -1.504176612 0.201240075 0.212943065 -0.674880284 0.677269729
1778901939.800459862 3.530725843 -22.682737967 -1.505190863 0.210567717 0.220003261 -0.666965290 0.680012576
1778901939.900299788 3.539051551 -22.817402768 -1.492449087 0.214524814 0.222762630 -0.664444122 0.680345444
1778901940.000134945 3.547001604 -22.947678702 -1.494875947 0.213474375 0.227697800 -0.661616610 0.681796058
1778901940.100454807 3.550258422 -23.078429375 -1.519953549 0.212038413 0.226766228 -0.661534214 0.682634070
1778901940.200294971 3.551792450 -23.214922462 -1.548835241 0.212307192 0.220266839 -0.669061820 0.677321531
1778901940.300134897 3.559579462 -23.356345740 -1.556378380 0.212488438 0.224014381 -0.678025823 0.667043630
1778901940.400454998 3.570287567 -23.491952757 -1.550770483 0.221667406 0.227887784 -0.679345857 0.661377294
1778901940.500294924 3.581276013 -23.616343462 -1.552304887 0.232536689 0.233154980 -0.677084495 0.658120073
1778901940.600134850 3.593686033 -23.746681030 -1.573591626 0.233203198 0.234873855 -0.676284829 0.658095260
1778901940.700454950 3.602387208 -23.878573362 -1.599403287 0.228290788 0.225168825 -0.673935518 0.665577369
1778901940.800294876 3.607781029 -24.014858764 -1.616596672 0.223283045 0.222253481 -0.670913835 0.671284365
1778901940.900134802 3.610675473 -24.150101855 -1.610510530 0.219900362 0.226740131 -0.670690127 0.671124055
1778901941.000469208 3.614679316 -24.276417211 -1.590827197 0.218507488 0.224686693 -0.668247522 0.674696685
1778901941.100309134 3.621462846 -24.401029131 -1.586168757 0.217460756 0.230257172 -0.668192630 0.673209524
1778901941.200149298 3.622715699 -24.528319812 -1.606567948 0.213979838 0.229608568 -0.667940550 0.674794752
1778901941.300469160 3.624465189 -24.660611887 -1.630206729 0.212713099 0.224328268 -0.675689162 0.669233982
1778901941.400309324 3.632012540 -24.794312388 -1.633148597 0.208809463 0.216881864 -0.685740970 0.662661442
1778901941.500149250 3.640803305 -24.929612170 -1.614479911 0.198630130 0.207793853 -0.694926438 0.659124444
1778901941.600469351 3.650303806 -25.053288260 -1.622410893 0.205809857 0.228167076 -0.694725377 0.650337404
1778901941.700309277 3.655408370 -25.176236467 -1.637511111 0.203822310 0.216205112 -0.696269352 0.653391770
1778901941.800149202 3.657703471 -25.303798593 -1.666337917 0.192656376 0.213989758 -0.696620220 0.657124169
1778901941.900469303 3.657211179 -25.434080355 -1.681614730 0.192391850 0.206328952 -0.695028389 0.661323883
1778901942.000323772 3.654021378 -25.565815637 -1.682080317 0.203964515 0.202733707 -0.687534736 0.666778454
1778901942.100163937 3.655152272 -25.695627849 -1.671772797 0.207021787 0.209198003 -0.686467751 0.664936239
1778901942.200483799 3.661308318 -25.821210449 -1.668098031 0.202574890 0.214881097 -0.685932540 0.665045922
1778901942.300323725 3.662056301 -25.948731744 -1.687050888 0.200884943 0.205994238 -0.686412675 0.667869189
1778901942.400163889 3.663043837 -26.090573957 -1.718266302 0.206594216 0.201303904 -0.689176203 0.664704242
1778901942.500483751 3.672038267 -26.228808411 -1.722866319 0.202210849 0.205866887 -0.699447076 0.653837430
1778901942.600323915 3.685942384 -26.360398727 -1.717465309 0.204889288 0.206082186 -0.701247780 0.651000817
1778901942.700163841 3.701864432 -26.488799189 -1.723928609 0.224800492 0.224646808 -0.692889984 0.647226406
1778901942.800483942 3.712843093 -26.615850178 -1.738084055 0.214714357 0.216603031 -0.695534171 0.650548299
1778901942.900323868 3.725811477 -26.749420117 -1.767687572 0.204926366 0.212602497 -0.692213894 0.658517492
1778901943.000178099 3.733589834 -26.887352916 -1.783375904 0.209249706 0.206153247 -0.685979162 0.665693615
1778901943.100018263 3.740278424 -27.024367279 -1.778641274 0.212666754 0.211839581 -0.677416292 0.671568322
1778901943.200338125 3.746261756 -27.157218698 -1.773414429 0.211176058 0.220762247 -0.674180122 0.672420899
1778901943.300178289 3.751432142 -27.290527015 -1.778237006 0.206343194 0.224636233 -0.670931002 0.675879160
1778901943.400018215 3.743266971 -27.426625008 -1.806122038 0.206519020 0.216969835 -0.670538160 0.678713903
1778901943.500338078 3.737022620 -27.569547823 -1.833172772 0.206546033 0.217854642 -0.675833924 0.673146788
1778901943.600178242 3.729215815 -27.717581209 -1.841200384 0.209657661 0.226020575 -0.682600058 0.662582467
1778901943.700018167 3.730510092 -27.853208871 -1.834549883 0.220348904 0.226604906 -0.683121055 0.658363275
1778901943.800338268 3.738197942 -27.981786996 -1.829521893 0.230206856 0.225915805 -0.679436558 0.659039313
1778901943.900178194 3.738603268 -28.109121945 -1.841255355 0.219469774 0.211560241 -0.680343165 0.666489656
1778901944.000033379 3.734473989 -28.242708261 -1.866085607 0.207106599 0.198662342 -0.679571663 0.675146269
1778901944.100353241 3.733399663 -28.378471765 -1.875388074 0.214212822 0.193347947 -0.671317440 0.682687580
1778901944.200193167 3.728642051 -28.517556507 -1.862871494 0.215747374 0.194807898 -0.669280295 0.683788593
1778901944.300033331 3.727871036 -28.649915251 -1.854604906 0.216725893 0.210320596 -0.667668393 0.680451358
1778901944.400353193 3.722717772 -28.781811288 -1.858348049 0.205632670 0.214120375 -0.671218477 0.679215302
1778901944.500193357 3.714373907 -28.917613964 -1.881228743 0.194232918 0.206209501 -0.676594799 0.679684260
1778901944.600033283 3.715832635 -29.055839232 -1.891017169 0.188675499 0.202993660 -0.681518011 0.677294862
1778901944.700353384 3.714076699 -29.189617828 -1.890362400 0.183871986 0.205414423 -0.689036805 0.670241963
1778901944.800193310 3.719488360 -29.314283561 -1.885611690 0.191826128 0.211968852 -0.688744580 0.666260344
1778901944.900033236 3.729091091 -29.436874711 -1.891753429 0.192852082 0.209876398 -0.685604447 0.669855592
1778901945.000367880 3.735208916 -29.561578196 -1.919416792 0.183996012 0.205031503 -0.685060479 0.674388383
1778901945.100207806 3.735642573 -29.699307785 -1.951966420 0.184245792 0.202696514 -0.683959690 0.676141075
1778901945.200047970 3.736048749 -29.839712325 -1.962499643 0.196057540 0.196503582 -0.678277894 0.680357907
1778901945.300367832 3.742735408 -29.975894344 -1.950431373 0.198927223 0.194894974 -0.673703360 0.684520044
1778901945.400207758 3.750726479 -30.110246920 -1.940807378 0.194483573 0.202335630 -0.674964408 0.682392468
1778901945.500047922 3.758250585 -30.245269069 -1.954992394 0.188114085 0.199708093 -0.675870726 0.684053017
1778901945.600367785 3.764051210 -30.385116146 -1.985161682 0.192028058 0.191601984 -0.678713070 0.682467928
1778901945.700207949 3.774520981 -30.528351157 -2.000741955 0.187865897 0.187729623 -0.687443658 0.675932844
1778901945.800047874 3.793414072 -30.668901125 -1.998689105 0.189313674 0.193089611 -0.691307422 0.670052822
1778901945.900367975 3.811110384 -30.798315262 -1.994232179 0.201472498 0.201187805 -0.689609990 0.665860617
1778901946.000222206 3.820023239 -30.925177653 -1.999987809 0.202376204 0.197456740 -0.689945373 0.666355829
1778901946.100062132 3.827375636 -31.056815480 -2.024698702 0.192997012 0.187361087 -0.688861639 0.673140118
1778901946.200382233 3.835969626 -31.188598046 -2.044183310 0.191404874 0.185645075 -0.683906284 0.679096661
1778901946.300222158 3.830892738 -31.321969977 -2.040936390 0.191149660 0.180288723 -0.684263023 0.680251350
1778901946.400062323 3.825506787 -31.450600194 -2.032993664 0.193973135 0.180518806 -0.683227748 0.680431648
1778901946.500382185 3.826218806 -31.575576276 -2.036868043 0.190817245 0.189514229 -0.683701204 0.678399440
1778901946.600222111 3.822934275 -31.702746912 -2.061202091 0.186873804 0.190621639 -0.688750981 0.674065025
1778901946.700062275 3.820751514 -31.835680585 -2.089416094 0.186339140 0.186432655 -0.697216269 0.666640881
1778901946.800382137 3.821767677 -31.970534169 -2.102985671 0.181771235 0.185677403 -0.705565247 0.659288103
1778901946.900222301 3.832804404 -32.100556031 -2.099460919 0.178381421 0.192101881 -0.710707093 0.652818784
1778901947.000057459 3.846191085 -32.226033771 -2.092052297 0.186440594 0.198329610 -0.709570670 0.649934409
1778901947.100377321 3.854260741 -32.350120205 -2.099848735 0.180812986 0.192227171 -0.711432963 0.651320596
1778901947.200217247 3.858516086 -32.475904977 -2.121031784 0.172416281 0.181761030 -0.708282862 0.659977985
1778901947.300057411 3.856125214 -32.609824502 -2.137505596 0.171446956 0.177240054 -0.703011782 0.667057973
1778901947.400377274 3.849824910 -32.744641766 -2.132139212 0.172983676 0.178421030 -0.700016535 0.669491923
1778901947.500217438 3.847054634 -32.874760722 -2.119130248 0.175649805 0.181534475 -0.697441142 0.670647623
1778901947.600057364 3.844967225 -33.005338980 -2.122283483 0.173914594 0.183707995 -0.694172178 0.673891738
1778901947.700377226 3.842288215 -33.142034997 -2.145576658 0.167572374 0.183202433 -0.695623998 0.674139171
1778901947.800217390 3.838930786 -33.281639847 -2.169046731 0.165646791 0.175685840 -0.703835365 0.668065419
1778901947.900057316 3.849052083 -33.418158759 -2.172165390 0.165494122 0.174481319 -0.710221813 0.661629006
1778901948.000392199 3.859976860 -33.552786542 -2.162594718 0.164198504 0.178446721 -0.715123320 0.655586955
1778901948.100232124 3.874533715 -33.677947887 -2.172257130 0.174750352 0.191033610 -0.710073926 0.654800347
1778901948.200072289 3.883966871 -33.801260634 -2.187586596 0.168896675 0.176876320 -0.709138102 0.661295571
1778901948.300392151 3.890157285 -33.930117915 -2.212831435 0.159079047 0.170653062 -0.703835990 0.670959230
1778901948.400232077 3.885340367 -34.066469521 -2.223710714 0.154783272 0.167683095 -0.704018120 0.672519892
1778901948.500072241 3.875687542 -34.201556200 -2.221691290 0.164191894 0.168805115 -0.696672438 0.677638082
1778901948.600392103 3.868565326 -34.331481575 -2.214976441 0.168786842 0.184123513 -0.696894169 0.672270817
1778901948.700232267 3.856916777 -34.458967602 -2.219295458 0.167548624 0.186943261 -0.696604020 0.672103054
1778901948.800072193 3.846380504 -34.589906450 -2.239461868 0.160952603 0.182462086 -0.699410673 0.672031663
1778901948.900392294 3.838692938 -34.731250917 -2.256458734 0.156206534 0.177005390 -0.706013301 0.667692916
1778901949.000246763 3.841761498 -34.866836339 -2.250785653 0.156837359 0.180374144 -0.711231419 0.661072673
1778901949.100086689 3.847323127 -34.991382465 -2.235307332 0.160401607 0.176594042 -0.711438588 0.661015131
1778901949.200406790 3.852814199 -35.109367261 -2.235795902 0.169236036 0.178871632 -0.705929910 0.664098686
1778901949.300246716 3.851841915 -35.228589072 -2.256511691 0.163733416 0.172573271 -0.707498074 0.665474500
1778901949.400086880 3.844700191 -35.350285739 -2.284793412 0.158331716 0.167000300 -0.707229470 0.668482194
1778901949.500406742 3.838505093 -35.477851352 -2.300801401 0.164509365 0.164866600 -0.704433724 0.670469091
1778901949.600246668 3.828359224 -35.606121411 -2.301496438 0.171289791 0.170624713 -0.702303367 0.669564781
1778901949.700086832 3.821706713 -35.728698332 -2.300157234 0.182219556 0.180323401 -0.701851714 0.664592865
1778901949.800406694 3.821762734 -35.856750125 -2.307590868 0.178781698 0.191899336 -0.700686654 0.663513348
1778901949.900246859 3.816184439 -35.983459580 -2.329311065 0.174230096 0.183164735 -0.702012914 0.665787070
1778901950.000101328 3.818212755 -36.116038691 -2.355240262 0.178086466 0.178938245 -0.702533350 0.665366972
1778901950.100421429 3.824427939 -36.253512132 -2.357079200 0.175984478 0.191746850 -0.708335229 0.656143134
1778901950.200261354 3.830070728 -36.383237083 -2.337224397 0.170451951 0.190465451 -0.717244004 0.648251559
1778901950.300101280 3.836766582 -36.503659150 -2.337209358 0.185888143 0.193838746 -0.709391527 0.651640852
1778901950.400421381 3.840155041 -36.627403647 -2.351893499 0.181785532 0.183011714 -0.710903856 0.654275508
1778901950.500261307 3.845635757 -36.753437630 -2.383559263 0.177899469 0.178228074 -0.704321541 0.663715074
1778901950.600101471 3.837675923 -36.886842031 -2.401043691 0.178143250 0.177821256 -0.702600106 0.665580704
1778901950.700421333 3.825119866 -37.025861514 -2.393900919 0.186178025 0.182543906 -0.694044440 0.671057211
1778901950.800261259 3.806759697 -37.154332104 -2.373867904 0.183949092 0.177832041 -0.698133599 0.668691240
1778901950.900101423 3.793493164 -37.281700514 -2.374785586 0.184430636 0.181622448 -0.697090793 0.668627739
1778901951.000436306 3.778307867 -37.409228404 -2.394603822 0.173475281 0.176201259 -0.701256343 0.668654608
1778901951.100276232 3.767848106 -37.543721093 -2.416132660 0.168305124 0.171656478 -0.706834218 0.665276504
1778901951.200116158 3.760176332 -37.682201918 -2.419829562 0.168535818 0.167603686 -0.715247313 0.657210746
1778901951.300436258 3.763583935 -37.810867324 -2.410255447 0.171448562 0.172483296 -0.718307171 0.651835647
1778901951.400276184 3.763168862 -37.932777448 -2.406624874 0.180067625 0.177748369 -0.717933444 0.648500377
1778901951.500116110 3.756289332 -38.062375034 -2.424708413 0.179135718 0.168731717 -0.720248446 0.648600168
1778901951.600436211 3.752334980 -38.192108237 -2.456634274 0.171238725 0.172323537 -0.718896908 0.651282683
1778901951.700276136 3.744788507 -38.323349355 -2.466033038 0.179281565 0.162146837 -0.712662432 0.658542923
1778901951.800116301 3.734979006 -38.450664101 -2.451960534 0.185418941 0.158363599 -0.704701465 0.666285699
1778901951.900436163 3.725797207 -38.575414405 -2.448029104 0.180666354 0.169460633 -0.705723856 0.663774511
1778901952.000271320 3.719522935 -38.701395881 -2.450755558 0.177657973 0.176182960 -0.705873820 0.662675908
1778901952.100111246 3.704776657 -38.831206713 -2.471798810 0.168219807 0.169853762 -0.710949591 0.661364102
1778901952.200431347 3.692616398 -38.967739549 -2.494943671 0.168470402 0.169644513 -0.718170414 0.653505715
1778901952.300271273 3.685099435 -39.108258863 -2.504163515 0.169984705 0.179095669 -0.724099506 0.643979695
1778901952.400111437 3.687227368 -39.243759267 -2.496766222 0.173419795 0.185249717 -0.724883906 0.640430667
1778901952.500431299 3.689616849 -39.370599691 -2.496173050 0.187816900 0.187266776 -0.720081892 0.641200464
1778901952.600271463 3.684642987 -39.497528782 -2.508258157 0.185118695 0.172155363 -0.718223104 0.648266282
1778901952.700111389 3.673295080 -39.632414775 -2.533180184 0.170239251 0.170778698 -0.717327245 0.653677946
1778901952.800431252 3.653831626 -39.770922927 -2.546929540 0.171457781 0.166856449 -0.712958317 0.659129421
1778901952.900271416 3.642346271 -39.907722248 -2.535545518 0.177424204 0.174924034 -0.706086031 0.662845949
1778901953.000125408 3.627929159 -40.038300453 -2.525618798 0.178567223 0.181557763 -0.706133578 0.660701064
1778901953.100445509 3.619707226 -40.168836804 -2.526608396 0.171688876 0.180290082 -0.705405651 0.663642437
1778901953.200285435 3.603137821 -40.304395457 -2.550709703 0.158109251 0.170256180 -0.713945808 0.660526821
1778901953.300125360 3.594370227 -40.444263863 -2.576930693 0.161354043 0.169248264 -0.717551905 0.656078624
1778901953.400445461 3.580704262 -40.588527451 -2.586021430 0.158618193 0.177336523 -0.725198362 0.646126429
1778901953.500285387 3.573694136 -40.718703238 -2.584250601 0.167461418 0.182371538 -0.727128198 0.640298273
1778901953.600125551 3.573622556 -40.840982525 -2.577043974 0.178144320 0.183448852 -0.727712347 0.636432134
1778901953.700445414 3.556488761 -40.962870732 -2.591531910 0.176424723 0.164880389 -0.729356902 0.640099434
1778901953.800285339 3.541710549 -41.096831913 -2.626536901 0.174824110 0.164756413 -0.726468697 0.643843993
1778901953.900125504 3.519805230 -41.233547083 -2.634676258 0.176962146 0.152518512 -0.724596469 0.648369077
1778901954.000440598 3.502847180 -41.360760764 -2.618545750 0.187285274 0.152540201 -0.717374687 0.653474767
1778901954.100280523 3.479195638 -41.483525830 -2.604434289 0.185226412 0.158022884 -0.719532455 0.650379113
1778901954.200120687 3.461318861 -41.607635184 -2.610981146 0.171822145 0.160500673 -0.722617797 0.650030925
1778901954.300440550 3.444377493 -41.740765834 -2.636627145 0.161027703 0.158866100 -0.727498919 0.647747608
1778901954.400280476 3.436511106 -41.878983726 -2.657170974 0.157447903 0.163095123 -0.731716541 0.642807158
1778901954.500120640 3.426948661 -42.021431993 -2.657001941 0.159114045 0.180303344 -0.739184391 0.629110373
1778901954.600440502 3.420147683 -42.153901668 -2.649831621 0.170487384 0.185954967 -0.737147736 0.626871611
1778901954.700280666 3.410394794 -42.283043948 -2.654431172 0.174500027 0.188020379 -0.735030232 0.627637344
1778901954.800120592 3.398205644 -42.415073624 -2.675944359 0.175625147 0.177803677 -0.730948832 0.635023988
1778901954.900440693 3.379530911 -42.550658721 -2.704708718 0.175312361 0.174683772 -0.724048552 0.643820511
1778901955.000295401 3.357096520 -42.686925006 -2.715451879 0.182446042 0.172575711 -0.714478522 0.653032548
1778901955.100135326 3.337293414 -42.819647135 -2.707607000 0.182853447 0.174912171 -0.708387021 0.658906805
1778901955.200455427 3.324385927 -42.944980341 -2.702967924 0.181723671 0.186953047 -0.702916443 0.661765472
1778901955.300295353 3.307927142 -43.077064200 -2.714269823 0.179645801 0.186717854 -0.700270813 0.665195172
1778901955.400135517 3.295883852 -43.214752537 -2.742703358 0.176962205 0.182081474 -0.700976065 0.666455753
1778901955.500455379 3.291207955 -43.357924038 -2.760286278 0.170303986 0.185759507 -0.706791622 0.661011014
1778901955.600295305 3.295471128 -43.500122634 -2.757309831 0.179003438 0.190920681 -0.706967281 0.657042104
1778901955.700135469 3.290138989 -43.636518589 -2.747916558 0.184188885 0.196633460 -0.711126524 0.649391103
1778901955.800455332 3.286800739 -43.767363100 -2.756041378 0.186722856 0.199331502 -0.709531108 0.649589973
1778901955.900295496 3.277516610 -43.896574383 -2.778402959 0.180698408 0.185631559 -0.708747810 0.656174940
1778901956.000149965 3.271079227 -44.027419763 -2.801482195 0.179365167 0.181941099 -0.703609921 0.663067608
1778901956.100470066 3.260564237 -44.163363557 -2.803270231 0.184308631 0.196903222 -0.699291450 0.662005225
1778901956.200309992 3.247993836 -44.289533649 -2.788763366 0.179951246 0.192783427 -0.695219266 0.668672021
1778901956.300149918 3.244355139 -44.418302994 -2.787476350 0.178388653 0.198604222 -0.692381300 0.670329759
1778901956.400470018 3.235044976 -44.545898390 -2.806956472 0.173154776 0.192267423 -0.691483068 0.674464104
1778901956.500309944 3.223134281 -44.681285189 -2.836582115 0.171293954 0.187907333 -0.695793022 0.671730069
1778901956.600150108 3.207687363 -44.823773188 -2.848431241 0.161326965 0.186069135 -0.705162900 0.664903882
1778901956.700469971 3.209860237 -44.955999247 -2.840526264 0.162590907 0.184733482 -0.709423963 0.660420607
1778901956.800310135 3.214637426 -45.079442815 -2.838303785 0.181218947 0.192352183 -0.708302611 0.654574474
1778901956.900150061 3.217059448 -45.202182053 -2.848230473 0.184505221 0.174989508 -0.708500995 0.658302997
1778901957.000483990 3.214366843 -45.332770416 -2.878178825 0.178924011 0.169581731 -0.706186867 0.663723093
1778901957.100324154 3.210046325 -45.470429562 -2.901709874 0.177229974 0.166961950 -0.704952983 0.666149034
1778901957.200164080 3.205399753 -45.613121007 -2.893043729 0.183096526 0.161643382 -0.703043299 0.667890110
1778901957.300484180 3.201297243 -45.742597540 -2.866598740 0.183161336 0.156884505 -0.700065543 0.672121575
1778901957.400324106 3.196335664 -45.874622229 -2.871754586 0.175680759 0.180097431 -0.700878590 0.667435681
1778901957.500164032 3.189078732 -46.004415924 -2.893567784 0.164947040 0.171681295 -0.703027475 0.670127134
1778901957.600484133 3.181769028 -46.140415376 -2.917197924 0.162407423 0.162368952 -0.711127552 0.664498124
1778901957.700324059 3.180872234 -46.279378612 -2.925855208 0.158996665 0.165325474 -0.720084536 0.654878469
1778901957.800163984 3.184233724 -46.413563491 -2.921961332 0.162431636 0.169446349 -0.725514986 0.646940417
1778901957.900484085 3.189914448 -46.535289611 -2.928899089 0.181785066 0.183926550 -0.719728429 0.644295120
1778901958.000319719 3.194688568 -46.658699697 -2.944142462 0.185394638 0.177930037 -0.715743171 0.649370035
1778901958.100159645 3.193172828 -46.790749467 -2.974870292 0.171360199 0.171450034 -0.712223327 0.658770446
1778901958.200479746 3.185399017 -46.927436754 -2.998132683 0.175507288 0.170040710 -0.707001004 0.663651210
1778901958.300319672 3.173812496 -47.067041810 -2.995119591 0.187037978 0.179656884 -0.701117172 0.664209989
1778901958.400159836 3.164631109 -47.200131490 -2.968827588 0.175532026 0.176536966 -0.701640626 0.667625374
1778901958.500479698 3.150342990 -47.333582406 -2.967048203 0.164842751 0.187516927 -0.709316503 0.659192209
1778901958.600319862 3.140196299 -47.469672967 -2.988015067 0.165116480 0.178693039 -0.712474478 0.658168265
1778901958.700159788 3.131826666 -47.614114509 -3.021681329 0.177065638 0.173102051 -0.717927989 0.650586537
1778901958.800479650 3.130472649 -47.760007136 -3.025416482 0.174494664 0.173130161 -0.727464317 0.640603799
1778901958.900319815 3.130806313 -47.897375054 -3.013975692 0.177546572 0.179550183 -0.729267941 0.635930198
1778901959.000174284 3.129347360 -48.024856621 -3.013142174 0.185924598 0.191408810 -0.728841162 0.630543633
1778901959.100014448 3.126190880 -48.156437115 -3.027368952 0.189981506 0.189331393 -0.723922783 0.635607154
1778901959.200334311 3.116535438 -48.285116586 -3.054342468 0.178550672 0.183340943 -0.719551042 0.645563362
1778901959.300174236 3.104629114 -48.417725830 -3.078830926 0.181332090 0.184225529 -0.711751970 0.653137627
1778901959.400014400 3.092139019 -48.550299348 -3.074657139 0.187613816 0.188186922 -0.700389221 0.662451265
1778901959.500334263 3.075204397 -48.675777781 -3.050795419 0.183253393 0.180471971 -0.697219911 0.669128133
1778901959.600174427 3.058246021 -48.801497292 -3.048796640 0.182645530 0.192459321 -0.695292937 0.667957897
1778901959.700014353 3.037316017 -48.931868573 -3.065795201 0.168508303 0.192258598 -0.703687780 0.662921633
1778901959.800334454 3.022047961 -49.067868060 -3.092337717 0.172264506 0.184139915 -0.710431960 0.657041751
1778901959.900174379 3.018410229 -49.213305379 -3.097338234 0.172917715 0.189350588 -0.720735948 0.644038440
1778901960.000029087 3.027928794 -49.343014477 -3.080217274 0.171199015 0.188839245 -0.720899252 0.644464821
1778901960.100349188 3.033733081 -49.466737716 -3.085630522 0.175709462 0.200669685 -0.718969441 0.641826149
1778901960.200189114 3.030622577 -49.591764158 -3.106673115 0.181485568 0.193325248 -0.713080098 0.649003167
1778901960.300029278 3.019235356 -49.719494557 -3.137107294 0.174498984 0.189088294 -0.706365514 0.659426631
1778901960.400349140 3.002710882 -49.855357652 -3.149373419 0.171843612 0.191479093 -0.700435792 0.665729097
1778901960.500189066 2.976964676 -49.996042357 -3.141699657 0.188942848 0.195728309 -0.693872828 0.666731976
1778901960.600029230 2.956501276 -50.129014250 -3.132088054 0.197868035 0.196795000 -0.692134905 0.665634466
1778901960.700349092 2.947483668 -50.262528211 -3.138725972 0.190498697 0.204298799 -0.691002887 0.666698776
1778901960.800189257 2.938413847 -50.403552260 -3.164246963 0.181668560 0.198125748 -0.692681774 0.669279225
1778901960.900029182 2.925250167 -50.546287697 -3.189561655 0.178789895 0.199245638 -0.702384652 0.659538588
1778901961.000363827 2.927904117 -50.688746356 -3.197948519 0.187630918 0.211983503 -0.701996777 0.653496870
1778901961.100203753 2.931816462 -50.824885132 -3.185532765 0.190982954 0.213236495 -0.703780317 0.650191490
1778901961.200043678 2.934962757 -50.953632741 -3.187370656 0.197371623 0.215326618 -0.699111182 0.652627340
1778901961.300363779 2.937432856 -51.085126898 -3.204225184 0.188158755 0.205530059 -0.696461721 0.661282654
1778901961.400203705 2.924123826 -51.220625614 -3.239321059 0.188246182 0.194635140 -0.692066448 0.669122238
1778901961.500043869 2.906398404 -51.359873382 -3.254488797 0.196468884 0.192559404 -0.690104747 0.669385010
1778901961.600363731 2.898566381 -51.497661069 -3.239672240 0.202605802 0.199513047 -0.685229638 0.670526492
1778901961.700203657 2.886518177 -51.623745856 -3.231320626 0.199807413 0.205823917 -0.687223305 0.667411150
1778901961.800043821 2.881370684 -51.747437598 -3.247932552 0.203543305 0.208763182 -0.683946497 0.668734063
1778901961.900363684 2.866126548 -51.885207463 -3.280025249 0.196218458 0.208019470 -0.692527735 0.662292649
1778901962.000218630 2.857283295 -52.024607954 -3.299141527 0.201343620 0.201077127 -0.696439057 0.658787807
1778901962.100058556 2.854103663 -52.160405719 -3.293901806 0.214160986 0.202946156 -0.694546833 0.656165091
1778901962.200378656 2.833677267 -52.291104920 -3.278226128 0.214881822 0.198988974 -0.707251745 0.643447092
1778901962.300218582 2.826839599 -52.413384091 -3.282370278 0.221038902 0.205691215 -0.708344145 0.638029388
1778901962.400058508 2.820373244 -52.537402211 -3.302031351 0.218615083 0.196736636 -0.707569878 0.642531718
1778901962.500378609 2.817060749 -52.667132396 -3.328622107 0.207548830 0.191409031 -0.703708827 0.651981559
1778901962.600218534 2.812909078 -52.796681995 -3.338803622 0.203709583 0.194133794 -0.696078084 0.660522352
1778901962.700058699 2.802956244 -52.926781910 -3.321482083 0.196665619 0.194988109 -0.694254362 0.664314047
1778901962.800378561 2.796368233 -53.048883704 -3.311281672 0.202156723 0.205244953 -0.689739380 0.664279125
1778901962.900218725 2.778066041 -53.176865878 -3.312661121 0.188526621 0.208577780 -0.692474003 0.664404077
1778901963.000072956 2.760921240 -53.310538501 -3.329513972 0.176308340 0.199202246 -0.696983566 0.665918722
1778901963.100393057 2.752283760 -53.447690840 -3.345938567 0.172660346 0.196146345 -0.697186979 0.667566725
1778901963.200232983 2.741895412 -53.586351461 -3.344327152 0.175305511 0.200266738 -0.702649883 0.659882076
1778901963.300072908 2.729549333 -53.713003423 -3.338457361 0.191270921 0.199535072 -0.700722278 0.657715348
1778901963.400393009 2.716164951 -53.837949159 -3.342176240 0.193661142 0.200377786 -0.698341131 0.659290353
1778901963.500232935 2.702304204 -53.968384435 -3.363310724 0.190911018 0.194060425 -0.694892776 0.665595647
1778901963.600072861 2.682276743 -54.100246414 -3.382756171 0.178003681 0.189171969 -0.691016517 0.674555283
1778901963.700392962 2.657230109 -54.230499444 -3.387151696 0.175118732 0.186056231 -0.690054897 0.677156368
1778901963.800232887 2.637616051 -54.358627443 -3.378698662 0.178445143 0.187623446 -0.686504142 0.679460696
1778901963.900073051 2.626351437 -54.479657089 -3.369403557 0.181794692 0.199434117 -0.684204580 0.677525509
1778901964.000388384 2.616675754 -54.599469663 -3.370746353 0.170682507 0.198999334 -0.686590059 0.678130399
1778901964.100228310 2.607445745 -54.724628563 -3.388787867 0.166026162 0.189478101 -0.687730714 0.680852280
1778901964.200068235 2.603793094 -54.852435727 -3.401952388 0.163241036 0.182927858 -0.689598619 0.681427551
1778901964.300388336 2.601731340 -54.980742677 -3.398313124 0.159635786 0.190265638 -0.697611224 0.672052068
1778901964.400228262 2.602833053 -55.102597946 -3.390321501 0.172200105 0.190816387 -0.695462879 0.671019831
1778901964.500068426 2.601687310 -55.224268692 -3.397236517 0.176693441 0.193476826 -0.693641061 0.670975576
1778901964.600388288 2.601674887 -55.347224371 -3.418691902 0.173953266 0.186458284 -0.691437297 0.675934933
1778901964.700228453 2.601057321 -55.474583019 -3.448415368 0.170867286 0.188286758 -0.687546421 0.680170851
1778901964.800068378 2.597950072 -55.604371047 -3.459153885 0.170341656 0.181897241 -0.683025560 0.686566237
1778901964.900388241 2.593793935 -55.732768989 -3.452805498 0.168139191 0.180486689 -0.676951292 0.693462844
1778901965.000242949 2.598585118 -55.855695361 -3.444927733 0.168720545 0.190428650 -0.676036673 0.691552402
1778901965.100082874 2.596427976 -55.979983444 -3.450209367 0.163051614 0.199362770 -0.676315267 0.690120509
1778901965.200402975 2.591245944 -56.108991936 -3.472132199 0.164567574 0.187509919 -0.677118573 0.692291833
1778901965.300242901 2.590374102 -56.245412374 -3.496944477 0.171319611 0.184166943 -0.678043673 0.690643834
1778901965.400082827 2.595957569 -56.388417313 -3.496922684 0.174546971 0.194212891 -0.685213272 0.679924613
1778901965.500402927 2.599170535 -56.518803838 -3.485565314 0.178301973 0.192678451 -0.687274985 0.677300905
1778901965.600242853 2.599696057 -56.645121260 -3.492047408 0.185856158 0.189866449 -0.686274413 0.677078762
1778901965.700083017 2.604076817 -56.775241403 -3.518278471 0.188916316 0.183483409 -0.682114140 0.682176491
1778901965.800402880 2.602463094 -56.910911398 -3.545923461 0.188585205 0.182141886 -0.678297430 0.686420097
1778901965.900243044 2.594233737 -57.049850619 -3.555401612 0.185733080 0.181014846 -0.675745186 0.690003835
1778901966.000097752 2.587959449 -57.181800293 -3.544599866 0.184969599 0.180385350 -0.674231693 0.691851861
1778901966.100417852 2.588367184 -57.305525238 -3.537471297 0.189263473 0.184711563 -0.672665594 0.691073060
1778901966.200257778 2.584601668 -57.432112721 -3.545826595 0.181016663 0.185681815 -0.673795592 0.691921044
1778901966.300097704 2.583324977 -57.561712418 -3.570764478 0.178320349 0.177660286 -0.677544791 0.691065650
1778901966.400417805 2.587801017 -57.698825953 -3.591080206 0.175287918 0.172990006 -0.681974556 0.688664874
1778901966.500257730 2.600490737 -57.828259827 -3.590396885 0.172711067 0.180443999 -0.686358616 0.683024671
1778901966.600097895 2.613901554 -57.950302085 -3.575180894 0.178391577 0.186351795 -0.687816841 0.678496461
1778901966.700417757 2.620551455 -58.070040620 -3.577009542 0.183405400 0.187338503 -0.685639277 0.679091692
1778901966.800257683 2.623830966 -58.190540420 -3.594530283 0.178564765 0.176105672 -0.682822904 0.686188239
1778901966.900097847 2.623971935 -58.315769749 -3.619428353 0.170168783 0.179967203 -0.680873978 0.689249604
1778901967.000432014 2.620234547 -58.444224567 -3.625341670 0.170534435 0.177941930 -0.678008830 0.692501771
1778901967.100272179 2.615334445 -58.572555797 -3.615373218 0.170733162 0.175829015 -0.673174272 0.697689576
1778901967.200112104 2.613373710 -58.693075254 -3.614419531 0.170933007 0.186435795 -0.671925580 0.696088799
1778901967.300432205 2.611545265 -58.817413315 -3.624019548 0.165428605 0.189803929 -0.673420373 0.695063196
1778901967.400272131 2.606651117 -58.956661665 -3.648673830 0.166436941 0.180687120 -0.676160464 0.694591920
1778901967.500112057 2.604773858 -59.093092967 -3.667917015 0.169046557 0.178104739 -0.679951867 0.690917812
1778901967.600432158 2.606379648 -59.229408273 -3.672210574 0.172282929 0.191754735 -0.684910894 0.681502591
1778901967.700272083 2.606668823 -59.357254892 -3.658990115 0.177992023 0.188448374 -0.689219786 0.676595992
1778901967.800112009 2.609220839 -59.481586048 -3.662615743 0.185690370 0.194548343 -0.689988756 0.672001150
1778901967.900432110 2.614792619 -59.609468754 -3.676967077 0.181411744 0.184980579 -0.690566240 0.675270488
1778901968.000286818 2.618127603 -59.739017311 -3.697529999 0.171921677 0.178009437 -0.687795879 0.682416593
1778901968.100126743 2.613864011 -59.867363743 -3.708648076 0.171189354 0.178586338 -0.683773087 0.686480510
1778901968.200446606 2.605139181 -59.992890340 -3.704735253 0.177875633 0.183042032 -0.678982510 0.688359372
1778901968.300286770 2.591864916 -60.121964082 -3.700211199 0.187910710 0.190116489 -0.676291292 0.686422154
1778901968.400126696 2.576644119 -60.248546252 -3.707340487 0.176873775 0.192014230 -0.681667070 0.683502896
1778901968.500446796 2.561081797 -60.380648892 -3.728950444 0.171734745 0.188725932 -0.686886716 0.680497126
1778901968.600286722 2.553376414 -60.513662865 -3.741546751 0.167266597 0.181236502 -0.691289245 0.679186570
1778901968.700126648 2.550978902 -60.644564275 -3.745482990 0.167161281 0.188874704 -0.697754474 0.670464127
1778901968.800446749 2.548975778 -60.767946741 -3.740438152 0.173877323 0.192969263 -0.699675638 0.665570087
1778901968.900286674 2.551727721 -60.892367357 -3.740413600 0.177459997 0.193440691 -0.699066146 0.665127937
1778901969.000122070 2.550605516 -61.016365096 -3.761930696 0.175718790 0.181478673 -0.697668672 0.670407952
1778901969.100442171 2.543928114 -61.153122617 -3.789369448 0.176721902 0.176569661 -0.693937880 0.675309368
1778901969.200282097 2.534542530 -61.286011698 -3.792910069 0.178945739 0.172536877 -0.688015856 0.681794419
1778901969.300122023 2.528435447 -61.415215956 -3.777862991 0.177404195 0.168563701 -0.685077669 0.686136006
1778901969.400442123 2.527394230 -61.538650919 -3.774580559 0.182510228 0.179389530 -0.681336771 0.685776653
1778901969.500282049 2.523474333 -61.667051837 -3.789362379 0.176997426 0.181889824 -0.682205842 0.685699054
1778901969.600122213 2.517491272 -61.802999518 -3.823620446 0.179331783 0.180637081 -0.684099651 0.683533484
1778901969.700442076 2.520944890 -61.942852663 -3.836903719 0.173562561 0.177547918 -0.689693142 0.680203017
1778901969.800282001 2.530614764 -62.082524894 -3.831195298 0.168176050 0.185700285 -0.693786964 0.675197651
1778901969.900122166 2.534468060 -62.217099535 -3.828207544 0.177239445 0.195909147 -0.693829986 0.669929650
1778901970.000456810 2.537751276 -62.346547558 -3.831876029 0.185197594 0.188137308 -0.692065734 0.671826781
1778901970.100296736 2.532564531 -62.476205415 -3.857657848 0.181451671 0.175123834 -0.689311715 0.679158519
1778901970.200136662 2.519630445 -62.614667977 -3.888841792 0.181391821 0.174067703 -0.686596695 0.682189432
1778901970.300456762 2.500435155 -62.753937700 -3.896860905 0.187726149 0.175237572 -0.683603797 0.683181187
1778901970.400296688 2.494911538 -62.889785182 -3.879282080 0.191947560 0.174600870 -0.680944127 0.684825355
1778901970.500136614 2.492383544 -63.018816486 -3.875831359 0.192557891 0.188423501 -0.680609029 0.681314460
1778901970.600456715 2.491116096 -63.151476856 -3.891335206 0.186121883 0.189484252 -0.683076599 0.680338683
1778901970.700296640 2.488015107 -63.290409466 -3.918513028 0.180412381 0.181342580 -0.689642943 0.677465019
1778901970.800136805 2.493143721 -63.435765833 -3.930938806 0.176077541 0.177921250 -0.697987149 0.670935666
1778901970.900456667 2.504519665 -63.576581581 -3.920927665 0.176522586 0.181247227 -0.702098588 0.665617602
1778901971.000311375 2.501847711 -63.704426085 -3.914193916 0.186420426 0.185313350 -0.703596669 0.660195512
1778901971.100151300 2.496524909 -63.832717579 -3.921307192 0.183738943 0.183811032 -0.706896174 0.657838358
1778901971.200471640 2.487782685 -63.963011766 -3.951587470 0.178744988 0.179511194 -0.704960106 0.662462987
1778901971.300311565 2.475001729 -64.099012864 -3.980980488 0.182053085 0.178733319 -0.698359415 0.668734030
1778901971.400151491 2.466340884 -64.234937756 -3.978795937 0.189002810 0.185569341 -0.689579476 0.674034200
1778901971.500471354 2.450508771 -64.363266499 -3.960323852 0.186242737 0.181995257 -0.685880179 0.679529064
1778901971.600311279 2.442786097 -64.486034947 -3.957013024 0.180819908 0.195540294 -0.686290640 0.676811135
1778901971.700151205 2.433301794 -64.617174917 -3.979315723 0.179987950 0.196141269 -0.689616690 0.673469941
1778901971.800471544 2.420481685 -64.751425772 -4.012721350 0.183820005 0.194206343 -0.696559872 0.665806614
1778901971.900311470 2.417948738 -64.890241137 -4.028865311 0.182001367 0.193407172 -0.704102073 0.658566200
1778901972.000166416 2.428343870 -65.027551304 -4.027631632 0.186904521 0.201274924 -0.703748128 0.655205065
1778901972.100486517 2.433065651 -65.155332959 -4.023078884 0.199763234 0.210800918 -0.698487980 0.654042938
1778901972.200326443 2.427714344 -65.285030841 -4.032210469 0.205477618 0.202500602 -0.697121173 0.656349392
1778901972.300166368 2.417134905 -65.421188550 -4.062135805 0.201185715 0.196941308 -0.695091985 0.661502503
1778901972.400486469 2.404968748 -65.562915189 -4.085772008 0.199237553 0.193828636 -0.690903649 0.667373212
1778901972.500326395 2.396134764 -65.705246239 -4.084936429 0.206002050 0.201101282 -0.684665287 0.669593066
1778901972.600166321 2.384902216 -65.839688356 -4.070807672 0.213758887 0.200080214 -0.682854840 0.669316303
1778901972.700486422 2.381246731 -65.971978962 -4.069189705 0.203915982 0.207073327 -0.682962532 0.670150050
1778901972.800326347 2.378238449 -66.108357942 -4.091884592 0.198636746 0.207777339 -0.685617591 0.668805307
1778901972.900166512 2.374279151 -66.252116120 -4.123084431 0.201664793 0.203185643 -0.687793229 0.667073743
1778901973.000020504 2.374604996 -66.399685395 -4.137862056 0.200626386 0.206809282 -0.693773655 0.660043248
1778901973.100340366 2.377301689 -66.539146722 -4.133239019 0.209357126 0.210078218 -0.693117122 0.656982033
1778901973.200180531 2.382098056 -66.667902603 -4.128073505 0.223805426 0.215624811 -0.689535669 0.654184709
1778901973.300020456 2.383000398 -66.797143370 -4.135631230 0.219271323 0.207181329 -0.690210222 0.657727781
1778901973.400340557 2.378961985 -66.930782852 -4.163351130 0.209074109 0.199766013 -0.689236958 0.664329717
1778901973.500180483 2.375388464 -67.068718177 -4.187026180 0.212122297 0.197504401 -0.685626631 0.667766625
1778901973.600020409 2.364580216 -67.209137881 -4.183356535 0.220773923 0.203144151 -0.682153435 0.666826829
1778901973.700340509 2.357549799 -67.343742706 -4.168838633 0.221196757 0.207129101 -0.683071005 0.664517518
1778901973.800180435 2.355346390 -67.474999176 -4.169876362 0.216265262 0.214194022 -0.683554758 0.663402705
1778901973.900020361 2.357125455 -67.611219128 -4.189086313 0.211923655 0.205773232 -0.683354626 0.667661738
1778901974.000355005 2.355016360 -67.756036450 -4.209483637 0.208279769 0.194982671 -0.688301777 0.666964736
1778901974.100195169 2.364986051 -67.903630556 -4.219032673 0.207731340 0.204610424 -0.695137955 0.657088646
1778901974.200035095 2.367756520 -68.043825705 -4.212581192 0.209619091 0.210818479 -0.697938169 0.651534894
1778901974.300354958 2.366378421 -68.176388812 -4.211696492 0.214781050 0.211623180 -0.697035027 0.650558915
1778901974.400195122 2.365005024 -68.311309991 -4.228957226 0.215857636 0.197430188 -0.697459103 0.654199970
1778901974.500035048 2.355361793 -68.449484787 -4.257809422 0.205685435 0.191274747 -0.695790683 0.661046744
1778901974.600355148 2.341874475 -68.592213491 -4.269371618 0.207260728 0.192740900 -0.692317926 0.663769407
1778901974.700195074 2.327580009 -68.735088055 -4.261345886 0.222920674 0.186985972 -0.685604901 0.667299437
1778901974.800035000 2.321080710 -68.867142552 -4.257833637 0.227387858 0.195624315 -0.682472011 0.666526702
1778901974.900355101 2.316671401 -69.002458350 -4.267716341 0.216152088 0.201968934 -0.687637915 0.663054238
1778901975.000190258 2.314455643 -69.141994490 -4.289939165 0.214276050 0.193541849 -0.687997430 0.665797915
1778901975.100030184 2.316185378 -69.288335761 -4.309058222 0.209129623 0.191472728 -0.692286847 0.663582637
1778901975.200350285 2.324415594 -69.433956562 -4.311281883 0.211720489 0.199631932 -0.694914653 0.657582810
1778901975.300190210 2.331340396 -69.568395091 -4.299853669 0.220055241 0.203486823 -0.698094728 0.650255762
1778901975.400030136 2.331095298 -69.697838223 -4.302925992 0.225380337 0.206167539 -0.698592278 0.647045190
1778901975.500350237 2.330294452 -69.830320813 -4.323081037 0.219570400 0.196112468 -0.699040371 0.651668090
1778901975.600190163 2.327267966 -69.964912494 -4.350328906 0.217341091 0.196523694 -0.694729587 0.656880574
1778901975.700030327 2.320708610 -70.111712558 -4.356356868 0.215577408 0.198740333 -0.691751005 0.659931215
1778901975.800350189 2.309086143 -70.245531748 -4.345957115 0.216411398 0.195896169 -0.689237549 0.663130755
1778901975.900190115 2.302817163 -70.373154984 -4.347765753 0.221957936 0.207240192 -0.686789295 0.660383708
1778901976.000045061 2.292519454 -70.504798000 -4.358669619 0.209121740 0.209949759 -0.691328685 0.658979397
1778901976.100365162 2.283855809 -70.641021332 -4.379262054 0.202690494 0.193088724 -0.696801825 0.660379077
1778901976.200205088 2.280161664 -70.777890439 -4.395706580 0.200513847 0.191630739 -0.700561616 0.657484053
1778901976.300045013 2.276387829 -70.912197487 -4.394205312 0.203752819 0.197433413 -0.701925741 0.653303215
1778901976.400365114 2.274175004 -71.037853883 -4.382976346 0.210511417 0.200102304 -0.702962082 0.649221320
1778901976.500205040 2.272826968 -71.164753347 -4.386766765 0.216881104 0.198440282 -0.700430592 0.650369915
1778901976.600044966 2.269625873 -71.301422561 -4.408353443 0.203224703 0.188492770 -0.700575127 0.657544438
1778901976.700365067 2.263377650 -71.443228333 -4.432664443 0.200881788 0.182358045 -0.699332763 0.661306085
1778901976.800204992 2.253356624 -71.590971868 -4.440544641 0.213641388 0.183184354 -0.691128205 0.665689608
1778901976.900045156 2.248289140 -71.733254332 -4.426926780 0.218399980 0.187475077 -0.688688247 0.665479558
1778901977.000379562 2.247595198 -71.868600079 -4.425787462 0.219999112 0.200195866 -0.685352554 0.664690817
1778901977.100219727 2.245193833 -72.008913014 -4.440392439 0.212181559 0.199802782 -0.685137408 0.667566151
1778901977.200059652 2.242863957 -72.157752368 -4.464578874 0.206387255 0.192042620 -0.691375387 0.665224780
1778901977.300379753 2.242556533 -72.309919409 -4.483661551 0.201998305 0.199174128 -0.699136047 0.656304151
1778901977.400219679 2.247751877 -72.454871807 -4.482974850 0.207628979 0.205578397 -0.701248434 0.650290984
1778901977.500059605 2.247791663 -72.594981934 -4.483284261 0.222030253 0.219798788 -0.701330422 0.640723574
1778901977.600379705 2.246529251 -72.725259698 -4.483739807 0.221857464 0.209045721 -0.701015095 0.644714656
1778901977.700219631 2.240785483 -72.855673722 -4.504107787 0.207322495 0.193711460 -0.698643223 0.656803547
1778901977.800059557 2.230347372 -72.988983864 -4.529046341 0.205620621 0.187547818 -0.693374131 0.664664043
1778901977.900379658 2.215704889 -73.122447581 -4.536727497 0.219711982 0.193502855 -0.687749311 0.664292236
1778901978.000234127 2.207520920 -73.245926484 -4.519923848 0.223591963 0.189642832 -0.687207428 0.664671484
1778901978.100074291 2.209152092 -73.368857396 -4.509414059 0.211395066 0.196726678 -0.689167834 0.664573876
1778901978.200394154 2.209899996 -73.496055383 -4.523586473 0.198977908 0.190272414 -0.692542708 0.666774923
1778901978.300234318 2.209105326 -73.638361059 -4.551114549 0.195671495 0.181637140 -0.696582938 0.665952570
1778901978.400074244 2.218464137 -73.778989899 -4.565604525 0.191806883 0.185070881 -0.703632773 0.658680355
1778901978.500394344 2.228471235 -73.914536348 -4.559310507 0.192669916 0.185505340 -0.706757001 0.654950849
1778901978.600234270 2.223896249 -74.039525914 -4.554379510 0.204383736 0.189253376 -0.701617068 0.655853595
1778901978.700074196 2.219140451 -74.165971595 -4.560793274 0.197645753 0.184271636 -0.703006043 0.657846961
1778901978.800394297 2.210770006 -74.293961046 -4.581373490 0.183684082 0.171636065 -0.696837596 0.671728058
1778901978.900234222 2.194250637 -74.427399407 -4.595407406 0.179149218 0.162789867 -0.692021406 0.680081900
1778901979.000089169 2.173209772 -74.558550290 -4.591343753 0.184487361 0.162987175 -0.681404285 0.689266128
1778901979.100409031 2.148904619 -74.689958325 -4.580919752 0.178518163 0.169328551 -0.687698746 0.683029679
1778901979.200249195 2.140837190 -74.815535276 -4.574238074 0.176821575 0.179040428 -0.686443129 0.682256907
1778901979.300089121 2.125932429 -74.947433835 -4.588460608 0.167791202 0.172998914 -0.692916272 0.679547296
1778901979.400408983 2.107571102 -75.086198235 -4.615436746 0.166918448 0.168710915 -0.699735730 0.673828440
1778901979.500249147 2.103666894 -75.227374341 -4.623075897 0.160150173 0.171449336 -0.706575390 0.667613860
1778901979.600089073 2.107088387 -75.361275243 -4.604506399 0.160570692 0.164413491 -0.711156593 0.664410684
1778901979.700409174 2.094039981 -75.487483292 -4.602756689 0.162875351 0.181342796 -0.714633150 0.655656824
1778901979.800249100 2.077776987 -75.615045071 -4.609426142 0.168014037 0.168989664 -0.713292822 0.659110861
1778901979.900089025 2.063568946 -75.742945503 -4.641039171 0.166013950 0.162700526 -0.705524557 0.669479653
1778901980.000423908 2.040879809 -75.878323060 -4.659910753 0.164854486 0.164587403 -0.702545293 0.672431481
1778901980.100263834 2.026778388 -76.007465282 -4.653166424 0.170488625 0.165816393 -0.692428558 0.681161688
1778901980.200103998 2.010223791 -76.133186412 -4.647159285 0.172652237 0.176535552 -0.691334883 0.679030546
1778901980.300423861 2.004309941 -76.257746796 -4.653549258 0.178256023 0.185628785 -0.687015402 0.679541450
1778901980.400264025 1.998290994 -76.387909311 -4.672985303 0.173370927 0.183913787 -0.689957289 0.678289894
1778901980.500103951 1.995779999 -76.521610515 -4.696059252 0.175880009 0.178988475 -0.690909094 0.677992605
1778901980.600424051 1.994346506 -76.657723148 -4.700076289 0.171441928 0.180174572 -0.698316574 0.671192037
1778901980.700263977 1.996225475 -76.786625657 -4.691562193 0.174850057 0.177929840 -0.700157346 0.668990374
1778901980.800103903 2.000673683 -76.911449969 -4.690529117 0.186747121 0.182901361 -0.698712750 0.665937758
1778901980.900424004 2.002291402 -77.037926447 -4.702263638 0.184773667 0.168874801 -0.699958088 0.668878665
1778901981.000278711 2.005553717 -77.171152290 -4.733174454 0.173051378 0.166982097 -0.697038592 0.675505293
1778901981.100118876 2.008001687 -77.309190032 -4.752021092 0.177428445 0.167497833 -0.691557513 0.679861624
1778901981.200438738 2.015617578 -77.444188357 -4.745462475 0.188001094 0.165203012 -0.680612784 0.688570833
1778901981.300278902 2.016467257 -77.574946127 -4.734333966 0.189510142 0.171431029 -0.682446826 0.684809198
1778901981.400118828 2.015312706 -77.708068574 -4.740226198 0.185838180 0.176231732 -0.682511622 0.684532273
1778901981.500438690 2.010294012 -77.844787513 -4.765108140 0.178337936 0.170909808 -0.688484795 0.681890097
1778901981.600278854 2.008525660 -77.987635252 -4.790298095 0.178389163 0.171812825 -0.694002455 0.676031251
1778901981.700118780 2.010575446 -78.133114030 -4.793623784 0.187301593 0.179793354 -0.697843245 0.667538215
1778901981.800438881 2.008512463 -78.267355275 -4.782387168 0.193629132 0.179967599 -0.698942432 0.664529081
1778901981.900278807 2.005278695 -78.396705949 -4.776279517 0.191169890 0.179178236 -0.702119922 0.662100330
1778901982.000133514 2.000642716 -78.527648347 -4.792087555 0.185665168 0.165833335 -0.700749097 0.668564472
1778901982.100453615 1.989023445 -78.659155031 -4.819518288 0.177525471 0.158782936 -0.697051178 0.676307875
1778901982.200293541 1.971632013 -78.792791017 -4.833129207 0.179916332 0.156737172 -0.693920785 0.679365525
1778901982.300133705 1.954760530 -78.923553294 -4.828277191 0.182613599 0.161896332 -0.690848719 0.680565866
1778901982.400453568 1.952247260 -79.048886332 -4.818760754 0.185870292 0.176193001 -0.689775934 0.677212981
1778901982.500293732 1.951251794 -79.174445770 -4.823809730 0.178310128 0.183391762 -0.694487375 0.672502971
1778901982.600133657 1.948375836 -79.304833066 -4.844667508 0.180514335 0.181017645 -0.698723049 0.668156635
1778901982.700453520 1.953073284 -79.439790375 -4.856227025 0.173842310 0.175079670 -0.707279791 0.662481138
1778901982.800293684 1.969843683 -79.579978503 -4.857696091 0.178684880 0.185291290 -0.708757652 0.656811572
1778901982.900133610 1.978915340 -79.716977385 -4.850068021 0.180614795 0.188059713 -0.711861034 0.652123998
1778901983.000467777 1.979717092 -79.847071183 -4.858224841 0.186276161 0.189831085 -0.708908557 0.653233503
1778901983.100307703 1.974618950 -79.981712060 -4.878335875 0.184244844 0.177053746 -0.706680137 0.659779503
1778901983.200147629 1.963185523 -80.120949029 -4.906895412 0.182195034 0.178381640 -0.704320927 0.662508107
1778901983.300467730 1.941424700 -80.260838012 -4.917320044 0.182277289 0.177770403 -0.703288272 0.663745645
1778901983.400307655 1.926349854 -80.392379721 -4.911571873 0.183051107 0.180835669 -0.701610603 0.664479732
1778901983.500147820 1.922025774 -80.516920026 -4.910272787 0.188657785 0.192429153 -0.697395416 0.664092535
1778901983.600467682 1.918542609 -80.641198680 -4.918893214 0.184820720 0.192022824 -0.698436558 0.664194934
1778901983.700307608 1.913462641 -80.769385491 -4.940894911 0.180352216 0.184983349 -0.701847191 0.663825850
1778901983.800147772 1.913870413 -80.899681811 -4.963020016 0.177416471 0.184958795 -0.705198820 0.661066006
1778901983.900467634 1.924154589 -81.033793006 -4.967747395 0.183655676 0.196548790 -0.704261136 0.657004884
1778901984.000302792 1.931701410 -81.154187075 -4.954259059 0.186653962 0.198305628 -0.707004065 0.652671762
1778901984.100142956 1.933751758 -81.273175401 -4.954643598 0.188777291 0.196396549 -0.704588428 0.655245509
1778901984.200462818 1.931324547 -81.396537272 -4.977404157 0.192497023 0.187574696 -0.700305351 0.661311609
1778901984.300302744 1.919871299 -81.524389872 -5.009936953 0.194557301 0.185527894 -0.691323709 0.670670102
1778901984.400142908 1.907641538 -81.658927212 -5.021498024 0.197426873 0.195111865 -0.684633122 0.673966971
1778901984.500462770 1.891358122 -81.788924405 -5.011595707 0.193784882 0.201629737 -0.683144487 0.674615801
1778901984.600302935 1.883063169 -81.915225588 -5.005980615 0.203091222 0.208202620 -0.678727834 0.674339790
1778901984.700142860 1.874141713 -82.042971784 -5.013036838 0.196301746 0.208201676 -0.679031414 0.676042916
1778901984.800462961 1.861071398 -82.178865079 -5.036339106 0.189041433 0.201218107 -0.684896231 0.674308359
1778901984.900302887 1.850007062 -82.324328022 -5.057496211 0.190720760 0.196772439 -0.686466736 0.673550012
1778901985.000138044 1.843985694 -82.462515746 -5.063585463 0.196945728 0.211514224 -0.687367992 0.666332767
1778901985.100457907 1.843181146 -82.592592348 -5.045539406 0.198464824 0.206636688 -0.694738569 0.659735790
1778901985.200298071 1.844111029 -82.721028387 -5.046163987 0.198455079 0.206333083 -0.695214505 0.659332262
1778901985.300137997 1.844812818 -82.852400269 -5.066870953 0.186820548 0.198341091 -0.695143475 0.665232624
1778901985.400458097 1.842512569 -82.986912413 -5.094162999 0.174337866 0.195477505 -0.693295271 0.671369139
1778901985.500298023 1.836837788 -83.129364081 -5.096980695 0.168834332 0.196372319 -0.693938966 0.671849382
1778901985.600137949 1.835588696 -83.268669310 -5.083125497 0.182221926 0.191573884 -0.687968226 0.675865620
1778901985.700458050 1.830721905 -83.399631065 -5.083977964 0.193707532 0.199247221 -0.682246571 0.676252581
1778901985.800297976 1.828041805 -83.541957864 -5.099202788 0.183790222 0.200145311 -0.683522593 0.677465773
1778901985.900137901 1.826487466 -83.684315270 -5.125092364 0.180672797 0.193863642 -0.688666369 0.674916929
1778901986.000472546 1.824308689 -83.823125706 -5.141627233 0.181186221 0.192492322 -0.694454839 0.669216508
1778901986.100312471 1.827913710 -83.959214984 -5.138685698 0.182120025 0.191713622 -0.698014313 0.665472917
1778901986.200152636 1.831443810 -84.085728129 -5.140001774 0.201335571 0.206257998 -0.696394687 0.657233647
1778901986.300472498 1.841370950 -84.211695702 -5.141935836 0.202439868 0.201369962 -0.697672352 0.657055193
1778901986.400312662 1.849569421 -84.339432512 -5.170876576 0.199510530 0.198524503 -0.696722336 0.659819337
1778901986.500152588 1.853814040 -84.473801036 -5.199570911 0.202030493 0.195664578 -0.692300106 0.664544668
1778901986.600472689 1.853683328 -84.618227230 -5.205379124 0.208633591 0.199995843 -0.687829246 0.665856302
1778901986.700312614 1.854719434 -84.749417875 -5.189513909 0.210285671 0.193259777 -0.688722956 0.666401745
1778901986.800152540 1.853491785 -84.879283666 -5.191217437 0.212584319 0.209694758 -0.687930282 0.661504303
1778901986.900472641 1.853639545 -85.014449739 -5.208177749 0.205078150 0.206649651 -0.691504798 0.661105127
1778901987.000327349 1.854904505 -85.157315604 -5.236284115 0.198320836 0.196967965 -0.700298774 0.656851652
1778901987.100167513 1.859572625 -85.302801340 -5.252536378 0.201301962 0.199382414 -0.703368394 0.651917997
1778901987.200487375 1.865311209 -85.445576160 -5.245533248 0.211162606 0.202966478 -0.700940640 0.650305452
1778901987.300327539 1.862618848 -85.581222947 -5.242636842 0.217985265 0.213673673 -0.704885273 0.640283326
1778901987.400167465 1.861434739 -85.718370294 -5.252211481 0.216783204 0.211787714 -0.704314789 0.641943677
1778901987.500487328 1.853071673 -85.860724589 -5.285255141 0.210344235 0.206030421 -0.700382279 0.650208760
1778901987.600327492 1.839897564 -86.003919496 -5.306342820 0.207946989 0.201426156 -0.696035826 0.657053790
1778901987.700167418 1.825712531 -86.147608264 -5.306398607 0.214539908 0.216163665 -0.691726182 0.654798279
1778901987.800487518 1.815339580 -86.281770933 -5.292993046 0.216626793 0.218467571 -0.690267543 0.654885847
1778901987.900327444 1.812727141 -86.415638887 -5.286756889 0.202662607 0.225962702 -0.695200080 0.651586965
1778901988.000182390 1.791199546 -86.552610972 -5.308949065 0.190720837 0.213742449 -0.703681048 0.650209744
1778901988.100022316 1.778638781 -86.691367311 -5.342887677 0.194206110 0.217701354 -0.699975279 0.651862498
1778901988.200342178 1.762802300 -86.834360231 -5.348601241 0.199501605 0.221016475 -0.706067282 0.642510560
1778901988.300182343 1.763364236 -86.971100526 -5.334775816 0.199302518 0.225278160 -0.714265997 0.631943306
1778901988.400022268 1.759979539 -87.103409134 -5.330636525 0.205006671 0.222993798 -0.711518114 0.634025240
1778901988.500342369 1.754737519 -87.237411882 -5.346156311 0.192433390 0.211009032 -0.715466575 0.637614429
1778901988.600182295 1.744572438 -87.371355554 -5.380180243 0.184726466 0.210184381 -0.706556171 0.649982336
1778901988.700022221 1.730619094 -87.511638107 -5.396229627 0.187272793 0.209759123 -0.701748810 0.654582783
1778901988.800342321 1.718204208 -87.646297363 -5.384175769 0.190429578 0.214899688 -0.700799494 0.653019731
1778901988.900182247 1.716223559 -87.771914134 -5.370109956 0.195235976 0.221077965 -0.694146564 0.656633836
1778901989.000036955 1.713474788 -87.899313477 -5.375129545 0.184593495 0.224354155 -0.693933777 0.658821955
1778901989.100356817 1.712002741 -88.032727609 -5.401794614 0.183604139 0.217177553 -0.694717599 0.660674571
1778901989.200196981 1.712421301 -88.175086622 -5.428501401 0.184822642 0.223261385 -0.697332295 0.655532315
1778901989.300036907 1.711470137 -88.323832536 -5.432729179 0.196402384 0.238270091 -0.697603719 0.646531143
1778901989.400356770 1.699803441 -88.457074044 -5.417717621 0.203816051 0.234847201 -0.701865928 0.640851019
1778901989.500196934 1.690524129 -88.585174539 -5.416011201 0.203391123 0.228891894 -0.700952795 0.644131765
1778901989.600036860 1.683155594 -88.718820676 -5.439881518 0.196835997 0.221950169 -0.698621240 0.651092986
1778901989.700356960 1.669858473 -88.859807105 -5.473073729 0.191829580 0.225507332 -0.694364585 0.655900663
1778901989.800196886 1.652791728 -89.003246537 -5.486398214 0.208950035 0.226409282 -0.687967569 0.657099189
1778901989.900036812 1.636090178 -89.140091590 -5.475993377 0.205119403 0.224403878 -0.692202965 0.654541049
1778901990.000371456 1.634130106 -89.267467399 -5.470150397 0.210343246 0.227909344 -0.688630519 0.655439591
1778901990.100211382 1.632739418 -89.398491811 -5.481821028 0.196286546 0.236073038 -0.690679554 0.654754050
1778901990.200051546 1.630846903 -89.537288536 -5.507009862 0.197990298 0.229011719 -0.693929004 0.653311573
1778901990.300371408 1.636139796 -89.679029242 -5.527642385 0.197396485 0.229979873 -0.697065234 0.649803004
1778901990.400211573 1.651302887 -89.818041585 -5.527864133 0.202486361 0.239863106 -0.691816724 0.650272700
1778901990.500051498 1.652683603 -89.951170712 -5.516724565 0.210896898 0.236283428 -0.692826313 0.647830488
1778901990.600371361 1.646043401 -90.085651290 -5.523676414 0.212283392 0.244640980 -0.691274940 0.645929957
1778901990.700211525 1.641658048 -90.220477210 -5.544203593 0.209054248 0.236395008 -0.686189912 0.655406078
1778901990.800051451 1.631942470 -90.358387307 -5.568981654 0.203678208 0.231450433 -0.683075233 0.662083160
1778901990.900371552 1.610917765 -90.495233327 -5.578467536 0.211335888 0.232209746 -0.675629149 0.667039001
1778901991.000226498 1.593625968 -90.626504454 -5.565228240 0.213010298 0.236836834 -0.681151891 0.659216981
1778901991.100066662 1.584910492 -90.750768081 -5.552459470 0.211185431 0.235972891 -0.680091212 0.661206058
1778901991.200386524 1.578025612 -90.881384390 -5.561380637 0.198436779 0.236398687 -0.685574163 0.659337980
1778901991.300226450 1.576619064 -91.014332775 -5.579663357 0.193523182 0.222943638 -0.690963170 0.659859690
1778901991.400066614 1.580427201 -91.147587544 -5.590369289 0.184074882 0.216270812 -0.698981267 0.656329614
1778901991.500386477 1.584889017 -91.278158987 -5.589856110 0.181125238 0.217527920 -0.702388482 0.653089330
1778901991.600226641 1.596539710 -91.400845717 -5.587476995 0.198952038 0.228280609 -0.698625328 0.648250493
1778901991.700066566 1.603038436 -91.528304121 -5.591144774 0.193070051 0.224004310 -0.702447252 0.647390054
1778901991.800386667 1.606934186 -91.660560365 -5.610733139 0.186237142 0.214259416 -0.702548397 0.652559867
1778901991.900226593 1.612783784 -91.800626216 -5.632765367 0.194736468 0.214231508 -0.695761101 0.657342422
1778901992.000081062 1.612542267 -91.941944287 -5.637027364 0.204951543 0.222646171 -0.688831132 0.658737595
1778901992.100401163 1.617687955 -92.080691385 -5.624033915 0.201366272 0.227441295 -0.690208167 0.656760814
1778901992.200241089 1.622847367 -92.218385052 -5.623584696 0.203700861 0.235024316 -0.685187026 0.658626047
1778901992.300081253 1.624123408 -92.358178991 -5.638656664 0.192051930 0.227193927 -0.688566646 0.661343292
1778901992.400401115 1.625474168 -92.504721922 -5.661995072 0.184558143 0.224613585 -0.692871597 0.659860576
1778901992.500241041 1.625509906 -92.650617394 -5.672988995 0.183402809 0.221296895 -0.698097002 0.655783249
1778901992.600081205 1.620506666 -92.792843356 -5.666733244 0.191091607 0.215558543 -0.697175486 0.656479134
1778901992.700401068 1.612623043 -92.925783901 -5.665418010 0.203158641 0.219912305 -0.693432455 0.655375140
1778901992.800241232 1.606185427 -93.057670913 -5.675137338 0.199142531 0.212516077 -0.697129039 0.655126150
1778901992.900081158 1.598279828 -93.190821518 -5.702993168 0.196361735 0.206907645 -0.691675771 0.663487696
1778901993.000415802 1.588254645 -93.326236631 -5.722649983 0.194999437 0.210793678 -0.689327199 0.665108456
1778901993.100255728 1.576667356 -93.460278562 -5.717162170 0.194801013 0.209182663 -0.688724483 0.666298556
1778901993.200095654 1.568200054 -93.593166146 -5.702149103 0.208462395 0.209692846 -0.690285708 0.660362008
1778901993.300415754 1.558518060 -93.716280667 -5.697259318 0.193372031 0.218037917 -0.691783510 0.660683206
1778901993.400255680 1.549420823 -93.843587638 -5.709828174 0.180966305 0.209370156 -0.697214512 0.661292113
1778901993.500095844 1.543178216 -93.976381375 -5.734273127 0.187047198 0.202597969 -0.695826538 0.663168785
1778901993.600415707 1.540872449 -94.113106795 -5.749643991 0.197585521 0.207522498 -0.696627324 0.657726954
1778901993.700255632 1.534836046 -94.244219398 -5.739869895 0.200324777 0.210388633 -0.695800898 0.656862023
1778901993.800095797 1.522238405 -94.370498770 -5.729936434 0.199550539 0.212280984 -0.693962470 0.658431816
1778901993.900415659 1.506094721 -94.496040916 -5.739742523 0.191224256 0.206842666 -0.690978088 0.665731685
1778901994.000270367 1.483783574 -94.625486094 -5.764325923 0.181845081 0.196615021 -0.688642898 0.673829251
1778901994.100110292 1.452844414 -94.769199613 -5.785353697 0.187067945 0.193608071 -0.683105839 0.678887260
1778901994.200430393 1.423307768 -94.905127252 -5.783909256 0.179796450 0.203765567 -0.685990958 0.674958692
1778901994.300270319 1.405953814 -95.032808062 -5.779553512 0.199877699 0.209929857 -0.679028937 0.674461313
1778901994.400110245 1.396018351 -95.162447429 -5.781670404 0.195670353 0.221831845 -0.678964692 0.671945454
1778901994.500430346 1.391726377 -95.295752492 -5.798903276 0.195320358 0.215351342 -0.677316274 0.675807977
1778901994.600270271 1.387839004 -95.433713872 -5.819508112 0.191484361 0.212904658 -0.681265877 0.673707763
1778901994.700110435 1.384308018 -95.574494760 -5.819740611 0.191856940 0.214620204 -0.686382222 0.667838699
1778901994.800430298 1.381883151 -95.710097894 -5.808752955 0.191082596 0.218144578 -0.693153213 0.659878026
1778901994.900270224 1.378533841 -95.840644816 -5.808582784 0.199397121 0.218562481 -0.691010064 0.659527347
1778901995.000106096 1.367617609 -95.977900815 -5.829107778 0.198363897 0.210327784 -0.691967273 0.661509849
1778901995.100425959 1.353120527 -96.113616510 -5.858367602 0.193392880 0.206579372 -0.687437381 0.668845277
1778901995.200265884 1.333824657 -96.252070423 -5.870976834 0.197073794 0.205707683 -0.680457340 0.675147448
1778901995.300106049 1.310964754 -96.389114566 -5.859087802 0.190591747 0.211672692 -0.681334065 0.674279874
1778901995.400425911 1.295929374 -96.516802852 -5.852263711 0.203752808 0.219349901 -0.675242750 0.674105068
1778901995.500266075 1.279598019 -96.643287074 -5.858881390 0.189994628 0.228122999 -0.678173910 0.672266381
1778901995.600106001 1.266203748 -96.772533448 -5.881581486 0.180899410 0.222857214 -0.681336487 0.673342897
1778901995.700426102 1.255467499 -96.904550843 -5.902947997 0.184220017 0.214672948 -0.682247785 0.674178367
1778901995.800266027 1.247388598 -97.037740657 -5.909718036 0.182518541 0.223848558 -0.685750414 0.668075726
1778901995.900105953 1.242894676 -97.165977918 -5.901328007 0.191022607 0.224546616 -0.690972975 0.660034491
1778901996.000440598 1.238236439 -97.283484098 -5.894633213 0.199784214 0.220805884 -0.688801315 0.660971843
1778901996.100280523 1.234191871 -97.403213773 -5.911546512 0.198146307 0.210581679 -0.687895511 0.665727544
1778901996.200120687 1.226016777 -97.529612051 -5.941654219 0.189937604 0.212738414 -0.684569521 0.670843234
1778901996.300440550 1.214290658 -97.661007005 -5.953378128 0.199684922 0.207692403 -0.680209831 0.674021055
1778901996.400280476 1.206049000 -97.793567165 -5.942204153 0.198891264 0.209410014 -0.680245126 0.673688563
1778901996.500120640 1.202733248 -97.919485803 -5.941248693 0.208948925 0.220484295 -0.676250622 0.671127498
1778901996.600440502 1.199958928 -98.047908124 -5.945193981 0.200546767 0.226699570 -0.677480188 0.670379664
1778901996.700280666 1.197438208 -98.187894730 -5.969282049 0.194765613 0.216972400 -0.680444961 0.672297545
1778901996.800120592 1.194783392 -98.332903701 -5.990169727 0.192756606 0.213992274 -0.683980042 0.670241375
1778901996.900440693 1.186754337 -98.477135478 -5.995265275 0.199295077 0.224389098 -0.682513852 0.666412670
1778901997.000295162 1.178620988 -98.613845945 -5.984163375 0.197429703 0.228739087 -0.690645833 0.657045110
1778901997.100135088 1.173081281 -98.746895803 -5.980109108 0.206293754 0.225763308 -0.689638310 0.656409031
1778901997.200455189 1.168711388 -98.879946423 -5.999559159 0.203562499 0.215446835 -0.688986940 0.661393957
1778901997.300295115 1.162697878 -99.014732370 -6.032889388 0.199648256 0.214138818 -0.683676994 0.668484037
1778901997.400135279 1.153221373 -99.150802897 -6.046790795 0.208759024 0.209683185 -0.678134983 0.672744808
1778901997.500455141 1.148758793 -99.286691894 -6.038295059 0.207788471 0.212213025 -0.678095960 0.672291197
1778901997.600295067 1.150386722 -99.418627979 -6.029592549 0.215943435 0.221931184 -0.673077434 0.671626198
1778901997.700135231 1.149068245 -99.550955394 -6.038184541 0.207732885 0.226415875 -0.673983056 0.671810792
1778901997.800455093 1.146489689 -99.686705754 -6.065354095 0.206523675 0.217260554 -0.675363279 0.673817679
1778901997.900295258 1.144574989 -99.828517425 -6.085797681 0.205230078 0.213631045 -0.679692059 0.671014975
1778901998.000149727 1.136378140 -99.968291354 -6.085161793 0.216095889 0.217119056 -0.677580899 0.668614992
1778901998.100469828 1.125111429 -100.096766662 -6.073760118 0.213511313 0.221333416 -0.680645483 0.664940723
1778901998.200309753 1.119608211 -100.223128381 -6.071921379 0.213667306 0.218420488 -0.678431851 0.668108522
1778901998.300149679 1.110601685 -100.350582733 -6.087107412 0.201598877 0.208090928 -0.678059196 0.675493734
1778901998.400469780 1.099558589 -100.483945876 -6.111124434 0.193157949 0.204176488 -0.673339978 0.683823985
1778901998.500309706 1.086316212 -100.616329414 -6.121108483 0.199898141 0.207714695 -0.666798239 0.687222997
1778901998.600149870 1.075141647 -100.744204819 -6.109983176 0.200248937 0.212789309 -0.668685905 0.683725262
1778901998.700469732 1.075510135 -100.864157748 -6.097795135 0.205550796 0.214183718 -0.665112339 0.685200542
1778901998.800309658 1.075632777 -100.986795020 -6.104230893 0.192573797 0.219656420 -0.669043583 0.683408424
1778901998.900149822 1.077662533 -101.118018127 -6.128487503 0.191853647 0.210657736 -0.670599464 0.684917408
1778901999.000469685 1.083103351 -101.250887460 -6.140342917 0.177674292 0.209741476 -0.677388893 0.682337634
1778901999.100324392 1.084651627 -101.384722086 -6.133074869 0.176274222 0.214418071 -0.678976411 0.679664125
1778901999.200164318 1.075968825 -101.509543215 -6.121602710 0.186436307 0.211933825 -0.684198925 0.672456235
1778901999.300484419 1.064631513 -101.628998688 -6.123711538 0.189199331 0.211733157 -0.684938209 0.670993542
1778901999.400324345 1.056439073 -101.749006125 -6.143442023 0.190728468 0.198949363 -0.682497333 0.676933669
1778901999.500164270 1.040206453 -101.876970813 -6.171614213 0.185494157 0.194941602 -0.679214228 0.682830669
1778901999.600484371 1.028286873 -102.004308434 -6.182134360 0.187322475 0.188494944 -0.671375709 0.691834231
1778901999.700324297 1.012459269 -102.129738258 -6.174032250 0.178138989 0.191882895 -0.673052168 0.691699526
1778901999.800164461 1.010867087 -102.251304691 -6.167719979 0.195731512 0.200595970 -0.666005941 0.691293366
1778901999.900484324 1.006838162 -102.372818964 -6.168127492 0.181452877 0.205922606 -0.669578342 0.690170688
1778902000.000319719 1.003578557 -102.498958542 -6.187717311 0.176955082 0.199047585 -0.670914791 0.692055128
1778902000.100159645 0.999440675 -102.638676504 -6.208582157 0.178634204 0.199215812 -0.674053102 0.688516737
1778902000.200479746 1.001022102 -102.777254444 -6.207250436 0.183914690 0.201428985 -0.676783120 0.683788241
1778902000.300319672 0.990170498 -102.909871004 -6.193260968 0.186682373 0.198958655 -0.686392593 0.674114495
1778902000.400159836 0.977896631 -103.040105588 -6.193613401 0.189029143 0.198036723 -0.690271921 0.669756757
1778902000.500479698 0.969914195 -103.169928827 -6.217920306 0.182889570 0.194483156 -0.689832910 0.672947444
1778902000.600319862 0.953227143 -103.304556363 -6.250297354 0.174541665 0.192949748 -0.686491657 0.678995440
1778902000.700159788 0.935176120 -103.446509104 -6.261906937 0.189811374 0.181202854 -0.680974532 0.683674524
1778902000.800479650 0.913471050 -103.584080898 -6.254842237 0.188284994 0.186281752 -0.682201563 0.681504877
1778902000.900319815 0.910317593 -103.712014833 -6.243287841 0.190675530 0.194654385 -0.676494200 0.684184267
1778902001.000174046 0.905994742 -103.838404233 -6.246095857 0.182046950 0.202547008 -0.678756728 0.681999210
1778902001.100013971 0.900711561 -103.970304780 -6.271037153 0.184653754 0.197369800 -0.676851879 0.684704088
1778902001.200334072 0.900116908 -104.105032839 -6.296249250 0.185569597 0.198315278 -0.678471897 0.682576633
1778902001.300173998 0.905459016 -104.242891771 -6.296504517 0.184032100 0.206092671 -0.681215089 0.677941000
1778902001.400014162 0.909562078 -104.379643676 -6.281892650 0.186866506 0.209296879 -0.687263989 0.670032786
1778902001.500334024 0.908650344 -104.505267406 -6.282764508 0.193881517 0.210301748 -0.685782290 0.669242694
1778902001.600174189 0.909064217 -104.632419405 -6.300988004 0.188715390 0.198509607 -0.684095773 0.676012878
1778902001.700014114 0.899034709 -104.767791893 -6.333457357 0.176132239 0.204630848 -0.681646921 0.680044944
1778902001.800333977 0.889438181 -104.901907574 -6.348999898 0.185020971 0.202330309 -0.673278915 0.686676917
1778902001.900174141 0.873043112 -105.031871349 -6.342301222 0.183901897 0.201775206 -0.673991189 0.686442085
1778902002.000029087 0.858059681 -105.153998533 -6.335774998 0.191301341 0.210449286 -0.670528776 0.685205119
1778902002.100349188 0.846010232 -105.279455709 -6.339320503 0.181462446 0.217118649 -0.674254080 0.682138042
1778902002.200189114 0.838871108 -105.409277614 -6.356097241 0.177589391 0.204904270 -0.676429556 0.684776828
1778902002.300029278 0.827821823 -105.548733497 -6.379380038 0.177398070 0.205559991 -0.683904678 0.677162763
1778902002.400349140 0.823984688 -105.693169927 -6.380170010 0.180425244 0.208256624 -0.692534298 0.666687450
1778902002.500189066 0.819525857 -105.823457568 -6.372910989 0.188916969 0.219403826 -0.695110596 0.658022491
1778902002.600029230 0.822791322 -105.948394864 -6.366304530 0.190901402 0.214134058 -0.695680074 0.658583704
1778902002.700349092 0.827609770 -106.075061336 -6.385624918 0.188460437 0.205255430 -0.689554205 0.668481765
1778902002.800189257 0.825682828 -106.204306266 -6.417904964 0.185394794 0.205367786 -0.684037535 0.674941104
1778902002.900029182 0.818077239 -106.334552040 -6.424183719 0.190962497 0.197311512 -0.673765475 0.686033218
1778902003.000349283 0.808508863 -106.447767031 -6.413166304 0.178782906 0.199755714 -0.676476921 0.685939723
1778902003.100203753 0.806306965 -106.568563164 -6.405076381 0.195662654 0.205664439 -0.666219573 0.689615651
1778902003.200043678 0.800115070 -106.702650823 -6.412404618 0.177918499 0.213627798 -0.669429635 0.688891962
1778902003.300363779 0.796881306 -106.814247169 -6.435168301 0.171881767 0.208855938 -0.671376067 0.689992777
1778902003.400203705 0.791423518 -106.949392655 -6.456186325 0.160315261 0.209689302 -0.679889132 0.684163856
1778902003.500043869 0.791118475 -107.070476470 -6.452232652 0.163983129 0.211847095 -0.680852512 0.681667220
1778902003.600363731 0.789825635 -107.197846234 -6.436748707 0.165171302 0.210488149 -0.687229160 0.675373424
1778902003.700203657 0.792333870 -107.315119097 -6.433649070 0.168672072 0.208976185 -0.687083460 0.675125918
1778902003.800043821 0.804235085 -107.440041616 -6.457940312 0.175611790 0.196112847 -0.680376822 0.683950020
1778902003.900363684 0.804408491 -107.561950778 -6.494967261 0.177528476 0.201139393 -0.672096032 0.690154699
1778902004.000203848 0.799543498 -107.691816967 -6.503195658 0.184010370 0.196827987 -0.668047666 0.693621830
1778902004.100058317 0.787123618 -107.819657283 -6.486273127 0.172900455 0.194643759 -0.672610286 0.692686540
1778902004.200378418 0.786253685 -107.943455601 -6.473372677 0.178397383 0.198320107 -0.672607784 0.690247983
1778902004.300218344 0.784414056 -108.062526253 -6.479947843 0.166635783 0.202966386 -0.676070981 0.688451299
1778902004.400058270 0.779477183 -108.192215607 -6.506003626 0.161872994 0.195460617 -0.678727057 0.689145749
1778902004.500378370 0.776193630 -108.328801924 -6.529295654 0.166265909 0.191153877 -0.682824333 0.685249424
1778902004.600218296 0.774559018 -108.464168523 -6.530642138 0.166383852 0.193058705 -0.685637113 0.681869855
1778902004.700058460 0.771558966 -108.598888466 -6.519619119 0.167923354 0.198131187 -0.695827390 0.669604378
1778902004.800378323 0.777044391 -108.726678166 -6.520202313 0.180779541 0.206447166 -0.691336471 0.668395249
1778902004.900218487 0.782289238 -108.856255062 -6.541232203 0.176874105 0.204037796 -0.691033628 0.670489861
1778902005.000058413 0.782979824 -108.991815864 -6.570902191 0.175939546 0.197324976 -0.685307288 0.678573542
1778902005.100393295 0.772745571 -109.132674396 -6.584094437 0.186350997 0.194918935 -0.681506137 0.680315589
1778902005.200233221 0.767056208 -109.266075717 -6.572762321 0.183828498 0.200847376 -0.678692312 0.682088089
1778902005.300073147 0.759644666 -109.393451460 -6.566648402 0.195642534 0.206120946 -0.674743181 0.681145942
1778902005.400393248 0.752854905 -109.520359341 -6.577851890 0.189419480 0.216642876 -0.676040192 0.678347834
1778902005.500233173 0.749102065 -109.649861100 -6.603984814 0.190042464 0.211433930 -0.675478543 0.680373642
1778902005.600073099 0.743276049 -109.783781625 -6.625147987 0.189836844 0.216727823 -0.678090354 0.676154195
1778902005.700393200 0.735149871 -109.922332408 -6.624608799 0.197930645 0.215549104 -0.679122982 0.673167155
1778902005.800233126 0.725722383 -110.052170507 -6.616326714 0.197118758 0.217288227 -0.685897240 0.665939185
1778902005.900073290 0.727692431 -110.180052395 -6.614542472 0.199350840 0.223684109 -0.684748369 0.664337514
1778902006.000393152 0.729553144 -110.307312432 -6.634942902 0.199440344 0.212088475 -0.681170902 0.671750125
1778902006.100248098 0.732011378 -110.435923462 -6.667605822 0.191059489 0.217032659 -0.675429038 0.678372104
1778902006.200088024 0.728674131 -110.570209337 -6.679676384 0.192218149 0.216522791 -0.669273921 0.684282458
1778902006.300408125 0.730565538 -110.701700793 -6.668545108 0.186411496 0.223852831 -0.665914189 0.686803434
1778902006.400248051 0.730590375 -110.826000547 -6.662871184 0.195899676 0.231423758 -0.659710064 0.687640162
1778902006.500087976 0.730153099 -110.952578783 -6.672778730 0.188885120 0.239809751 -0.660030634 0.686420613
1778902006.600408077 0.722030560 -111.083197334 -6.698239761 0.188449537 0.230712633 -0.660468936 0.689230903
1778902006.700248003 0.717551550 -111.223760133 -6.723436237 0.189991524 0.236318637 -0.656545822 0.690654984
1778902006.800088167 0.715767286 -111.370158042 -6.725999018 0.195872490 0.245257443 -0.655106522 0.687254101
1778902006.900408030 0.709262613 -111.503249770 -6.713066518 0.195692800 0.244326319 -0.663822707 0.679226319
1778902007.000247955 0.703657802 -111.632661355 -6.706834056 0.202664202 0.240032486 -0.664180842 0.678362319
1778902007.100082874 0.699539890 -111.763037707 -6.723496244 0.196463196 0.231164217 -0.661972477 0.685388764
1778902007.200402975 0.700898365 -111.897651709 -6.753305222 0.186826169 0.230487568 -0.654306484 0.695596499
1778902007.300242901 0.695215118 -112.038253991 -6.767194167 0.191948393 0.219741490 -0.646163762 0.705224705
1778902007.400082827 0.689101738 -112.175876543 -6.756688018 0.186606112 0.218396932 -0.646380168 0.706875956
1778902007.500402927 0.694618349 -112.308475969 -6.748936828 0.197609995 0.224805504 -0.643024857 0.704933903
1778902007.600242853 0.696439054 -112.439214708 -6.761073224 0.193561770 0.231158031 -0.642057438 0.704884424
1778902007.700083017 0.693679572 -112.578921883 -6.789877695 0.189136932 0.228909305 -0.644401304 0.704680574
1778902007.800402880 0.694860750 -112.718970802 -6.811327928 0.187838346 0.226174190 -0.644250461 0.706047686
1778902007.900243044 0.694844015 -112.862342163 -6.808392178 0.191635094 0.230067511 -0.649283193 0.699125358
1778902008.000082970 0.688160155 -112.997030422 -6.802978571 0.191652785 0.247999362 -0.658141481 0.684554832
1778902008.100417376 0.684548712 -113.124575848 -6.801886990 0.198314263 0.240998682 -0.658090226 0.685206788
1778902008.200257301 0.680448608 -113.250148450 -6.820644373 0.198391625 0.231463560 -0.654904967 0.691494662
1778902008.300097227 0.674047447 -113.380352689 -6.846800564 0.191240137 0.222721465 -0.649649824 0.701268469
1778902008.400417328 0.666470977 -113.509857368 -6.858046598 0.190403988 0.226543864 -0.643201318 0.706198459
1778902008.500257254 0.658992502 -113.639475633 -6.848922919 0.184061004 0.233194778 -0.645898546 0.703247332
1778902008.600097179 0.659219369 -113.762619164 -6.844605474 0.195086977 0.239240817 -0.637227598 0.706148632
1778902008.700417280 0.660794673 -113.892532059 -6.856456747 0.192947131 0.243786273 -0.637554206 0.704886014
1778902008.800257206 0.665810730 -114.024603259 -6.884622216 0.185761585 0.239864894 -0.640008867 0.705936340
1778902008.900097370 0.675710053 -114.159803077 -6.902594314 0.181449256 0.234263180 -0.642152763 0.706991343
1778902009.000417233 0.685695510 -114.293348729 -6.899533578 0.189388448 0.243498598 -0.639868216 0.703853050
1778902009.100272417 0.695191051 -114.418995969 -6.892015310 0.197611282 0.248289214 -0.644462507 0.695679757
1778902009.200112343 0.705000340 -114.542995283 -6.898631568 0.204769829 0.249580521 -0.645122765 0.692528338
1778902009.300432444 0.713543095 -114.665598534 -6.921788803 0.196490772 0.241951329 -0.644750213 0.697959952
1778902009.400272369 0.716713057 -114.796533084 -6.951331361 0.194083303 0.242919981 -0.640691533 0.702022730
1778902009.500112295 0.720417107 -114.927717379 -6.962466005 0.199058568 0.241095143 -0.633929697 0.707376815
1778902009.600432396 0.722264281 -115.056817273 -6.955115391 0.196039486 0.245135142 -0.634831971 0.706020998
1778902009.700272322 0.726500327 -115.176521545 -6.949076507 0.202014027 0.247952119 -0.628130361 0.709339361
1778902009.800112486 0.730931975 -115.302402920 -6.957550627 0.192267587 0.250324715 -0.630477708 0.709132267
1778902009.900432348 0.738884951 -115.437353224 -6.979900305 0.188873455 0.241467347 -0.632353779 0.711441520
1778902010.000272274 0.749766208 -115.574383098 -6.996320390 0.184952522 0.235503362 -0.635776581 0.711420319
1778902010.100107431 0.762955320 -115.712490198 -6.996883923 0.199625271 0.245265506 -0.627644025 0.711377228
1778902010.200427532 0.778845656 -115.838595832 -6.987666065 0.205636251 0.249736131 -0.631105082 0.705019129
1778902010.300267458 0.787937924 -115.962771790 -6.988372899 0.205778095 0.246545800 -0.632225563 0.705096718
1778902010.400107622 0.805123277 -116.088204994 -7.013848974 0.198637389 0.242844844 -0.629862215 0.710523159
1778902010.500427485 0.820945655 -116.218153175 -7.040612415 0.193621267 0.239330292 -0.623618905 0.718561951
1778902010.600267410 0.835453154 -116.348724009 -7.045394326 0.194402934 0.231872382 -0.615888718 0.727408953
1778902010.700107574 0.847197339 -116.482242001 -7.036770366 0.189451626 0.239719204 -0.616329982 0.725796209
1778902010.800427437 0.861864966 -116.614119170 -7.036858110 0.199767132 0.252776411 -0.606967002 0.726490356
1778902010.900267601 0.875194986 -116.740621712 -7.051528032 0.187665020 0.254459613 -0.605847614 0.730055350
1778902011.000107527 0.882332037 -116.875851767 -7.074236550 0.181247908 0.245505455 -0.614791574 0.727260331
1778902011.100422382 0.895112924 -117.011575819 -7.089779850 0.179225711 0.243319210 -0.619421154 0.724562862
1778902011.200262308 0.908316356 -117.143553683 -7.094079365 0.182671552 0.250414160 -0.618988552 0.721648824
1778902011.300102472 0.922519144 -117.269363395 -7.087908910 0.201511500 0.253714589 -0.621147943 0.713580589
1778902011.400422335 0.942286067 -117.391981114 -7.092325893 0.201163329 0.254871047 -0.620779412 0.713587406
1778902011.500262499 0.964383947 -117.512484931 -7.115385969 0.196952029 0.245157420 -0.617622579 0.720867594
1778902011.600102425 0.979800988 -117.615362763 -7.141589543 0.193254020 0.244308296 -0.614452435 0.724854845
1778902011.700422287 1.002748329 -117.770923717 -7.151987840 0.200870313 0.241931969 -0.601798382 0.734138098
1778902011.800262451 1.018709822 -117.886259081 -7.140276500 0.193962800 0.241994185 -0.603832155 0.734305097
1778902011.900102377 1.036282767 -118.008019641 -7.138389680 0.200144174 0.252741558 -0.595538707 0.735797298
1778902012.000422478 1.048991389 -118.126336507 -7.148174744 0.185764205 0.254774313 -0.596828451 0.737819429
1778902012.100276947 1.057814993 -118.232023243 -7.164055431 0.180720795 0.247072119 -0.596029972 0.742323134
1778902012.200117111 1.066459626 -118.376058061 -7.178326577 0.165783065 0.243067536 -0.601574826 0.742658655
1778902012.300436974 1.074389215 -118.516237569 -7.174235427 0.176152246 0.239929404 -0.600552426 0.742119297
1778902012.400276899 1.078210111 -118.639881683 -7.166454627 0.179016345 0.251382880 -0.608847078 0.730797531
1778902012.500117064 1.086120115 -118.761857675 -7.169422955 0.186012620 0.252790883 -0.606921444 0.730166033
1778902012.600436926 1.096847014 -118.891965736 -7.191372209 0.181637014 0.239022749 -0.602276594 0.739688465
1778902012.700277090 1.107288940 -119.022261612 -7.218490395 0.180081039 0.236644995 -0.594912000 0.746759451
1778902012.800117016 1.120287453 -119.154786253 -7.225695985 0.182109209 0.236023241 -0.587911465 0.751990276
1778902012.900436878 1.137489052 -119.287351620 -7.214785887 0.174928291 0.240320879 -0.589663979 0.750960958
1778902013.000277042 1.154955217 -119.405884003 -7.213705940 0.181209938 0.250362537 -0.582858624 0.751503415
1778902013.100131750 1.173732957 -119.531828005 -7.229453941 0.170767414 0.258885036 -0.583509798 0.750555357
1778902013.200451851 1.188144285 -119.672344327 -7.255610964 0.172575648 0.249706105 -0.584819922 0.752230128
1778902013.300291777 1.206646657 -119.810504213 -7.273783752 0.162311537 0.243283094 -0.593558943 0.749770686
1778902013.400131941 1.222663750 -119.951139264 -7.272617420 0.163589477 0.244007569 -0.600026985 0.744087634
1778902013.500451803 1.236284212 -120.087898523 -7.266227038 0.168838603 0.248400729 -0.607624295 0.735243715
1778902013.600291729 1.256710216 -120.212091964 -7.266886374 0.171470652 0.249732913 -0.610423015 0.731857247
1778902013.700131893 1.281906348 -120.332805808 -7.286942937 0.169076025 0.238554984 -0.608777024 0.737492612
1778902013.800451756 1.303155867 -120.458555566 -7.317592560 0.166221039 0.237009807 -0.605056679 0.741689513
1778902013.900291920 1.323562287 -120.582449957 -7.327493432 0.173012813 0.231121845 -0.601454993 0.744916875
1778902014.000131845 1.346082209 -120.706009638 -7.319047182 0.167248892 0.233461955 -0.602989147 0.744263000
1778902014.100466251 1.373080221 -120.822626465 -7.311040305 0.174984260 0.241807851 -0.594820268 0.746390193
1778902014.200306177 1.397526040 -120.943042173 -7.323883176 0.167392791 0.243814561 -0.596771710 0.745920666
1778902014.300146103 1.415846630 -121.075209617 -7.353887586 0.168685378 0.234903523 -0.599283724 0.746474779
1778902014.400466204 1.441972749 -121.204856932 -7.370029790 0.166857037 0.227418960 -0.604588203 0.744924459
1778902014.500306129 1.471206119 -121.330935810 -7.375272925 0.175202894 0.232185593 -0.599832818 0.745382041
1778902014.600146294 1.492408562 -121.458359579 -7.373271072 0.181306774 0.255939509 -0.601105223 0.735047844
1778902014.700466156 1.513129843 -121.581593455 -7.369859232 0.182871332 0.248623693 -0.600091433 0.737993637
1778902014.800306082 1.536612903 -121.704224192 -7.393704834 0.179701195 0.235901125 -0.595387243 0.746707554
1778902014.900146246 1.553584725 -121.832038449 -7.424582139 0.177510551 0.236436076 -0.587954682 0.752925812
1778902015.000466108 1.566298506 -121.965009403 -7.437154048 0.194405916 0.242072342 -0.579018437 0.753886577
1778902015.100321054 1.585229414 -122.091253235 -7.425385374 0.186274710 0.243600310 -0.581655974 0.753416850
1778902015.200160980 1.612980077 -122.215830949 -7.415992433 0.189234514 0.247329658 -0.574549840 0.756908727
1778902015.300481081 1.638042976 -122.339792447 -7.424752351 0.168122876 0.249361217 -0.580069051 0.757016233
1778902015.400321007 1.665502674 -122.471000592 -7.446838893 0.164281099 0.239951043 -0.582001041 0.759414251
1778902015.500160933 1.698535856 -122.604889310 -7.463045686 0.156234452 0.236172411 -0.591599381 0.754866584
1778902015.600481033 1.729115978 -122.738594029 -7.458259500 0.161259561 0.239871277 -0.591209449 0.752946553
1778902015.700320959 1.754312237 -122.867032488 -7.450336352 0.169399597 0.243388627 -0.594848727 0.747141717
1778902015.800161123 1.779828597 -122.991065155 -7.452042044 0.176237810 0.243085574 -0.591921500 0.747983005
1778902015.900480986 1.805629219 -123.115111392 -7.469241741 0.169941340 0.232644858 -0.584806536 0.758285979
1778902016.000320911 1.833004899 -123.246139427 -7.494087480 0.151701476 0.229212879 -0.581532748 0.765681253
1778902016.100175858 1.853360937 -123.376260432 -7.499928699 0.159251930 0.220737164 -0.576984054 0.770067094
1778902016.200015783 1.873963025 -123.503667450 -7.493491689 0.155457987 0.224604851 -0.580502032 0.767074225
1778902016.300335884 1.904733881 -123.619502134 -7.483531850 0.167405186 0.227096565 -0.573146206 0.769354327
1778902016.400175810 1.933656337 -123.733186294 -7.487386567 0.157959986 0.229971184 -0.579465377 0.765755688
1778902016.500015974 1.961027698 -123.851380195 -7.508452898 0.155163440 0.217769075 -0.586696509 0.764387430
1778902016.600335836 1.990351966 -123.970544245 -7.530271408 0.153569516 0.213619028 -0.593541717 0.760586317
1778902016.700175762 2.024351428 -124.091285202 -7.531497337 0.149582867 0.218118270 -0.598688242 0.756056727
1778902016.800015926 2.053523932 -124.207386417 -7.524464190 0.149646466 0.220949361 -0.604696292 0.750419689
1778902016.900335789 2.082723125 -124.318424185 -7.525440564 0.157376083 0.227210670 -0.601561897 0.749487401
1778902017.000175953 2.110832797 -124.429673835 -7.537577909 0.155325691 0.210966149 -0.600386115 0.755581714
1778902017.100011110 2.144044707 -124.547036093 -7.565103486 0.140558915 0.206555122 -0.596176016 0.762989076
1778902017.200330973 2.170204062 -124.667720499 -7.583128823 0.142100231 0.198910915 -0.588523602 0.770637361
1778902017.300170898 2.196078299 -124.791938985 -7.578623147 0.136597824 0.206030682 -0.585545018 0.772029420
1778902017.400011063 2.224617684 -124.914305638 -7.565893067 0.143851129 0.213127089 -0.584549127 0.769536233
1778902017.500330925 2.252094939 -125.034030103 -7.565556559 0.136418032 0.219412128 -0.585701189 0.768246416
1778902017.600171089 2.278424947 -125.156734110 -7.584997254 0.132196126 0.216676815 -0.589360873 0.766960953
1778902017.700011015 2.308840526 -125.283057987 -7.608563610 0.130311027 0.211561764 -0.590944402 0.767492912
1778902017.800331116 2.346047329 -125.413657115 -7.618826852 0.130043026 0.213228474 -0.594953327 0.763971837
1778902017.900171041 2.381830089 -125.540554589 -7.614583982 0.132651518 0.212450232 -0.598951419 0.760608751
1778902018.000010967 2.416435500 -125.663702961 -7.613160556 0.140864971 0.217592418 -0.596915832 0.759277346
1778902018.100345850 2.453079983 -125.782754582 -7.629351534 0.139543612 0.213101843 -0.594073450 0.763015020
1778902018.200185776 2.492573754 -125.902344658 -7.663706143 0.132302490 0.213034910 -0.586346649 0.770266049
1778902018.300025940 2.528323582 -126.028341426 -7.685099741 0.130968174 0.208710720 -0.577521184 0.778303575
1778902018.400345802 2.562274239 -126.155377721 -7.684001708 0.127497791 0.211028525 -0.571597785 0.782615645
1778902018.500185966 2.600380161 -126.274594364 -7.674580161 0.130976995 0.215373240 -0.568499043 0.783114444
1778902018.600025892 2.639648965 -126.391650436 -7.680498113 0.136728398 0.227078566 -0.562611332 0.783076726
1778902018.700345755 2.670889335 -126.511261563 -7.703485160 0.135140939 0.225982617 -0.563797228 0.782816370
1778902018.800185919 2.706533156 -126.635234306 -7.734648800 0.134192240 0.225818488 -0.568741373 0.779443201
1778902018.900025845 2.747030451 -126.763575500 -7.748885800 0.136047476 0.227054296 -0.574611678 0.774440992
1778902019.000345945 2.787826277 -126.892358598 -7.747945902 0.142583216 0.230569092 -0.575318089 0.771697490
1778902019.100200415 2.828460726 -127.016803850 -7.747498577 0.153203683 0.235691405 -0.573806979 0.769235818
1778902019.200040340 2.864492696 -127.132063709 -7.759916062 0.145401750 0.224481455 -0.573755468 0.774126004
1778902019.300360441 2.905065501 -127.251563699 -7.790425231 0.139327804 0.219512787 -0.567890340 0.780962522
1778902019.400200367 2.942590544 -127.383259805 -7.817749588 0.140919444 0.218976853 -0.567277871 0.781272465
1778902019.500040531 2.976632122 -127.517249710 -7.826475443 0.156421195 0.228466610 -0.557175686 0.782873344
1778902019.600360394 3.016741628 -127.640557164 -7.820216251 0.157166592 0.238958214 -0.556817706 0.779840802
1778902019.700200558 3.053817861 -127.757934145 -7.817895513 0.157024257 0.240416627 -0.554428170 0.781122674
1778902019.800040483 3.089818091 -127.877136781 -7.834789995 0.147352744 0.237218440 -0.556934237 0.782201276
1778902019.900360346 3.128473327 -128.002284524 -7.861436581 0.140860840 0.234920427 -0.561288857 0.780977231
1778902020.000200510 3.173407421 -128.139831623 -7.874785770 0.137442704 0.242604313 -0.569633770 0.773155883
1778902020.100054979 3.213818602 -128.273778721 -7.868566388 0.139984029 0.245785246 -0.571358882 0.770417492
1778902020.200375080 3.248969381 -128.399241028 -7.864909139 0.154097818 0.245744900 -0.569767236 0.768913911
1778902020.300215006 3.285445185 -128.520219852 -7.878085529 0.153094901 0.239527317 -0.567878315 0.772465427
1778902020.400054932 3.324565181 -128.644394342 -7.913102254 0.147407719 0.235607948 -0.558254970 0.781736047
1778902020.500375032 3.364875165 -128.773259822 -7.944066190 0.151795916 0.237718848 -0.550805295 0.785532480
1778902020.600214958 3.401879967 -128.905720262 -7.954909693 0.160663939 0.248983391 -0.543168460 0.785596839
1778902020.700055122 3.438320219 -129.015806076 -7.945850994 0.161258282 0.252356421 -0.542225130 0.785050261
1778902020.800374985 3.483431258 -129.137267421 -7.941825665 0.167101458 0.250896549 -0.532538399 0.790905101
1778902020.900215149 3.525761734 -129.250705101 -7.963163576 0.163840817 0.257267467 -0.530116963 0.791167266
1778902021.000055075 3.577029817 -129.393418808 -7.996094198 0.159473092 0.254690708 -0.532889899 0.791030551
1778902021.100369930 3.622302222 -129.511003888 -8.001177545 0.153108182 0.252895992 -0.540667863 0.787578418
1778902021.200209856 3.677123617 -129.637053176 -7.988144073 0.156609967 0.252380550 -0.541367966 0.786573646
1778902021.300050020 3.717533960 -129.745470128 -7.980073074 0.164523371 0.248404622 -0.538991355 0.787855014
1778902021.400369883 3.758339640 -129.856193012 -7.994790233 0.161202546 0.243286119 -0.538604511 0.790399130
1778902021.500209808 3.804233000 -129.983778121 -8.030215032 0.159791465 0.231999648 -0.529805669 0.799968002
1778902021.600049973 3.839368490 -130.099588460 -8.053031404 0.158031363 0.225303461 -0.526692399 0.804275796
1778902021.700369835 3.881140988 -130.233128804 -8.056244332 0.148673395 0.229967208 -0.519382206 0.809477256
1778902021.800209999 3.925909074 -130.355691854 -8.045071855 0.149872584 0.235239640 -0.518026019 0.808609649
1778902021.900049925 3.969695727 -130.471687222 -8.043153337 0.152054174 0.244649786 -0.509212697 0.811004586
1778902022.000370026 4.009838500 -130.587217659 -8.062118426 0.145437919 0.243659840 -0.511046839 0.811362325
1778902022.100224972 4.060814514 -130.713680858 -8.088970383 0.129218308 0.248576603 -0.516157353 0.809378705
1778902022.200065136 4.107368127 -130.830478176 -8.096232373 0.126726741 0.239518052 -0.525494122 0.806490771
1778902022.300384998 4.158305956 -130.952926796 -8.086347121 0.128811700 0.240038483 -0.530088119 0.802991693
1778902022.400224924 4.210640265 -131.073132056 -8.084558475 0.138403638 0.250939689 -0.524610268 0.801659386
1778902022.500065088 4.255298113 -131.185804457 -8.099906194 0.139336993 0.241261697 -0.522082907 0.806106341
1778902022.600384951 4.301862201 -131.307872969 -8.136249051 0.142414131 0.236125591 -0.512870104 0.812974278
1778902022.700225115 4.345737279 -131.434804417 -8.161531581 0.148511015 0.236228314 -0.503164206 0.817903689
1778902022.800065041 4.393428922 -131.562067123 -8.164069193 0.143421148 0.240688496 -0.489778918 0.825600408
1778902022.900385141 4.445329592 -131.687340721 -8.156396063 0.146812797 0.249247254 -0.486784414 0.824234641
1778902023.000225067 4.500893085 -131.806633348 -8.159168884 0.151532818 0.262791891 -0.475669890 0.825661179
1778902023.100079536 4.551970344 -131.927073983 -8.187676434 0.148304691 0.268044994 -0.474049642 0.825490482
1778902023.200399637 4.610321899 -132.052779554 -8.220065050 0.144084277 0.264402256 -0.480129411 0.823897394
1778902023.300239563 4.671427355 -132.175691138 -8.236079332 0.134465400 0.264342578 -0.491385166 0.818891126
1778902023.400079727 4.734038056 -132.296636051 -8.229153949 0.135891447 0.266371919 -0.497484438 0.814302615
1778902023.500399590 4.794192802 -132.415863461 -8.219572491 0.147840236 0.277006147 -0.493964162 0.810808403
1778902023.600239515 4.847485336 -132.526783413 -8.235584484 0.145029611 0.265904894 -0.492535758 0.815885731
1778902023.700079679 4.904715251 -132.645348676 -8.273667853 0.138847002 0.260668031 -0.483170300 0.824208802
1778902023.800399542 4.964164771 -132.769903591 -8.302653172 0.144141162 0.257697482 -0.472426352 0.830438845
1778902023.900239706 5.019255667 -132.897725712 -8.300534580 0.146802599 0.266505062 -0.460379280 0.833951418
1778902024.000079632 5.072411348 -133.023147089 -8.301040677 0.147978679 0.276453645 -0.463857657 0.828560056
1778902024.100414276 5.129958373 -133.142864682 -8.303646289 0.150639437 0.280215584 -0.459966000 0.828986288
1778902024.200254202 5.193712591 -133.260738212 -8.330574815 0.141516580 0.276010773 -0.466007386 0.828630332
1778902024.300094128 5.261366321 -133.380679003 -8.361231971 0.136422710 0.273900346 -0.474030122 0.825628784
1778902024.400414228 5.335156765 -133.506469210 -8.373141135 0.144165416 0.269007298 -0.480839982 0.821975862
1778902024.500254154 5.409497880 -133.618050191 -8.365819033 0.147245826 0.273815631 -0.479366548 0.820701761
1778902024.600094318 5.476447079 -133.723145846 -8.359966095 0.159926721 0.275900425 -0.476576019 0.819254354
1778902024.700414181 5.538095196 -133.825105166 -8.371602713 0.158242091 0.270234603 -0.476939057 0.821256255
1778902024.800254107 5.597833756 -133.926405138 -8.401349671 0.155159919 0.257965714 -0.472090998 0.828558495
1778902024.900094271 5.656429833 -134.037885862 -8.426671201 0.157898119 0.254774866 -0.469304016 0.830609230
1778902025.000414133 5.714938172 -134.151796670 -8.427703864 0.159445390 0.254249404 -0.464503087 0.833169424
1778902025.100269318 5.772908446 -134.261380202 -8.418087609 0.149732756 0.258728375 -0.466543159 0.832452528
1778902025.200109243 5.832739472 -134.366012392 -8.418838116 0.159788146 0.264266193 -0.457374461 0.833930291
1778902025.300429344 5.897894205 -134.475763035 -8.445071481 0.151333523 0.266035270 -0.457857658 0.834679439
1778902025.400269270 5.974314659 -134.587672795 -8.482926877 0.138798719 0.267660336 -0.462081438 0.834010555
1778902025.500109196 6.048031031 -134.705854586 -8.500707937 0.146768788 0.253994000 -0.469181542 0.832955372
1778902025.600429296 6.129438879 -134.812174427 -8.491833186 0.148878271 0.260403894 -0.466621281 0.832039454
1778902025.700269222 6.204607130 -134.915383059 -8.483836687 0.154506238 0.276973172 -0.465847076 0.826075170
1778902025.800109386 6.271693363 -135.016499795 -8.493013189 0.151057882 0.281122354 -0.463777338 0.826475843
1778902025.900429249 6.336019186 -135.124670152 -8.523540526 0.154352551 0.275793787 -0.456082134 0.831926778
1778902026.000269413 6.396955342 -135.242837517 -8.555650596 0.154071475 0.275218156 -0.447860671 0.836622834
1778902026.100123882 6.456631341 -135.370660889 -8.559961566 0.160463139 0.287114901 -0.441592792 0.834752910
1778902026.200443983 6.518769658 -135.495088021 -8.549561378 0.156802572 0.288083487 -0.448146703 0.831616132
1778902026.300283909 6.585862754 -135.614454009 -8.549724771 0.160076358 0.290718973 -0.443843286 0.832382830
1778902026.400123835 6.655464910 -135.733898633 -8.570936640 0.147245337 0.292976358 -0.446107931 0.832749289
1778902026.500443935 6.732643465 -135.857101030 -8.601789177 0.141051640 0.289064754 -0.450333207 0.832914165
1778902026.600283861 6.813617366 -135.976615187 -8.618099680 0.139653675 0.282840822 -0.459340919 0.830363680
1778902026.700123787 6.895990842 -136.091898105 -8.613832283 0.142474439 0.281709896 -0.465447321 0.826861149
1778902026.800443888 6.975698795 -136.199950933 -8.604126299 0.151543128 0.295006273 -0.468087529 0.819084883
1778902026.900283813 7.048917676 -136.305451924 -8.610723752 0.153443437 0.289538918 -0.468701522 0.820329940
1778902027.000123978 7.115774897 -136.412125431 -8.638667426 0.161365025 0.274626202 -0.459090657 0.829323547
1778902027.100458384 7.180054126 -136.526062082 -8.664752056 0.163054044 0.270386684 -0.454622209 0.832840361
1778902027.200298548 7.241963050 -136.641750938 -8.667062160 0.174945584 0.275760318 -0.444629390 0.834059347
1778902027.300138474 7.299850891 -136.755079369 -8.660651775 0.162998448 0.275038055 -0.449596041 0.834055738
1778902027.400458574 7.358343325 -136.861574697 -8.670686205 0.166327037 0.289916633 -0.443356065 0.831696497
1778902027.500298500 7.418406712 -136.972111334 -8.701498087 0.159467619 0.299168363 -0.449414197 0.826495764
1778902027.600138426 7.485021818 -137.089292971 -8.733941968 0.157430870 0.297151438 -0.452513568 0.825922523
1778902027.700458527 7.556404558 -137.209523522 -8.749121936 0.160901317 0.297034583 -0.454813287 0.824030398
1778902027.800298452 7.630083571 -137.326855112 -8.754960003 0.172244151 0.308094321 -0.448423877 0.821173470
1778902027.900138378 7.704744044 -137.435897787 -8.748422039 0.178536018 0.318294175 -0.455294075 0.812108991
1778902028.000458479 7.771614788 -137.534787531 -8.758517499 0.183058811 0.315892952 -0.453176783 0.813223166
1778902028.100293875 7.841826880 -137.631924925 -8.782526302 0.183975977 0.302776059 -0.449429982 0.820056211
1778902028.200133801 7.914418002 -137.739751832 -8.806332460 0.176066949 0.300186965 -0.446672896 0.824239977
1778902028.300453901 7.984059391 -137.850900899 -8.801991421 0.179486144 0.302028872 -0.438608262 0.827155413
1778902028.400293827 8.046905961 -137.956336702 -8.790578144 0.160198538 0.299856408 -0.444498078 0.828760534
1778902028.500133991 8.107221857 -138.058329049 -8.790785181 0.169782114 0.308370730 -0.436243737 0.828114080
1778902028.600453854 8.168003016 -138.163412949 -8.812257866 0.162001581 0.308204775 -0.442797687 0.826253903
1778902028.700293779 8.231637212 -138.274078435 -8.844275120 0.159116663 0.296875533 -0.444725801 0.829919133
1778902028.800133944 8.306454741 -138.389778847 -8.863423222 0.159502870 0.296278697 -0.450284919 0.827055778
1778902028.900453806 8.383596139 -138.502629327 -8.865941103 0.165893750 0.304555926 -0.447665194 0.824209212
1778902029.000293970 8.454259799 -138.609399017 -8.846740233 0.159579239 0.308165647 -0.459318573 0.817676494
1778902029.100148678 8.520875820 -138.713772705 -8.842229370 0.169147741 0.303632267 -0.457100823 0.818691227
1778902029.200468779 8.594011393 -138.815633431 -8.868893440 0.165109617 0.294492589 -0.452538222 0.825361792
1778902029.300308704 8.670199401 -138.931697123 -8.902298460 0.158577394 0.287890815 -0.442145373 0.834553508
1778902029.400148630 8.738094303 -139.049934256 -8.912102520 0.161153944 0.279954301 -0.434587616 0.840707202
1778902029.500468731 8.808132506 -139.163394790 -8.902873795 0.146395704 0.277294176 -0.434140191 0.844510824
1778902029.600308657 8.876939321 -139.273959186 -8.903160068 0.162049033 0.285630779 -0.421634135 0.845209930
1778902029.700148821 8.953497528 -139.384689911 -8.924623005 0.151336041 0.291977929 -0.419101051 0.846286359
1778902029.800468683 9.032571562 -139.500457796 -8.959309100 0.145184111 0.287318147 -0.420212026 0.848405392
1778902029.900308847 9.105738478 -139.614524081 -8.983865306 0.142793210 0.286655767 -0.426436358 0.845925885
1778902030.000148773 9.189163289 -139.742032111 -8.983090940 0.142403376 0.284299636 -0.432657210 0.843624759
1778902030.100483179 9.266452361 -139.858937410 -8.975031054 0.151468258 0.295067632 -0.436034166 0.836580340
1778902030.200323105 9.343608908 -139.973281327 -8.972505757 0.151735537 0.294607524 -0.435781239 0.836825815
1778902030.300163031 9.419452523 -140.078479998 -8.997626889 0.148656502 0.288863727 -0.434092503 0.840251564
1778902030.400483131 9.500001939 -140.186045416 -9.028464945 0.144549731 0.290326354 -0.425294813 0.844949883
1778902030.500323057 9.577210590 -140.298599290 -9.039547175 0.149596267 0.286667897 -0.414032644 0.850893321
1778902030.600162983 9.653032859 -140.406166451 -9.036026032 0.144461742 0.292735823 -0.412083228 0.850660894
1778902030.700483084 9.728430126 -140.508679391 -9.040184122 0.151706255 0.309401199 -0.400973413 0.848808831
1778902030.800323009 9.802569522 -140.609738783 -9.058502409 0.140961630 0.312546744 -0.398462768 0.850689000
1778902030.900163174 9.877335352 -140.718544507 -9.094667278 0.137749350 0.309016024 -0.397505696 0.852949844
1778902031.000483036 9.959923512 -140.835905812 -9.116492563 0.138059738 0.306858086 -0.403682880 0.850774797
1778902031.100337744 10.051435474 -140.958486381 -9.114538848 0.140996124 0.305395223 -0.407648537 0.848926688
1778902031.200177670 10.133044877 -141.068197077 -9.106408567 0.139296983 0.313181937 -0.417303169 0.841648080
1778902031.300017595 10.210148798 -141.172061131 -9.112933173 0.150254680 0.317263203 -0.413001829 0.840355330
1778902031.400337696 10.292233243 -141.273151676 -9.141672341 0.152189022 0.306785234 -0.412877167 0.843951282
1778902031.500177622 10.371781995 -141.375036226 -9.171983298 0.151028999 0.299270392 -0.401067927 0.852509233
1778902031.600017548 10.456200376 -141.479857942 -9.181472650 0.144672394 0.304525637 -0.389358517 0.857166250
1778902031.700337648 10.535585501 -141.581111346 -9.170920046 0.130321493 0.304835295 -0.390931922 0.858640777
1778902031.800177574 10.621229846 -141.681355383 -9.167078093 0.145446413 0.321120495 -0.375164746 0.857308802
1778902031.900017738 10.701283558 -141.776700723 -9.183932389 0.136662235 0.320780544 -0.369094947 0.861505773
1778902032.000337601 10.777439998 -141.875976595 -9.219316632 0.123755636 0.308639698 -0.369813994 0.867561922
1778902032.100192785 10.861497643 -141.985452252 -9.240718431 0.121502371 0.307835017 -0.382777394 0.862528981
1778902032.200032711 10.952615642 -142.100262486 -9.234931639 0.124372532 0.320903070 -0.388471205 0.854776472
1778902032.300352812 11.032633175 -142.209933328 -9.228268897 0.129480054 0.324690573 -0.398977752 0.847719117
1778902032.400192738 11.112664196 -142.313423586 -9.231939712 0.132501417 0.322716244 -0.395816027 0.849486476
1778902032.500032663 11.191557695 -142.417597030 -9.261959475 0.135687889 0.308335040 -0.388765192 0.857542959
1778902032.600352764 11.278890660 -142.525336684 -9.296317724 0.132555684 0.311806456 -0.384759694 0.858583544
1778902032.700192690 11.362935377 -142.638693643 -9.306298134 0.144034777 0.311718413 -0.371775127 0.862478330
1778902032.800032854 11.445582252 -142.741081557 -9.297196379 0.136968672 0.307532003 -0.370757572 0.865564829
1778902032.900352716 11.530663118 -142.837736874 -9.292947692 0.149454942 0.320740082 -0.359053011 0.863637630
1778902033.000192881 11.617184060 -142.933924960 -9.315881989 0.140404575 0.323754402 -0.357496976 0.864676561
1778902033.100027561 11.710007757 -143.036135376 -9.351961329 0.139910014 0.323409323 -0.359733252 0.863958092
1778902033.200347662 11.810396188 -143.139030012 -9.369864922 0.128718148 0.330408741 -0.367101048 0.859941000
1778902033.300187588 11.911464882 -143.242897763 -9.362389662 0.137128278 0.339487198 -0.361185098 0.857606904
1778902033.400027752 11.996070467 -143.346395585 -9.353867296 0.141133582 0.332253229 -0.376352997 0.853257010
1778902033.500347614 12.083345856 -143.444517215 -9.366188124 0.142151870 0.333908813 -0.378874017 0.851323810
1778902033.600187540 12.175895033 -143.544084870 -9.402660538 0.146463964 0.332818849 -0.372718029 0.853733677
1778902033.700027704 12.270136644 -143.645227648 -9.436905120 0.154479717 0.334855923 -0.361641190 0.856284519
1778902033.800347567 12.364563312 -143.745113178 -9.444676722 0.155321485 0.330374171 -0.351631440 0.862022896
1778902033.900187731 12.457348757 -143.838446553 -9.440257158 0.145862424 0.324724212 -0.355481475 0.864240280
1778902034.000027657 12.555749908 -143.926225539 -9.435182627 0.155251029 0.342278112 -0.348570664 0.858627570
1778902034.100342751 12.651839187 -144.008947446 -9.452199849 0.140330475 0.339605186 -0.351450506 0.861079681
1778902034.200182676 12.750922433 -144.093603762 -9.478802236 0.134220266 0.324576923 -0.355004832 0.866375387
1778902034.300022840 12.856656816 -144.179707269 -9.496460198 0.128371623 0.321248038 -0.361732600 0.865719325
1778902034.400342703 12.963321008 -144.267077634 -9.489210865 0.135110063 0.330233948 -0.361226276 0.861514009
1778902034.500182867 13.058239652 -144.353214413 -9.481481905 0.141766116 0.340481935 -0.367202683 0.853894964
1778902034.600022793 13.149714344 -144.438082946 -9.489655262 0.144760958 0.335663285 -0.364124153 0.856614280
1778902034.700342894 13.242480269 -144.524520534 -9.518076427 0.142906625 0.324258032 -0.360324768 0.862902362
1778902034.800182819 13.338057573 -144.619239485 -9.550628063 0.141840978 0.320241607 -0.355336379 0.866638626
1778902034.900022745 13.435718688 -144.719656373 -9.560058313 0.148842843 0.324323924 -0.349222036 0.866431630
1778902035.000342846 13.527133959 -144.818399900 -9.551978299 0.141000664 0.322075904 -0.356552061 0.865596068
1778902035.100197315 13.620697047 -144.909300553 -9.546959150 0.148637300 0.328472387 -0.349992209 0.864591405
1778902035.200037479 13.716273278 -144.998780702 -9.564259358 0.136149799 0.325440174 -0.353169299 0.866500647
1778902035.300357342 13.816570966 -145.085224762 -9.598465503 0.129647083 0.314588284 -0.348765158 0.873263254
1778902035.400197268 13.926907004 -145.172920274 -9.619962618 0.122767723 0.310959473 -0.354709959 0.873162721
1778902035.500037432 14.040228157 -145.265584774 -9.613441677 0.125065398 0.310011909 -0.355104720 0.873013116
1778902035.600357294 14.141941255 -145.359434237 -9.601680519 0.138023432 0.323908224 -0.359240380 0.864279668
1778902035.700197458 14.234233687 -145.450791105 -9.613413901 0.141790219 0.325113139 -0.359478700 0.863117631
1778902035.800037384 14.328000817 -145.544845021 -9.647971652 0.147712700 0.309181593 -0.354833278 0.869874155
1778902035.900357485 14.424218319 -145.647824143 -9.684741244 0.150093119 0.310322045 -0.345697133 0.872734654
1778902036.000197411 14.523663482 -145.754489306 -9.689774815 0.147289848 0.311091255 -0.336838663 0.876394687
1778902036.100051880 14.617860823 -145.858370917 -9.677641914 0.134882469 0.305585675 -0.343097817 0.877899768
1778902036.200371981 14.709101774 -145.955362735 -9.673832826 0.149718787 0.321669478 -0.331777222 0.874092047
1778902036.300211906 14.800698904 -146.049676083 -9.695978328 0.137955129 0.318330883 -0.334822284 0.876086679
1778902036.400052071 14.900794363 -146.150950924 -9.726408261 0.135330885 0.312161928 -0.340372522 0.876576881
1778902036.500371933 15.004588332 -146.252422204 -9.751226259 0.126300874 0.308648406 -0.346284406 0.876853101
1778902036.600211859 15.107607008 -146.347885177 -9.747895778 0.128109876 0.315847933 -0.349521209 0.872732987
1778902036.700052023 15.203631395 -146.442007745 -9.728382855 0.134835509 0.322497647 -0.358161261 0.865756989
1778902036.800371885 15.294541829 -146.531226664 -9.742539031 0.138963890 0.325570106 -0.360449339 0.863000242
1778902036.900212049 15.389095667 -146.619982274 -9.779064000 0.142426693 0.319431007 -0.354641298 0.867126299
1778902037.000051975 15.484519461 -146.715890294 -9.810577797 0.139587969 0.321128121 -0.346491043 0.870250473
1778902037.100386381 15.578091941 -146.815059445 -9.815119357 0.138010852 0.322618071 -0.334910030 0.874474618
1778902037.200226307 15.670937084 -146.908119565 -9.796699465 0.123666389 0.311128910 -0.338327183 0.879454457
1778902037.300066233 15.761514870 -146.996075402 -9.795789701 0.136749395 0.320026348 -0.321304643 0.880707708
1778902037.400386333 15.853625742 -147.083312767 -9.819012934 0.127177923 0.320455254 -0.319354223 0.882693087
1778902037.500226259 15.953709754 -147.178810886 -9.859525824 0.126010562 0.321973985 -0.321060240 0.881688388
1778902037.600066185 16.065338127 -147.277361252 -9.882175424 0.121774973 0.317332607 -0.327328844 0.881661330
1778902037.700386286 16.172782045 -147.370058405 -9.879989603 0.122213559 0.316693097 -0.327190999 0.881881726
1778902037.800226212 16.276711825 -147.459772357 -9.856203227 0.121577248 0.317058725 -0.340049353 0.876960190
1778902037.900066376 16.375219197 -147.545012185 -9.864788102 0.131550271 0.321055581 -0.337194502 0.875167246
1778902038.000386238 16.476452328 -147.626176404 -9.896289011 0.125477155 0.314231773 -0.331097297 0.880845308
1778902038.100221634 16.587382822 -147.718250236 -9.932286061 0.124449203 0.318000131 -0.323292629 0.882536225
1778902038.200061798 16.690948785 -147.811786271 -9.944199719 0.127073145 0.317073339 -0.311569556 0.886702501
1778902038.300381660 16.795179794 -147.901207926 -9.932239423 0.116949813 0.308995591 -0.320765535 0.887667695
1778902038.400221586 16.900763476 -147.987812124 -9.932871337 0.126086372 0.323068362 -0.307933508 0.885949217
1778902038.500061750 17.011953576 -148.081216210 -9.957256328 0.117656017 0.325117724 -0.309926123 0.885664342
1778902038.600381613 17.117083267 -148.177615514 -9.993344048 0.117687682 0.317067148 -0.314873770 0.886832872
1778902038.700221777 17.227449196 -148.273904255 -10.013617846 0.120445960 0.312155552 -0.326838640 0.883871136
1778902038.800061703 17.335976080 -148.368613477 -10.015815929 0.136391743 0.320974121 -0.316071846 0.882310316
1778902038.900381804 17.444099007 -148.453458620 -10.010523208 0.133024357 0.326445669 -0.323852157 0.877984924
1778902039.000221729 17.547699858 -148.536505031 -10.023555649 0.130855216 0.327398167 -0.321309597 0.878889922
1778902039.100056887 17.650177342 -148.618004982 -10.054327941 0.133367300 0.318009132 -0.313589753 0.884728671
1778902039.200376749 17.761790635 -148.705319862 -10.080387936 0.121643099 0.318857829 -0.307563175 0.888221557
1778902039.300216913 17.872674922 -148.798077306 -10.084912547 0.127953414 0.327281555 -0.300864219 0.886563832
1778902039.400056839 17.985356755 -148.885991938 -10.068320741 0.121143866 0.326611516 -0.302487173 0.887215076
1778902039.500376940 18.088947753 -148.964350146 -10.064871998 0.125811934 0.332621005 -0.292664311 0.887627301
1778902039.600216866 18.191821362 -149.040617535 -10.086795567 0.114184376 0.331356490 -0.294404470 0.889095503
1778902039.700056791 18.304674139 -149.122115345 -10.120730782 0.110881792 0.326752499 -0.298535769 0.889839552
1778902039.800376892 18.421547951 -149.199349785 -10.133739232 0.104863691 0.319484501 -0.303766274 0.891436655
1778902039.900216818 18.542037477 -149.275982822 -10.122920397 0.110259199 0.322278228 -0.300213972 0.890983290
1778902040.000056744 18.651890634 -149.353195442 -10.117493975 0.116785262 0.332776083 -0.304540127 0.884803137
1778902040.100391626 18.758029520 -149.426000200 -10.126306805 0.113442913 0.327249583 -0.308694102 0.885859113
1778902040.200231791 18.871408266 -149.502110000 -10.157949233 0.110496535 0.310665921 -0.305354100 0.893328649
1778902040.300071716 18.984226381 -149.583072357 -10.191176570 0.113006334 0.312216884 -0.300115071 0.894248920
1778902040.400391579 19.102368757 -149.665333302 -10.198907563 0.115311706 0.314567170 -0.287612248 0.897234585
1778902040.500231743 19.214008256 -149.741088696 -10.186029134 0.111457715 0.312618596 -0.288322789 0.898174126
1778902040.600071669 19.327459717 -149.815762838 -10.181093783 0.109301001 0.317656138 -0.281989290 0.898682319
1778902040.700391769 19.437176739 -149.892998606 -10.206146279 0.103882313 0.315106625 -0.285859208 0.898999885
1778902040.800231695 19.548273570 -149.976227155 -10.246151748 0.102427941 0.313755113 -0.289309667 0.898535565
1778902040.900071621 19.668957346 -150.064521768 -10.265207911 0.108259084 0.312759760 -0.297074621 0.895660635
1778902041.000391722 19.785874569 -150.147010396 -10.257088063 0.106496107 0.314449398 -0.294966783 0.895976982
1778902041.100246191 19.899084631 -150.230350787 -10.254149941 0.110177853 0.330934846 -0.291936016 0.890570790
1778902041.200086355 20.003434777 -150.309340040 -10.266165004 0.098885872 0.329859638 -0.289458385 0.893100244
1778902041.300406218 20.109169313 -150.393023905 -10.301574146 0.097976623 0.319184665 -0.279086295 0.900351359
1778902041.400246382 20.215357391 -150.482721921 -10.331921764 0.095448073 0.320645663 -0.267192653 0.903705765
1778902041.500086308 20.322349209 -150.574899067 -10.329502342 0.096510002 0.331646911 -0.255014724 0.903140984
1778902041.600406170 20.428679004 -150.659250935 -10.325246748 0.092062569 0.325580632 -0.261644726 0.903915800
1778902041.700246334 20.536028063 -150.737359998 -10.319917160 0.100712988 0.337912289 -0.248696796 0.902120880
1778902041.800086260 20.645566096 -150.813837140 -10.342685855 0.089104077 0.327509250 -0.247062210 0.907611381
1778902041.900406361 20.754604716 -150.887512137 -10.369488860 0.080304949 0.313119088 -0.250912763 0.912441964
1778902042.000246286 20.876326397 -150.965461676 -10.384400355 0.068390705 0.322760012 -0.252899674 0.909500105
1778902042.100101233 20.992103448 -151.041367437 -10.370116105 0.070206120 0.326871523 -0.254273899 0.907508067
1778902042.200421095 21.096392277 -151.120562922 -10.368597527 0.087363515 0.336824487 -0.253291625 0.902640700
1778902042.300261021 21.196840453 -151.199173030 -10.383708790 0.090281091 0.336407259 -0.251966720 0.902879977
1778902042.400101185 21.300084296 -151.280226764 -10.415554424 0.093468080 0.316192245 -0.243911956 0.912026940
1778902042.500421047 21.413160902 -151.364611326 -10.444014139 0.091357705 0.325743406 -0.235776520 0.911018351
1778902042.600261211 21.524298189 -151.451271700 -10.441537928 0.082544620 0.329199488 -0.229204593 0.912293449
1778902042.700101137 21.630799860 -151.533237699 -10.429777623 0.093879885 0.324901245 -0.226790771 0.913340952
1778902042.800421238 21.732813345 -151.601024981 -10.435238599 0.084518192 0.330616587 -0.221797160 0.913430549
1778902042.900261164 21.848665208 -151.673658929 -10.465436892 0.077746801 0.326941636 -0.218458698 0.916155227
1778902043.000101089 21.973756013 -151.749288708 -10.493520289 0.075384416 0.323983542 -0.226978293 0.915332021
1778902043.100435734 22.096613400 -151.824305788 -10.503859346 0.074636926 0.316723401 -0.236899612 0.915420226
1778902043.200275660 22.220709892 -151.899364724 -10.488924750 0.076511457 0.316386334 -0.243380532 0.913680251
1778902043.300115824 22.334233682 -151.969569508 -10.482146620 0.084140986 0.324647714 -0.246142138 0.909361426
1778902043.400435686 22.446757427 -152.035545911 -10.502947678 0.081980101 0.322124880 -0.241860313 0.911602114
1778902043.500275612 22.561522853 -152.101970578 -10.536455048 0.084719174 0.312965760 -0.229297739 0.917767749
1778902043.600115776 22.682714032 -152.175317051 -10.556668633 0.088386613 0.309082907 -0.222380493 0.920436027
1778902043.700435638 22.806806287 -152.250561782 -10.545853952 0.093323961 0.320398476 -0.211145819 0.918723515
1778902043.800275803 22.924651049 -152.317827554 -10.537297440 0.090700498 0.316971721 -0.217526118 0.918686419
1778902043.900115728 23.044511838 -152.380839648 -10.546649188 0.094988868 0.326760265 -0.209520246 0.916682121
1778902044.000435829 23.165491534 -152.443009115 -10.580837268 0.086287306 0.314799231 -0.211582665 0.921243030
1778902044.100290775 23.291866570 -152.509646260 -10.608420596 0.082839320 0.310088271 -0.219472889 0.921311328
1778902044.200130701 23.427689896 -152.575703767 -10.616177259 0.080651535 0.318970906 -0.226122040 0.916854249
1778902044.300450802 23.549541449 -152.640627444 -10.611352834 0.074682912 0.315784866 -0.235978349 0.915978493
1778902044.400290728 23.666230400 -152.706247584 -10.606965876 0.095940102 0.324615188 -0.230536717 0.912290139
1778902044.500130892 23.782495931 -152.765168743 -10.629722651 0.097160779 0.315863853 -0.226237408 0.916300412
1778902044.600450754 23.903734881 -152.827996863 -10.664610645 0.093203382 0.305787607 -0.215560910 0.922681182
1778902044.700290918 24.023433199 -152.897493228 -10.686791859 0.091982802 0.306454528 -0.214061055 0.922931553
1778902044.800130844 24.146024210 -152.971740462 -10.684053999 0.088658778 0.314537133 -0.215819626 0.920123852
1778902044.900450706 24.259934937 -153.037463858 -10.666867768 0.088453333 0.316234522 -0.215384624 0.919663633
1778902045.000290871 24.373544200 -153.100954804 -10.666435627 0.081440270 0.315548425 -0.214028624 0.920862868
1778902045.100145340 24.492918051 -153.167592364 -10.696943604 0.078875660 0.308073986 -0.212485529 0.923969128
1778902045.200465441 24.618930113 -153.240085856 -10.727785124 0.080259107 0.311508032 -0.216494904 0.921765251
1778902045.300305367 24.749768739 -153.312571014 -10.728035182 0.084581283 0.319718927 -0.215495830 0.918796692
1778902045.400145292 24.869663801 -153.384058215 -10.719747819 0.088114125 0.317888601 -0.221011858 0.917788918
1778902045.500465393 24.986424396 -153.452238207 -10.721294726 0.089432557 0.320494563 -0.218199321 0.917427986
1778902045.600305319 25.103525392 -153.520451843 -10.742210655 0.086892137 0.304779735 -0.217251691 0.923233866
1778902045.700145483 25.232139386 -153.595611095 -10.780501466 0.087208348 0.297632491 -0.205966577 0.928109570
1778902045.800465345 25.358476643 -153.672628092 -10.800014225 0.085789398 0.297591736 -0.194028268 0.930823490
1778902045.900305510 25.481897767 -153.750441993 -10.793937133 0.084277687 0.296518817 -0.194939449 0.931113567
1778902046.000145435 25.607033484 -153.816523890 -10.780018376 0.090483199 0.308134885 -0.187024423 0.928378990
1778902046.100479841 25.729559724 -153.876652284 -10.793926103 0.082654097 0.310741967 -0.181099205 0.929414229
1778902046.200319767 25.858138813 -153.937599162 -10.821495203 0.079147683 0.301677613 -0.180517306 0.932812824
1778902046.300159693 25.987757173 -153.999187335 -10.849124631 0.072346285 0.295542594 -0.185889411 0.934272828
1778902046.400479794 26.121236320 -154.061801360 -10.848407239 0.072057662 0.299170407 -0.190115019 0.932288067
1778902046.500319719 26.248786925 -154.123679711 -10.838080591 0.074836119 0.310398223 -0.197468307 0.926854231
1778902046.600159645 26.368839249 -154.188254232 -10.844302353 0.080707484 0.314997341 -0.194857060 0.925361391
1778902046.700479746 26.492874671 -154.254069785 -10.871171757 0.081577147 0.295491160 -0.191730632 0.932346238
1778902046.800319672 26.618604573 -154.321700739 -10.901686367 0.083877204 0.290320674 -0.182676225 0.935578921
1778902046.900159836 26.744131200 -154.393651830 -10.912759652 0.084029400 0.294662500 -0.171688537 0.936288480
1778902047.000479698 26.867495608 -154.462793402 -10.906813140 0.067382127 0.299235720 -0.173705630 0.935811940
1778902047.100334644 26.983431686 -154.530140092 -10.903503795 0.073357326 0.310185875 -0.163064367 0.933709504
1778902047.200174570 27.104263413 -154.592364049 -10.918839252 0.059697526 0.312016317 -0.162111472 0.934238671
1778902047.300014496 27.229786432 -154.653616231 -10.949687130 0.060235936 0.301090152 -0.162153896 0.937775275
1778902047.400334597 27.359998683 -154.714372992 -10.977721771 0.058431313 0.302436883 -0.165800677 0.936817938
1778902047.500174522 27.490043741 -154.773000126 -10.977501811 0.057673019 0.306824502 -0.167344735 0.935162172
1778902047.600014687 27.606194578 -154.825311673 -10.963070735 0.062507446 0.306453654 -0.177828709 0.933035866
1778902047.700334549 27.732210808 -154.882275709 -10.972016506 0.071321225 0.314918406 -0.174354152 0.930236696
1778902047.800174475 27.859639373 -154.933081073 -11.005537767 0.066699586 0.307684771 -0.166431408 0.934441990
1778902047.900014639 27.987067931 -154.985561558 -11.032530315 0.063836699 0.304517627 -0.159894581 0.936817813
1778902048.000334501 28.110765991 -155.044690310 -11.035476796 0.068083454 0.304077070 -0.149177687 0.938428365
1778902048.100169659 28.228647964 -155.095494948 -11.018511050 0.061842183 0.291696029 -0.152937029 0.942177922
1778902048.200489759 28.350696732 -155.146462397 -11.019171134 0.076632533 0.305267044 -0.138453897 0.939026094
1778902048.300329685 28.468488476 -155.193935456 -11.043175946 0.066695614 0.307085717 -0.145038526 0.938197145
1778902048.400169611 28.596058525 -155.241943295 -11.077684377 0.064316751 0.299291616 -0.152370970 0.939718560
1778902048.500489712 28.728426164 -155.295495276 -11.096148075 0.064125011 0.294487057 -0.159505196 0.940065662
1778902048.600329638 28.858273830 -155.350894154 -11.085703550 0.057155710 0.293447190 -0.172981209 0.938455898
1778902048.700169802 28.989569772 -155.409544877 -11.080271658 0.061225594 0.308536819 -0.182015281 0.931625942
1778902048.800489664 29.110817246 -155.460089448 -11.091069331 0.067782433 0.307316738 -0.180753886 0.931820797
1778902048.900329828 29.230268402 -155.510395361 -11.124381997 0.074872009 0.295946007 -0.170074499 0.936955072
1778902049.000169754 29.356931410 -155.562876393 -11.151168547 0.067283850 0.294808181 -0.163541746 0.939050114
1778902049.100484848 29.485658131 -155.618207456 -11.159325833 0.065191628 0.295993970 -0.147756782 0.941438025
1778902049.200324774 29.610404503 -155.669899223 -11.146202218 0.054219535 0.292298417 -0.146853842 0.943427701
1778902049.300164938 29.732828908 -155.718839987 -11.141285920 0.060567814 0.302758176 -0.133160284 0.941773521
1778902049.400484800 29.862815062 -155.772959657 -11.161908485 0.050969236 0.298988633 -0.137858824 0.942869492
1778902049.500324965 29.993864727 -155.826433668 -11.192457938 0.055071450 0.294513999 -0.141533327 0.943502494
1778902049.600164890 30.128256062 -155.879387995 -11.205826066 0.053378304 0.300207869 -0.141071747 0.941873003
1778902049.700484753 30.256657417 -155.933121493 -11.198346362 0.053328812 0.309392217 -0.137458367 0.939434772
1778902049.800324917 30.376326249 -155.988082895 -11.197832057 0.063089784 0.317232672 -0.137483026 0.936205922
1778902049.900164843 30.496466569 -156.039113439 -11.208045715 0.058572344 0.314940729 -0.134099114 0.937762788
1778902050.000484943 30.619924875 -156.091972029 -11.238617227 0.057005064 0.299168412 -0.122308143 0.944610715
1778902050.100339651 30.750525338 -156.145904594 -11.271225053 0.052821356 0.293699610 -0.112053049 0.947836778
1778902050.200179815 30.884123487 -156.203083532 -11.275116336 0.060244122 0.300259977 -0.096221810 0.947077587
1778902050.300019741 31.022180605 -156.256051589 -11.268736808 0.051062357 0.305028766 -0.099905734 0.945710808
1778902050.400339603 31.150010906 -156.298519609 -11.259777308 0.050073702 0.312829859 -0.092128316 0.944003431
1778902050.500179768 31.280973924 -156.340811979 -11.288283389 0.039643762 0.309310702 -0.095190863 0.945353881
1778902050.600019693 31.422719842 -156.380667250 -11.323828548 0.038650175 0.309120463 -0.098741222 0.945093051
1778902050.700339794 31.559739643 -156.419606581 -11.337678481 0.033714522 0.297999260 -0.106390631 0.948019412
1778902050.800179720 31.696135513 -156.461227281 -11.326476239 0.038229153 0.300179664 -0.108374627 0.946934866
1778902050.900019646 31.824983639 -156.503451052 -11.316642414 0.041301018 0.316474733 -0.109417755 0.941363758
1778902051.000339746 31.947603815 -156.546019110 -11.328560659 0.046261291 0.302928694 -0.106267748 0.945939356
1778902051.100194454 32.078093580 -156.586958674 -11.367762315 0.041689776 0.296541192 -0.100815373 0.948768436
1778902051.200034618 32.215493329 -156.637261354 -11.393438389 0.043692599 0.290696038 -0.096301996 0.950953572
1778902051.300354481 32.346318579 -156.684589058 -11.389716772 0.046542471 0.290901222 -0.085156828 0.951818571
1778902051.400194645 32.478191681 -156.727723712 -11.384111530 0.049070482 0.294424411 -0.088955562 0.950259576
1778902051.500034571 32.612085654 -156.764775434 -11.389984432 0.045505063 0.310149012 -0.087292213 0.945577575
1778902051.600354671 32.743866326 -156.807595405 -11.422162657 0.047715048 0.308221343 -0.092629885 0.945591129
1778902051.700194597 32.885037280 -156.850444081 -11.453531360 0.055202085 0.307397267 -0.098778740 0.944829302
1778902051.800034523 33.032561466 -156.886923346 -11.462902566 0.044371783 0.302855688 -0.104952421 0.946200067
1778902051.900354624 33.174715673 -156.926045356 -11.450661181 0.044903977 0.308314209 -0.109936327 0.943843200
1778902052.000194550 33.300056937 -156.969268377 -11.443771188 0.052214849 0.319578048 -0.115005022 0.939104534
1778902052.100048780 33.429867934 -157.011718964 -11.464705536 0.052312209 0.310224119 -0.115897821 0.942121077
1778902052.200368881 33.562368417 -157.055346556 -11.502224686 0.049643115 0.306953639 -0.106954642 0.944391725
1778902052.300208807 33.697979082 -157.105586652 -11.525980836 0.053575977 0.310387627 -0.093768573 0.944455711
1778902052.400048971 33.836754737 -157.155097402 -11.521097543 0.040277195 0.314161039 -0.091881155 0.944054258
1778902052.500368834 33.967118188 -157.200733134 -11.510930809 0.044356341 0.323251592 -0.087757998 0.941190447
1778902052.600208998 34.093701424 -157.240997976 -11.520706631 0.039453344 0.326159120 -0.083412945 0.940800692
1778902052.700048923 34.226681207 -157.285103382 -11.556196399 0.041413388 0.319270360 -0.084164180 0.943009946
1778902052.800368786 34.366029382 -157.329801272 -11.584221559 0.044927458 0.315540866 -0.093646193 0.943210409
1778902052.900208950 34.506102917 -157.371149656 -11.588086124 0.036932548 0.326744728 -0.103224885 0.938732386
1778902053.000048876 34.640558029 -157.415281791 -11.572048377 0.029061717 0.320418459 -0.112019234 0.940180365
1778902053.100383997 34.771428211 -157.457598727 -11.565515587 0.042139835 0.327525575 -0.108173842 0.937683130
1778902053.200223923 34.899370617 -157.498110291 -11.588744096 0.040765022 0.316821677 -0.108667671 0.941357305
1778902053.300064087 35.027012496 -157.538906186 -11.623145444 0.038643228 0.301330611 -0.093353806 0.948151692
1778902053.400383949 35.160356718 -157.587666076 -11.639334857 0.043207262 0.306482266 -0.085851616 0.947011749
1778902053.500224113 35.288331155 -157.636311313 -11.633599469 0.043056844 0.310542121 -0.082085017 0.946029465
1778902053.600064039 35.403032190 -157.673006977 -11.618647024 0.043275457 0.314774128 -0.073425279 0.945332329
1778902053.700383902 35.521028937 -157.707585661 -11.626574724 0.043794275 0.310602874 -0.068001609 0.947092233
1778902053.800224066 35.647622612 -157.741481865 -11.654897869 0.035330345 0.301436731 -0.066709153 0.950493321
1778902053.900063992 35.780207601 -157.775919334 -11.675300644 0.027510802 0.289831911 -0.076386962 0.953627627
1778902054.000384092 35.911631947 -157.808737174 -11.667877131 0.030595032 0.299532394 -0.075724165 0.950584104
1778902054.100219250 36.036419648 -157.843490434 -11.646523853 0.025005553 0.298518718 -0.091344310 0.949693379
1778902054.200059175 36.160092302 -157.880804678 -11.648894741 0.039526643 0.300310318 -0.081635866 0.949519322
1778902054.300379038 36.282578299 -157.911678165 -11.680073816 0.035927515 0.292446820 -0.070332508 0.953014905
1778902054.400219202 36.417217701 -157.947494695 -11.710548748 0.032997708 0.288274451 -0.056817315 0.955290942
1778902054.500059128 36.549361260 -157.992299541 -11.719143005 0.040352642 0.290932922 -0.041422813 0.954994162
1778902054.600379229 36.685786457 -158.033713418 -11.711576198 0.029626865 0.284962587 -0.044326025 0.957054740
1778902054.700219154 36.814496626 -158.067449056 -11.709193908 0.031110375 0.300994925 -0.033445456 0.952531155
1778902054.800059080 36.949418320 -158.099337164 -11.728079360 0.012034053 0.295762877 -0.036205479 0.954499170
1778902054.900379181 37.090319780 -158.133913729 -11.756813608 0.012307632 0.288007321 -0.041589517 0.956645503
1778902055.000219107 37.243042359 -158.174610972 -11.779436974 0.021583103 0.293002010 -0.046316466 0.954745399
1778902055.100073814 37.387180572 -158.211546749 -11.779077370 0.026149320 0.306745413 -0.048323516 0.950204348
1778902055.200393677 37.519259062 -158.245585554 -11.769493198 0.021033047 0.311894309 -0.063379491 0.947767161
1778902055.300233841 37.646065099 -158.280709765 -11.781057059 0.030881730 0.313713249 -0.061805014 0.947000769
1778902055.400073767 37.770756579 -158.316332449 -11.811294837 0.046301565 0.305942427 -0.055329155 0.949312425
1778902055.500393629 37.905898682 -158.354240629 -11.838935233 0.047088548 0.302805626 -0.052957141 0.950414101
1778902055.600233793 38.044152960 -158.393644704 -11.844729069 0.048600221 0.306472202 -0.043571789 0.949639040
1778902055.700073719 38.176408017 -158.430263513 -11.831567291 0.042889407 0.303743679 -0.047996303 0.950576999
1778902055.800393820 38.303640030 -158.458848635 -11.832736851 0.041512613 0.313034976 -0.034921412 0.948191068
1778902055.900233746 38.433091805 -158.483239747 -11.850142172 0.024502990 0.304076809 -0.038920291 0.951536709
1778902056.000073671 38.579940970 -158.513021319 -11.881587207 0.035995706 0.297632225 -0.036821590 0.953290899
1778902056.100408554 38.730745400 -158.539657869 -11.899602645 0.036783520 0.296759093 -0.040788133 0.953371565
1778902056.200248480 38.877784888 -158.569789681 -11.895195409 0.040731936 0.311328386 -0.034208163 0.948812599
1778902056.300088644 39.012943054 -158.598657862 -11.884447017 0.039650273 0.318736849 -0.038677053 0.946223421
1778902056.400408506 39.144193100 -158.626942925 -11.891832110 0.043120477 0.309106907 -0.036018089 0.949366232
1778902056.500248671 39.281933078 -158.652361494 -11.921627967 0.047343330 0.297250681 -0.026082060 0.953268256
1778902056.600088596 39.421586270 -158.678346598 -11.951780274 0.036586866 0.294310437 -0.023415949 0.954722191
1778902056.700408459 39.563439869 -158.708258321 -11.954053271 0.029673042 0.285669294 -0.009634019 0.957820312
1778902056.800248623 39.700610726 -158.730048696 -11.941686480 0.029955145 0.281388934 -0.018702964 0.958943771
1778902056.900088549 39.836976000 -158.754431415 -11.949608072 0.037119424 0.304317241 -0.003517838 0.951840738
1778902057.000408649 39.960284661 -158.775238755 -11.972621634 0.028180891 0.295167407 -0.009743089 0.954980163
1778902057.100263119 40.110410383 -158.799349001 -12.009153190 0.025601196 0.292950287 -0.016701454 0.955638933
1778902057.200103283 40.254406790 -158.822001765 -12.019571684 0.017777760 0.299165122 -0.024642729 0.953717420
1778902057.300423145 40.393356266 -158.851658628 -12.006228227 0.018506620 0.305366331 -0.030868514 0.951554541
1778902057.400263071 40.522111358 -158.888221245 -12.005465558 0.032248886 0.323501252 -0.030974431 0.945170638
1778902057.500103235 40.652514255 -158.919457651 -12.025453618 0.032132652 0.320691450 -0.028243977 0.946217081
1778902057.600423098 40.791086440 -158.952257128 -12.064760756 0.037199627 0.310154792 -0.016566839 0.949813525
1778902057.700263262 40.938321948 -158.984941014 -12.091500052 0.036304805 0.309728841 -0.006743781 0.950107640
1778902057.800103188 41.091456089 -159.015450594 -12.089067852 0.019984198 0.309766262 -0.003848694 0.950594910
1778902057.900423050 41.230501523 -159.039837635 -12.074301030 0.022110861 0.316626019 -0.003271952 0.948287071
1778902058.000263214 41.369288929 -159.061103259 -12.076985088 0.023297297 0.318430157 0.003208867 0.947654565
1778902058.100117922 41.509244225 -159.078939270 -12.102263792 0.018259805 0.309730349 -0.000157060 0.950649076
1778902058.200438023 41.656386329 -159.094588467 -12.134273012 0.011601606 0.309147928 -0.011288828 0.950876187
1778902058.300277948 41.804894499 -159.109248065 -12.135004588 0.010251124 0.295631687 -0.027834211 0.954841388
1778902058.400118113 41.944950589 -159.127189228 -12.119805365 0.019898609 0.296294146 -0.035268914 0.954237878
1778902058.500437975 42.074219200 -159.143980105 -12.112664078 0.023134096 0.311805616 -0.038918366 0.949066611
1778902058.600277901 42.205329958 -159.158119561 -12.131492330 0.029850713 0.303010244 -0.035867339 0.951844137
1778902058.700118065 42.336095067 -159.172120893 -12.170418284 0.034105791 0.297314617 -0.018672009 0.953987510
1778902058.800437927 42.476822659 -159.187010113 -12.194949485 0.034172487 0.293808933 -0.012182823 0.955175445
1778902058.900278091 42.619684457 -159.200561592 -12.190290700 0.027343995 0.305365087 -0.008161991 0.951807676
1778902059.000118017 42.754993974 -159.216698956 -12.189071130 0.033681107 0.308303114 -0.007966376 0.950658356
1778902059.100452900 42.882556505 -159.223563942 -12.187777846 0.034867603 0.325348726 0.003189773 0.944945650
1778902059.200292826 43.009120538 -159.230888855 -12.212355798 0.025621553 0.313066581 -0.003803454 0.949377894
1778902059.300132751 43.149242180 -159.233772525 -12.244153761 0.031638044 0.314472996 -0.005538855 0.948722873
1778902059.400452852 43.298276136 -159.232607219 -12.252986013 0.023919394 0.320755800 -0.013683025 0.946760981
1778902059.500292778 43.429345748 -159.232286063 -12.227494178 0.034161799 0.311642084 -0.010302211 0.949529382
1778902059.600132942 43.560344134 -159.230842558 -12.221121411 0.035666063 0.334072593 -0.007999272 0.941838333
1778902059.700452805 43.686488552 -159.227710778 -12.237201290 0.040403273 0.324234587 0.001462660 0.945112358
1778902059.800292969 43.818915265 -159.224119487 -12.267261105 0.037929135 0.311710782 0.012161669 0.949341805
1778902059.900132895 43.958665007 -159.229916805 -12.284618407 0.040928837 0.305762717 0.020323947 0.951010477
1778902060.000452757 44.104324036 -159.237974185 -12.272185103 0.038189527 0.311011515 0.019870793 0.949430645
1778902060.100307941 44.241957382 -159.247259317 -12.262698613 0.038269275 0.317023608 0.020029297 0.947433545
1778902060.200147867 44.377158491 -159.250061709 -12.271045986 0.028863381 0.330460714 0.024277509 0.943065864
1778902060.300467968 44.516940551 -159.255057818 -12.300640523 0.021890404 0.321043574 0.020188556 0.946596142
1778902060.400307894 44.664202780 -159.255933939 -12.327004621 0.026132283 0.312090551 0.013019760 0.949603642
1778902060.500148058 44.809977759 -159.256697991 -12.329500194 0.020255154 0.300866455 0.003188678 0.953445823
1778902060.600467920 44.948926623 -159.260061249 -12.316613604 0.028983375 0.302159108 -0.008305989 0.952780587
1778902060.700308084 45.080018371 -159.265736983 -12.312744675 0.028684736 0.322672609 -0.012447309 0.945993995
1778902060.800148010 45.206518265 -159.270135192 -12.329526138 0.031050995 0.307092799 -0.015566651 0.951045492
1778902060.900467873 45.340988989 -159.274767670 -12.359081517 0.037583070 0.299629094 0.000975199 0.953314727
1778902061.000308037 45.480040958 -159.282897508 -12.375804599 0.040470817 0.303936233 0.012596550 0.951749025
1778902061.100162506 45.621246274 -159.292709009 -12.365180512 0.040134919 0.305139924 0.015128210 0.951341134
1778902061.200482607 45.755303216 -159.302407112 -12.353127366 0.040172429 0.314048737 0.014836746 0.948440529
1778902061.300322533 45.889004504 -159.305284756 -12.364283291 0.032507807 0.319852533 0.019833047 0.946701774
1778902061.400162458 46.024296885 -159.308453565 -12.395239995 0.028859810 0.312329137 0.020605696 0.949311870
1778902061.500482559 46.173282234 -159.313358602 -12.422900122 0.030056944 0.313277205 0.016298160 0.949046017
1778902061.600322485 46.327561030 -159.320437360 -12.421767437 0.026774363 0.318768494 0.011775407 0.947381191
1778902061.700162649 46.471375802 -159.332942194 -12.408384744 0.031782368 0.313930213 0.002516256 0.948910623
1778902061.800482512 46.609707981 -159.342190742 -12.409547031 0.036317931 0.329324579 0.007760958 0.943486140
1778902061.900322676 46.742986250 -159.345587884 -12.436044492 0.034647083 0.316462031 0.014729123 0.947857803
1778902062.000162601 46.879958048 -159.350061747 -12.472781430 0.028397694 0.309070249 0.025542089 0.950271937
1778902062.100017309 47.021988332 -159.353956494 -12.488394319 0.035527737 0.316830616 0.035669943 0.947145077
1778902062.200337410 47.163944900 -159.358195410 -12.483118061 0.027065874 0.316989575 0.032443919 0.947487435
1778902062.300177336 47.298816703 -159.351377977 -12.465193633 0.028166584 0.329416841 0.042397854 0.942811546
1778902062.400017500 47.426500401 -159.343141697 -12.472362254 0.021614883 0.325981977 0.046669826 0.943975887
1778902062.500337362 47.566768736 -159.331216426 -12.503313992 0.017531750 0.317488061 0.047010891 0.946933971
1778902062.600177526 47.709181728 -159.315753916 -12.522032415 0.015665026 0.314082371 0.042466430 0.948316125
1778902062.700017452 47.851240250 -159.304560165 -12.512685031 0.016080587 0.324304228 0.044216946 0.944782009
1778902062.800337315 47.982644842 -159.296372752 -12.497042756 0.018202216 0.332138806 0.035741834 0.942377321
1778902062.900177479 48.108365227 -159.289744916 -12.504903264 0.012073607 0.334783739 0.041785269 0.941290639
1778902063.000017405 48.242191355 -159.282499146 -12.529200352 0.016187476 0.320303728 0.051431908 0.945779174
1778902063.100352287 48.383892213 -159.279079603 -12.558502211 0.018116454 0.315636995 0.058198226 0.946920296
1778902063.200192213 48.521769862 -159.277894966 -12.566262666 0.016550015 0.313599929 0.079562469 0.946071348
1778902063.300032139 48.662914551 -159.274057535 -12.554981088 0.003531539 0.302002933 0.079754736 0.949958388
1778902063.400352240 48.797563098 -159.271114882 -12.552038588 0.009691491 0.322985036 0.093474768 0.941726717
1778902063.500192165 48.937174789 -159.267148738 -12.571186782 0.002493524 0.316994831 0.091345633 0.944014849
1778902063.600032330 49.085295263 -159.264904495 -12.606304123 0.002003683 0.312583776 0.085195896 0.946059738
1778902063.700352192 49.236445524 -159.262819204 -12.629992303 -0.001057920 0.311648678 0.079359413 0.946877007
1778902063.800192356 49.383301100 -159.260575191 -12.629269782 -0.007031376 0.318017394 0.067860831 0.945626990
1778902063.900032282 49.519702228 -159.260628597 -12.615360591 -0.002780084 0.340442074 0.057082544 0.938527063
1778902064.000352144 49.645255170 -159.261537839 -12.622333395 0.007525156 0.332985278 0.056456392 0.941210313
1778902064.100206852 49.773699829 -159.257753257 -12.651594134 0.006206094 0.328047195 0.062697561 0.942557976
1778902064.200046778 49.915349900 -159.253040971 -12.676750376 0.008467027 0.327473203 0.071702947 0.942097818
1778902064.300366879 50.055954156 -159.254434859 -12.680326109 0.011777000 0.330596963 0.087861985 0.939599501
1778902064.400206804 50.189478928 -159.243687072 -12.659771819 0.010001268 0.329779355 0.083649195 0.940291638
1778902064.500046730 50.324609114 -159.231966660 -12.666794474 0.009372441 0.341061421 0.096818073 0.934994933
1778902064.600366831 50.457489639 -159.217236049 -12.688633194 -0.003747226 0.323537930 0.094455504 0.941481452
1778902064.700206757 50.604830182 -159.196348852 -12.714189417 -0.017122896 0.313385470 0.085501131 0.945614039
1778902064.800046921 50.751599758 -159.177412902 -12.717255950 -0.013245694 0.310491091 0.083668558 0.946794279
1778902064.900366783 50.897976279 -159.160239435 -12.700044083 -0.018236643 0.315526858 0.069016806 0.946227725
1778902065.000206947 51.039824998 -159.149656813 -12.699838896 -0.008974294 0.338470136 0.068717791 0.938421704
1778902065.100061893 51.178671220 -159.138243607 -12.725292375 -0.005414705 0.327941491 0.067970135 0.942234111
1778902065.200381994 51.318851482 -159.130241377 -12.761583393 0.004770709 0.312254242 0.082601381 0.946388684
1778902065.300221920 51.466175403 -159.120278033 -12.779978222 0.006533575 0.308116552 0.095123385 0.946558527
1778902065.400061846 51.611375602 -159.105731345 -12.779951661 -0.007282367 0.319625287 0.101393736 0.942075344
1778902065.500381947 51.745973189 -159.088380255 -12.766699768 -0.000729929 0.326496975 0.103204848 0.939546674
1778902065.600221872 51.875063859 -159.065498158 -12.769038570 -0.006208526 0.331467900 0.114830952 0.936431705
1778902065.700062037 52.007463385 -159.040285935 -12.791954503 -0.010172028 0.317758891 0.113003000 0.941358667
1778902065.800381899 52.146868938 -159.012934168 -12.813903408 -0.013169923 0.312043190 0.104182526 0.944246579
1778902065.900222063 52.285485802 -158.989089473 -12.814917625 -0.014646925 0.320924739 0.097456355 0.941963396
1778902066.000061989 52.423605337 -158.972976470 -12.797790395 -0.011811627 0.326170455 0.085809064 0.941334226
1778902066.100396872 52.553274424 -158.961239071 -12.795658532 -0.004846856 0.329183679 0.084802741 0.940437722
1778902066.200236797 52.683754963 -158.950241712 -12.822527101 0.006335410 0.319862404 0.087810330 0.943364856
1778902066.300076723 52.823983214 -158.936531272 -12.852111706 0.001996664 0.309295853 0.099278718 0.945767321
1778902066.400396824 52.970147728 -158.929051438 -12.864443537 0.008469235 0.312671118 0.115916759 0.942723899
1778902066.500236750 53.116662435 -158.916822660 -12.853273725 0.007694016 0.315412622 0.115294276 0.941893258
1778902066.600076914 53.252962539 -158.901327720 -12.848845105 0.010040155 0.335858070 0.123845342 0.933681361
1778902066.700396776 53.388599397 -158.876222408 -12.858140212 -0.005047430 0.326187346 0.122267918 0.937350999
1778902066.800236702 53.530108060 -158.850817827 -12.882142155 -0.008024460 0.309097866 0.120397981 0.943344287
1778902066.900076866 53.685910387 -158.817055907 -12.897249569 -0.015017103 0.296358304 0.108383405 0.948788322
1778902067.000396729 53.839627824 -158.789371138 -12.891155352 -0.011205304 0.302640291 0.105861572 0.947141290
1778902067.100251436 53.990746204 -158.760984952 -12.883158483 -0.012903090 0.318477264 0.095459723 0.943023427
1778902067.200091362 54.126604287 -158.740137902 -12.889887269 -0.001293939 0.319619662 0.101111167 0.942134878
1778902067.300411463 54.262930989 -158.716894704 -12.920747048 0.012675788 0.308827002 0.112855383 0.944313968
1778902067.400251389 54.405183850 -158.687271875 -12.947739340 0.002118046 0.301442870 0.122774202 0.945544396
1778902067.500091314 54.549626039 -158.661449822 -12.957429252 -0.003924225 0.312771887 0.132707387 0.940503640
1778902067.600411415 54.685289513 -158.632673014 -12.949749443 -0.006176133 0.317568743 0.133271413 0.938802790
1778902067.700251341 54.815578169 -158.599567362 -12.936008409 -0.002988275 0.333908538 0.145836278 0.931250739
1778902067.800091505 54.950908577 -158.558373031 -12.951709634 -0.013004320 0.317654312 0.136660647 0.938216656
1778902067.900411367 55.091127180 -158.516081634 -12.982820638 -0.012546924 0.311825864 0.125519961 0.941728169
1778902068.000251293 55.231355336 -158.472286983 -12.994838496 -0.015631544 0.319300951 0.111255624 0.940970108
1778902068.100106478 55.368314620 -158.438812770 -12.967583123 -0.011877224 0.332458334 0.104381889 0.937248531
1778902068.200426579 55.501210577 -158.411937063 -12.960124193 -0.006069428 0.344454371 0.095521039 0.933911173
1778902068.300266504 55.629807633 -158.384312485 -12.973689767 -0.001360652 0.331159430 0.093998093 0.938880151
1778902068.400106430 55.756206443 -158.352837423 -13.008783930 -0.000637417 0.326096065 0.103375116 0.939667247
1778902068.500426531 55.895283532 -158.318282484 -13.028005428 0.005578591 0.318818040 0.114762082 0.940826021
1778902068.600266457 56.036760954 -158.282831637 -13.019471791 0.003004536 0.320684353 0.128922105 0.938366458
1778902068.700106382 56.175594664 -158.241879614 -13.008789890 0.004849315 0.329058923 0.131759795 0.935059392
1778902068.800426483 56.303543030 -158.199195164 -13.015249715 -0.010960772 0.336777389 0.138486470 0.931279952
1778902068.900266409 56.437200078 -158.158836636 -13.045069664 -0.014674512 0.327084457 0.137655261 0.934800217
1778902069.000106573 56.581991160 -158.116593644 -13.071229116 -0.014847625 0.328414085 0.131612168 0.935201569
1778902069.100440979 56.725626490 -158.078003454 -13.070978394 -0.013043423 0.323862553 0.118454024 0.938568889
1778902069.200281143 56.863289371 -158.048471973 -13.053721257 -0.011386381 0.324314709 0.114133411 0.938969586
1778902069.300121069 56.995202634 -158.025438903 -13.043928030 -0.001032697 0.338484150 0.113045738 0.934156344
1778902069.400441170 57.127273202 -158.000446591 -13.059298488 -0.003367961 0.326371163 0.111394981 0.938648858
1778902069.500281096 57.264309261 -157.979778913 -13.084072440 -0.002670212 0.317274348 0.124762588 0.940087312
1778902069.600121021 57.409286970 -157.962164771 -13.101934944 0.003459150 0.317620696 0.134055777 0.938687475
1778902069.700441122 57.551525487 -157.944261696 -13.095207130 -0.001302500 0.327603697 0.136692632 0.934873920
1778902069.800281048 57.683661534 -157.927007142 -13.085050337 -0.003374346 0.332788632 0.141029738 0.932389915
1778902069.900120974 57.818614774 -157.899928421 -13.090111737 -0.013160484 0.330267216 0.142687719 0.932947256
1778902070.000441074 57.955776709 -157.871262911 -13.118257535 -0.014900644 0.321804861 0.143759220 0.935709832
1778902070.100296021 58.101614463 -157.838567788 -13.141745923 -0.009168344 0.321747810 0.137172710 0.936791298
1778902070.200135946 58.249209861 -157.804688183 -13.146459944 -0.017135494 0.322524129 0.125549136 0.938041564
1778902070.300456047 58.386696638 -157.778700840 -13.130810863 -0.016588959 0.326718766 0.126154923 0.936517266
1778902070.400295973 58.514813045 -157.757258319 -13.125177779 -0.010927663 0.338665609 0.129200342 0.931929967
1778902070.500135899 58.640722066 -157.733365111 -13.147456069 -0.003654788 0.331671280 0.140868812 0.932811225
1778902070.600455999 58.773983056 -157.705416192 -13.182101132 -0.007175096 0.320359522 0.152425523 0.934924999
1778902070.700295925 58.914007462 -157.682233992 -13.198364840 0.001365485 0.319268838 0.166843363 0.932860567
1778902070.800135851 59.054843888 -157.659786100 -13.188820312 -0.007630623 0.327560540 0.164695685 0.930333917
1778902070.900455952 59.187214011 -157.638030536 -13.168890009 -0.007756773 0.342522981 0.165101378 0.924856408
1778902071.000295877 59.320220533 -157.611897485 -13.169769429 -0.019820994 0.335591042 0.160550864 0.928013578
1778902071.100131273 59.456959013 -157.584201152 -13.192521958 -0.018328111 0.320210477 0.160525119 0.933467202
1778902071.200451374 59.593634444 -157.553089321 -13.213277946 -0.017841650 0.315918735 0.159148145 0.935173191
1778902071.300291300 59.737160902 -157.516907112 -13.206708397 -0.018175112 0.338151300 0.165381392 0.926267974
1778902071.400131226 59.872744839 -157.486691030 -13.195262281 -0.022102308 0.336960813 0.161984350 0.927216247
1778902071.500451326 60.005447077 -157.462008159 -13.197722570 -0.012870702 0.336420373 0.169881935 0.926172665
1778902071.600291252 60.141220437 -157.435342427 -13.219651587 -0.007391036 0.327313784 0.173686304 0.928786373
1778902071.700131416 60.284079711 -157.410588469 -13.255844437 -0.008387701 0.323097936 0.183785106 0.928310511
1778902071.800451279 60.437620063 -157.383614354 -13.274744279 -0.020172980 0.344475171 0.180845389 0.920991234
1778902071.900291443 60.579418615 -157.360572491 -13.266880683 -0.016859668 0.354789811 0.183928131 0.916520804
1778902072.000131369 60.704934404 -157.323886778 -13.249206743 -0.027176431 0.342684195 0.188091977 0.920027387
1778902072.100465298 60.825301715 -157.279207979 -13.246549715 -0.040418318 0.319352846 0.188281177 0.927863308
1778902072.200305462 60.957845862 -157.226801617 -13.266124993 -0.039943401 0.309506614 0.189292616 0.931009391
1778902072.300145388 61.096734661 -157.169014981 -13.290516946 -0.044762803 0.323061318 0.182989919 0.927438605
1778902072.400465488 61.229918220 -157.116503215 -13.291668064 -0.050342885 0.336899929 0.188366311 0.921130916
1778902072.500305414 61.361423744 -157.066834921 -13.273235406 -0.056048806 0.336948319 0.174666790 0.923480305
1778902072.600145340 61.488762960 -157.019056922 -13.276438131 -0.046400347 0.327132770 0.178051787 0.926891968
1778902072.700465441 61.617554591 -156.968490529 -13.299835990 -0.040064720 0.317097850 0.186895106 0.928931640
1778902072.800305367 61.755265820 -156.915384880 -13.316410094 -0.045967132 0.314905244 0.191263709 0.928514891
1778902072.900145292 61.900495867 -156.866247713 -13.317747006 -0.043152297 0.331945827 0.193628057 0.922202810
1778902073.000465393 62.025200231 -156.815585642 -13.305317044 -0.044741573 0.330423918 0.195841779 0.922206172
1778902073.100320101 62.149780709 -156.757559666 -13.301904896 -0.050118225 0.334749374 0.199522829 0.919576892
1778902073.200160027 62.272997328 -156.698756378 -13.320740644 -0.046520934 0.327392925 0.201865239 0.921900266
1778902073.300479889 62.407714574 -156.631686625 -13.344053951 -0.046413929 0.316575421 0.194279849 0.927297736
1778902073.400320053 62.545198899 -156.565593952 -13.341031236 -0.043128132 0.314352114 0.186589265 0.929788771
1778902073.500159979 62.685486037 -156.504908142 -13.321037091 -0.044310368 0.324346354 0.183620281 0.926887062
1778902073.600480080 62.810565108 -156.454093483 -13.314323125 -0.040023487 0.329238569 0.184078454 0.925264939
1778902073.700320005 62.936179445 -156.404892056 -13.336179232 -0.033248266 0.315604114 0.194757064 0.928093897
1778902073.800159931 63.069393748 -156.354632738 -13.374191801 -0.021793819 0.310751470 0.211720742 0.926354619
1778902073.900480032 63.209239088 -156.304306740 -13.393364627 -0.020415204 0.315928788 0.214044975 0.924097922
1778902074.000319958 63.347174629 -156.250928898 -13.379476837 -0.039752328 0.311484287 0.205103647 0.927000424
1778902074.100155354 63.471332600 -156.201085784 -13.359388100 -0.034338704 0.318340129 0.213070951 0.923082437
1778902074.200475454 63.583414247 -156.154313922 -13.354793904 -0.035479044 0.308621264 0.214609835 0.925978818
1778902074.300315380 63.711907262 -156.097522374 -13.372382254 -0.043347156 0.278956871 0.211959187 0.935616049
1778902074.400155306 63.855456029 -156.032121278 -13.395943620 -0.054302535 0.276314885 0.207665943 0.936790358
1778902074.500475407 64.010536307 -155.966924933 -13.386862328 -0.056745417 0.293268384 0.204237643 0.932234197
1778902074.600315332 64.135817275 -155.918558940 -13.367745663 -0.056353232 0.299490281 0.193392453 0.932592754
1778902074.700155497 64.262059156 -155.873136555 -13.367986411 -0.050575476 0.306406165 0.192188670 0.930924755
1778902074.800475359 64.391390565 -155.827195885 -13.393700830 -0.039797340 0.301375831 0.195329065 0.932435165
1778902074.900315285 64.536387647 -155.781349458 -13.423117539 -0.032404932 0.301422366 0.213262086 0.928770026
1778902075.000155449 64.681376973 -155.737113942 -13.428581155 -0.032943755 0.310297025 0.220236183 0.924189639
1778902075.100470781 64.818504098 -155.693729732 -13.411299945 -0.039066184 0.306037735 0.217703810 0.925969648
1778902075.200310707 64.951550474 -155.648816051 -13.400954861 -0.040584653 0.311843295 0.222737089 0.922764777
1778902075.300150871 65.080476762 -155.597025553 -13.419699252 -0.051550360 0.308132149 0.223584487 0.923258965
1778902075.400470734 65.220541820 -155.536260712 -13.449678846 -0.054490550 0.307010549 0.224454073 0.923252767
1778902075.500310898 65.358605602 -155.474297314 -13.451726787 -0.057786636 0.297825110 0.222444282 0.926541661
1778902075.600150824 65.491403305 -155.417622231 -13.437592979 -0.058697130 0.309732511 0.213638725 0.924650698
1778902075.700470686 65.622518907 -155.370736900 -13.429290350 -0.054582999 0.330389081 0.207314562 0.919175948
1778902075.800310850 65.747091341 -155.327166734 -13.438087165 -0.051599632 0.320638999 0.209908239 0.922207483
1778902075.900150776 65.873183154 -155.283761022 -13.471161634 -0.050231845 0.315774996 0.220987500 0.921372584
1778902076.000470877 66.008278815 -155.237997078 -13.486239825 -0.051533155 0.309529356 0.237139525 0.919402391
1778902076.100325108 66.137270423 -155.193269244 -13.477617250 -0.062676007 0.304154388 0.251279321 0.916744528
1778902076.200165033 66.271701036 -155.143633300 -13.467881518 -0.054671079 0.324443503 0.254726878 0.909319363
1778902076.300485134 66.399797707 -155.092855653 -13.467336849 -0.050741134 0.327898999 0.261250207 0.906452378
1778902076.400325060 66.531714414 -155.037447001 -13.493508712 -0.062164640 0.317997424 0.255092385 0.911011016
1778902076.500165224 66.674654166 -154.980740323 -13.517776013 -0.056293501 0.316360199 0.251936106 0.912839233
1778902076.600485086 66.815350181 -154.922682901 -13.519350667 -0.060265109 0.310268942 0.239636781 0.917973591
1778902076.700325012 66.945090157 -154.871169050 -13.502457455 -0.063375616 0.312958388 0.230289022 0.919242920
1778902076.800165176 67.066698999 -154.822299839 -13.491475842 -0.057072797 0.324787626 0.226454619 0.916500954
1778902076.900485039 67.187249890 -154.770632297 -13.509593718 -0.055030738 0.317183429 0.228251067 0.918840433
1778902077.000325203 67.322336416 -154.713458755 -13.535402211 -0.052956513 0.310042039 0.237798170 0.918978548
1778902077.100179911 67.458481474 -154.660996345 -13.544137966 -0.039540866 0.304160551 0.251496688 0.917971838
1778902077.200020075 67.593734922 -154.600114459 -13.526904399 -0.060841227 0.312393524 0.248999835 0.914717286
1778902077.300339937 67.720134736 -154.540169284 -13.512461669 -0.051351837 0.320164114 0.251473098 0.911931582
1778902077.400179863 67.845126975 -154.473177542 -13.519566641 -0.060172666 0.329420875 0.255774637 0.906885038
1778902077.500020027 67.967533644 -154.408122411 -13.544617957 -0.062366403 0.312594607 0.258297106 0.911963622
1778902077.600339890 68.098695359 -154.337634326 -13.558963593 -0.061981850 0.307186865 0.250687871 0.915942177
1778902077.700180054 68.230582890 -154.268006142 -13.546693417 -0.062402710 0.308518221 0.243197037 0.917484393
1778902077.800019979 68.362750058 -154.204421660 -13.532703302 -0.053945442 0.315226141 0.234932364 0.917893868
1778902077.900340080 68.481992299 -154.140743520 -13.526503724 -0.052167997 0.314502253 0.236736247 0.917781446
1778902078.000180006 68.600663921 -154.079208987 -13.548074467 -0.039215659 0.306302063 0.238627154 0.920705306
1778902078.100035191 68.723364459 -154.014931519 -13.570628913 -0.023283776 0.298283245 0.253425222 0.919924252
1778902078.200355053 68.847721121 -153.952776734 -13.573127966 -0.024028055 0.296947070 0.262224137 0.917869050
1778902078.300194979 68.964590539 -153.887651426 -13.553713904 -0.029598350 0.283323716 0.267474487 0.920493894
1778902078.400035143 69.080882067 -153.816356308 -13.540119706 -0.034568192 0.304461023 0.271770594 0.912276970
1778902078.500355005 69.197849812 -153.740033479 -13.548404158 -0.048479546 0.299189397 0.272812833 0.913076446
1778902078.600195169 69.322476745 -153.657321820 -13.569265628 -0.042519545 0.278848524 0.270527082 0.920462214
1778902078.700035095 69.445499696 -153.572995189 -13.581009748 -0.044246730 0.272342509 0.261891902 0.924815882
1778902078.800354958 69.569326193 -153.490966030 -13.567353214 -0.053518211 0.287561700 0.259897018 0.920270400
1778902078.900195122 69.688463751 -153.418965726 -13.541940209 -0.050830705 0.297509967 0.255604582 0.918460863
1778902079.000035048 69.802228139 -153.352273012 -13.530266187 -0.044077577 0.290336443 0.258082561 0.920410402
1778902079.100369930 69.916724601 -153.286520534 -13.550408879 -0.034575527 0.273896892 0.266858739 0.923347951
1778902079.200209856 70.036367050 -153.220784285 -13.576362249 -0.038203737 0.266994479 0.280086347 0.921306714
1778902079.300050020 70.159289148 -153.158771527 -13.584563870 -0.036533143 0.271923471 0.292701268 0.915996137
1778902079.400369883 70.283449127 -153.096002564 -13.573293613 -0.040025835 0.270018205 0.290276661 0.917184584
1778902079.500209808 70.398110188 -153.032979257 -13.560114911 -0.044236066 0.282387080 0.289178282 0.913606386
1778902079.600049973 70.513813100 -152.963422765 -13.565222906 -0.054828691 0.277874847 0.281769971 0.916725186
1778902079.700369835 70.633629023 -152.888829391 -13.588073138 -0.049340887 0.271641010 0.278043494 0.920037202
1778902079.800209999 70.750215807 -152.812731070 -13.600017715 -0.050942359 0.263058469 0.271732687 0.924319460
1778902079.900049925 70.870222055 -152.735346907 -13.591636262 -0.055757582 0.262954068 0.257768172 0.928063478
1778902080.000370026 70.990180788 -152.665178894 -13.577157146 -0.052485346 0.272693538 0.252895751 0.926783287
1778902080.100224495 71.104522173 -152.596890707 -13.575840000 -0.044615035 0.265921135 0.255196960 0.928531077
1778902080.200064421 71.221558279 -152.523997979 -13.594886722 -0.032598792 0.251336001 0.267236903 0.929705314
1778902080.300384521 71.347836865 -152.447932321 -13.616043694 -0.038148454 0.246922362 0.276253322 0.928039948
1778902080.400224447 71.470567441 -152.379954484 -13.616135346 -0.029498038 0.250641049 0.292706038 0.922297189
1778902080.500064611 71.587017006 -152.309390025 -13.601074448 -0.038092649 0.255020974 0.290046891 0.921621427
1778902080.600384474 71.695672102 -152.240484234 -13.590896588 -0.041368846 0.261014230 0.297784238 0.917324772
1778902080.700224400 71.805836778 -152.164784118 -13.596551839 -0.045714166 0.245602086 0.297993221 0.921297927
1778902080.800064564 71.926196796 -152.082385666 -13.613780241 -0.039231394 0.244435478 0.296455236 0.922402563
1778902080.900384426 72.045913450 -152.000726340 -13.621534115 -0.044770279 0.240173322 0.292604257 0.924497240
1778902081.000224590 72.167401971 -151.920745399 -13.615436852 -0.048263724 0.251072203 0.288205347 0.922806068
1778902081.100059509 72.286164645 -151.846322057 -13.608778191 -0.049616276 0.266761545 0.285470155 0.919175334
1778902081.200379372 72.395249297 -151.774289472 -13.615508438 -0.045942044 0.257099916 0.284564550 0.922394698
1778902081.300219297 72.503932826 -151.702964939 -13.635414763 -0.032668971 0.250554380 0.296222564 0.921090350
1778902081.400059462 72.621086650 -151.626577710 -13.647713136 -0.032991884 0.243665930 0.303078103 0.920696537
1778902081.500379324 72.735438939 -151.554709394 -13.645723980 -0.036300843 0.252125307 0.307791658 0.916722081
1778902081.600219488 72.841974708 -151.480689985 -13.625758013 -0.045043522 0.255090959 0.304842337 0.916499227
1778902081.700059414 72.948064343 -151.403991853 -13.617378623 -0.051042021 0.260716413 0.309598419 0.913000812
1778902081.800379276 73.059893562 -151.318343860 -13.632723142 -0.057707940 0.249021389 0.309414825 0.915926093
1778902081.900219440 73.173798635 -151.228688748 -13.651433928 -0.055044391 0.247083813 0.303431765 0.918612469
1778902082.000059366 73.284286735 -151.142715491 -13.652064839 -0.061303208 0.253334780 0.293560963 0.919720266
1778902082.100374937 73.395027128 -151.064876852 -13.636814686 -0.064891231 0.258504386 0.293526559 0.918045080
1778902082.200215101 73.500764581 -150.998763709 -13.624158757 -0.059141180 0.255727091 0.297197016 0.918030451
1778902082.300055027 73.609448523 -150.929478094 -13.634258828 -0.057878896 0.251214332 0.301062593 0.918097330
1778902082.400375128 73.721542549 -150.860394312 -13.658173718 -0.053099558 0.241384552 0.312094292 0.917339135
1778902082.500215054 73.836815914 -150.792206290 -13.670438956 -0.051644689 0.238505481 0.320590308 0.915243037
1778902082.600054979 73.923311332 -150.744148214 -13.664390911 -0.052561251 0.237295831 0.335411322 0.910179789
1778902082.700375080 74.036516217 -150.677615598 -13.647151134 -0.054889844 0.241658790 0.332995054 0.909781528
1778902082.800215006 74.143945864 -150.614514159 -13.637955884 -0.049023028 0.249696968 0.337830331 0.906156076
1778902082.900054932 74.250603403 -150.544516143 -13.652374847 -0.057302547 0.239524728 0.335310848 0.909346446
1778902083.000375032 74.362606921 -150.466546290 -13.673541500 -0.058709280 0.231319374 0.332534772 0.912395305
1778902083.100229740 74.483231453 -150.381814470 -13.673286941 -0.058691021 0.231514626 0.329693132 0.913377677
1778902083.200069666 74.597679379 -150.306252616 -13.652613648 -0.064642696 0.233249462 0.325451480 0.914055438
1778902083.300389528 74.721914260 -150.231868974 -13.646385903 -0.071205501 0.246798403 0.325338924 0.910041158
1778902083.400229692 74.838988254 -150.163120337 -13.662948349 -0.059688970 0.240150194 0.326283215 0.912307171
1778902083.500069618 74.961059138 -150.093859682 -13.692653246 -0.051887091 0.235029340 0.337121488 0.910174731
1778902083.600389719 75.094531504 -150.020611287 -13.708356894 -0.060160525 0.235295493 0.343604564 0.907167375
1778902083.700229645 75.218904797 -149.951494741 -13.693065636 -0.061124906 0.225687726 0.351210659 0.906631055
1778902083.800069571 75.338638746 -149.876950792 -13.678634216 -0.061856271 0.253566724 0.354842333 0.897755333
1778902083.900389671 75.436313883 -149.809071741 -13.673614785 -0.066663592 0.246694970 0.356484991 0.898674584
1778902084.000229597 75.552102099 -149.726050542 -13.692979327 -0.066763443 0.237879296 0.361022862 0.899232215
1778902084.100084305 75.663702381 -149.640513369 -13.710975765 -0.063266670 0.234252218 0.349074363 0.905135524
1778902084.200404167 75.781223073 -149.545341575 -13.707167120 -0.072147428 0.235020553 0.338209257 0.908391208
1778902084.300244331 75.885554983 -149.461526429 -13.684830093 -0.070890314 0.237933670 0.329829544 0.910809861
1778902084.400084257 75.982425454 -149.383319520 -13.677138763 -0.069889997 0.246745322 0.335016411 0.906640027
1778902084.500404119 76.078360652 -149.303799331 -13.697342447 -0.064242899 0.243197900 0.344781902 0.904352294
1778902084.600244284 76.184420689 -149.215806368 -13.728757380 -0.065151426 0.243693235 0.364899963 0.896223697
1778902084.700084209 76.292356885 -149.133538759 -13.726435566 -0.058919392 0.234296629 0.376211344 0.894482319
1778902084.800404310 76.398882989 -149.043684043 -13.708571470 -0.062103828 0.234200489 0.377184914 0.893881864
1778902084.900244236 76.502078968 -148.954296737 -13.700283481 -0.064494363 0.258315227 0.383378721 0.884383671
1778902085.000084162 76.605121165 -148.861085591 -13.709749595 -0.065499712 0.258949189 0.393093992 0.879847838
1778902085.100399256 76.706635424 -148.756463797 -13.732938446 -0.063784540 0.244875477 0.392188219 0.884395802
1778902085.200239420 76.809674116 -148.648272396 -13.739644152 -0.062718607 0.244746790 0.388286843 0.886227235
1778902085.300079346 76.917998514 -148.535659414 -13.726564120 -0.064983573 0.249628366 0.384439874 0.886379601
1778902085.400399446 77.020459476 -148.433873172 -13.711338085 -0.069854578 0.255784935 0.371717369 0.889674436
1778902085.500239372 77.119054913 -148.336269216 -13.706260484 -0.065820539 0.260455362 0.369781688 0.889433620
1778902085.600079298 77.215582892 -148.239463630 -13.729040430 -0.054449374 0.254230780 0.376829310 0.889045357
1778902085.700399399 77.314396454 -148.134727263 -13.753242779 -0.055460813 0.251947406 0.383632108 0.886720367
1778902085.800239325 77.414179752 -148.032783086 -13.750650869 -0.056771694 0.254393177 0.393660569 0.881528470
1778902085.900079250 77.507415785 -147.936180901 -13.731428032 -0.058443382 0.250533501 0.393413255 0.882634322
1778902086.000399351 77.599049561 -147.839039081 -13.716243150 -0.065977752 0.261300260 0.401729417 0.875204311
1778902086.100254297 77.691554428 -147.738325835 -13.725929259 -0.074048269 0.252722473 0.400303387 0.877727409
1778902086.200094223 77.791045458 -147.627792496 -13.748321513 -0.065254902 0.248127032 0.399122488 0.880270420
1778902086.300414324 77.884216088 -147.521427801 -13.749990533 -0.057739905 0.236730531 0.399408121 0.883797438
1778902086.400254250 77.977810627 -147.416446131 -13.735062271 -0.062320708 0.242406884 0.388288059 0.886897635
1778902086.500094175 78.075723130 -147.319111285 -13.721480561 -0.068432751 0.264140035 0.375899833 0.885576827
1778902086.600414276 78.169347171 -147.226989015 -13.722005917 -0.062021198 0.262657885 0.376005347 0.886444688
1778902086.700254202 78.269557092 -147.129760445 -13.748547893 -0.050179560 0.262602110 0.384852290 0.883408659
1778902086.800094128 78.370011881 -147.030521366 -13.773027974 -0.052208358 0.265104352 0.388365044 0.881003157
1778902086.900414228 78.472135246 -146.936794738 -13.766792040 -0.058532459 0.269182745 0.394041666 0.876838506
1778902087.000254154 78.570842630 -146.841819437 -13.747316804 -0.062688379 0.266536252 0.387356666 0.880331419
1778902087.100109100 78.666977156 -146.747656674 -13.730291481 -0.054589015 0.272872350 0.392904563 0.876462620
1778902087.200428963 78.760722954 -146.648282257 -13.741023759 -0.057464071 0.259100249 0.387948054 0.882644463
1778902087.300269127 78.865396689 -146.544946239 -13.758780193 -0.054756346 0.254619311 0.384637148 0.885564799
1778902087.400109053 78.964318636 -146.442318181 -13.758857851 -0.054504042 0.245630754 0.381961552 0.889269484
1778902087.500429153 79.067112066 -146.340420730 -13.742622246 -0.057797238 0.249764580 0.366430339 0.894430512
1778902087.600269079 79.169133282 -146.249957682 -13.727818157 -0.071740882 0.277457335 0.361334242 0.887303916
1778902087.700109005 79.268478590 -146.159987639 -13.732518682 -0.064052595 0.267815321 0.363792840 0.889846610
1778902087.800429106 79.372101898 -146.067048882 -13.758015020 -0.056367557 0.258961309 0.375399748 0.888164832
1778902087.900269032 79.484566833 -145.969858297 -13.772779171 -0.048451460 0.265809960 0.379117690 0.885023897
1778902088.000108957 79.593581614 -145.877240408 -13.760128965 -0.049728370 0.262722804 0.386899585 0.882503557
1778902088.100443125 79.695069226 -145.784596123 -13.739686627 -0.048021901 0.270585545 0.390225881 0.878749749
1778902088.200283051 79.791654123 -145.687921169 -13.736761421 -0.058813644 0.269092029 0.393451151 0.877112665
1778902088.300123215 79.892412018 -145.585519045 -13.758537168 -0.060022285 0.253453830 0.392302977 0.882188674
1778902088.400443077 79.998985187 -145.478112212 -13.775271416 -0.056593795 0.252946835 0.388841967 0.884091039
1778902088.500283241 80.108793286 -145.369029915 -13.767817889 -0.059911201 0.262065290 0.383560429 0.883523531
1778902088.600123167 80.215166472 -145.268261689 -13.748956508 -0.073499249 0.269335453 0.374756623 0.884089219
1778902088.700443029 80.318739031 -145.177603819 -13.733399202 -0.068751517 0.279518072 0.381072607 0.878593504
1778902088.800283194 80.420956701 -145.086399228 -13.747205667 -0.063149072 0.270784619 0.385203553 0.879946650
1778902088.900123119 80.522712133 -144.997910207 -13.774702532 -0.060434860 0.260350414 0.401506030 0.875989839
1778902089.000443220 80.633333439 -144.907894938 -13.781458150 -0.057593647 0.252468159 0.418657696 0.870441574
1778902089.100279093 80.742339262 -144.817713892 -13.766475004 -0.060640120 0.241008248 0.423119693 0.871325155
1778902089.200119019 80.844256896 -144.729567741 -13.738513404 -0.050351402 0.278374160 0.424138259 0.860278618
1778902089.300439119 80.933797811 -144.644263918 -13.743748452 -0.060817572 0.267010309 0.431210762 0.859688313
1778902089.400279045 81.027322167 -144.547501491 -13.769261580 -0.060101541 0.253164403 0.429473118 0.864782302
1778902089.500118971 81.127034762 -144.441067082 -13.788630289 -0.061217595 0.247900939 0.415598468 0.872969326
1778902089.600439072 81.226067735 -144.331413749 -13.774142151 -0.069949790 0.260483831 0.404294705 0.873957088
1778902089.700278997 81.328988035 -144.230814361 -13.749088681 -0.072332548 0.266763197 0.395727619 0.875788245
1778902089.800118923 81.429563714 -144.136257090 -13.750943233 -0.066572364 0.289314913 0.407355656 0.863670291
1778902089.900439024 81.522979316 -144.044241241 -13.775338064 -0.041652634 0.283731249 0.421776259 0.860154883
1778902090.000278950 81.619405271 -143.940031953 -13.812510532 -0.067395464 0.277312330 0.425473038 0.858794747
1778902090.100133657 81.722231664 -143.839509888 -13.809500704 -0.079111499 0.270897905 0.429968085 0.857603138
1778902090.200453520 81.819831732 -143.742533185 -13.778089062 -0.077162109 0.263900395 0.430824884 0.859530401
1778902090.300293684 81.908959198 -143.650686178 -13.761347548 -0.072441653 0.268642425 0.442863829 0.852323344
1778902090.400133610 81.992759642 -143.548238837 -13.766205233 -0.081714762 0.244401110 0.443685966 0.858331846
1778902090.500453711 82.082114105 -143.436431962 -13.777465678 -0.083813500 0.227721016 0.438763122 0.865219833
1778902090.600293636 82.175390648 -143.323205210 -13.774484191 -0.082301225 0.218996221 0.436378531 0.868815827
1778902090.700133562 82.266839489 -143.214610099 -13.755161614 -0.079706059 0.228083417 0.431160523 0.869324739
1778902090.800453663 82.354125486 -143.117527469 -13.738774554 -0.077312099 0.243208771 0.422586552 0.869651044
1778902090.900293589 82.446087324 -143.018213819 -13.746482682 -0.069730601 0.242460828 0.421355597 0.871096924
1778902091.000133514 82.544695948 -142.915035033 -13.773853189 -0.056715000 0.239226722 0.437872426 0.864766860
1778902091.100468397 82.647852842 -142.810011392 -13.790484444 -0.064854768 0.236060437 0.442406561 0.862754753
1778902091.200308561 82.751486996 -142.707280191 -13.787297253 -0.078882085 0.248710009 0.445311389 0.856515450
1778902091.300148487 82.842395170 -142.608469026 -13.764366993 -0.082990507 0.258691370 0.443448785 0.854133787
1778902091.400468588 82.928886565 -142.503158100 -13.758623091 -0.096192181 0.258044406 0.445487612 0.851880823
1778902091.500308514 83.015515585 -142.394799529 -13.772018999 -0.100883930 0.249631550 0.447477338 0.852801591
1778902091.600148439 83.090678433 -142.298108837 -13.783497017 -0.101570697 0.251997141 0.442784083 0.854472405
1778902091.700468540 83.194072532 -142.161551288 -13.775606743 -0.105995780 0.251522604 0.436906397 0.857096304
1778902091.800308466 83.264674036 -142.068127082 -13.758073560 -0.101721054 0.251399925 0.430910658 0.860678168
1778902091.900148392 83.370693128 -141.933938730 -13.751834574 -0.110132847 0.270659550 0.423570322 0.857439412
1778902092.000468493 83.439680663 -141.846022953 -13.761407863 -0.099179193 0.264348558 0.428025165 0.858532344
1778902092.100322962 83.537320932 -141.719519885 -13.792265776 -0.094428618 0.262121852 0.439670388 0.853853220
1778902092.200163126 83.620942785 -141.614393342 -13.796111664 -0.088169943 0.261179641 0.452072105 0.848317197
1778902092.300482988 83.708475488 -141.502095707 -13.774477435 -0.085844951 0.255077253 0.456134920 0.848237688
1778902092.400323153 83.790144205 -141.388583712 -13.762763948 -0.092855622 0.273017988 0.458041794 0.840854760
1778902092.500163078 83.869608304 -141.265166256 -13.763402814 -0.104254227 0.271417249 0.458057723 0.840027890
1778902092.600483179 83.952513292 -141.143341250 -13.781430970 -0.091030760 0.259708324 0.459409809 0.844516201
1778902092.700323105 84.043403523 -141.010395875 -13.792714935 -0.089812191 0.256447679 0.450518432 0.850412547
1778902092.800163031 84.135559801 -140.884034522 -13.782996779 -0.100960238 0.267949303 0.448496353 0.846676575
1778902092.900483131 84.222974734 -140.764601133 -13.759459290 -0.105022348 0.279560841 0.430346812 0.851831946
1778902093.000323057 84.300197133 -140.661175281 -13.750529775 -0.103028160 0.275644637 0.430166343 0.853441357
1778902093.100158453 84.383095405 -140.551007767 -13.769985846 -0.100403655 0.265891268 0.441370385 0.851124622
1778902093.200478554 84.470728426 -140.441948396 -13.780408181 -0.092036575 0.260017654 0.452876879 0.847834076
1778902093.300318480 84.563946137 -140.334070405 -13.774192294 -0.093272661 0.267227893 0.456773558 0.843354837
1778902093.400158405 84.650008351 -140.230192500 -13.749455558 -0.106700301 0.259873021 0.456320855 0.844305831
1778902093.500478506 84.733643611 -140.128954042 -13.731319082 -0.102011095 0.269691391 0.458853364 0.840424821
1778902093.600318432 84.816666748 -140.019748064 -13.745017252 -0.116086693 0.261857156 0.455190277 0.843063771
1778902093.700158358 84.903208004 -139.901587252 -13.763055864 -0.111762014 0.253637940 0.453220972 0.847211779
1778902093.800478458 84.988483335 -139.782788448 -13.760051048 -0.117505868 0.245047124 0.447148658 0.852175073
1778902093.900318384 85.075895972 -139.671676574 -13.730729565 -0.116432105 0.248336170 0.445854682 0.852048305
1778902094.000158548 85.160556459 -139.569915520 -13.715282595 -0.115967026 0.263899692 0.445664786 0.847520796
1778902094.100473642 85.241992455 -139.465111792 -13.716146308 -0.110962168 0.259798445 0.451197394 0.846530021
1778902094.200313568 85.326584866 -139.358089922 -13.733636137 -0.095078675 0.244636382 0.468830539 0.843392561
1778902094.300153494 85.413226544 -139.248140379 -13.745031392 -0.092192243 0.235557239 0.480239290 0.839871182
1778902094.400473595 85.501396558 -139.139597888 -13.735126045 -0.100698665 0.241045447 0.485973597 0.834018306
1778902094.500313520 85.582802148 -139.030477202 -13.712386432 -0.103734176 0.246073923 0.489534404 0.830086087
1778902094.600153685 85.660209608 -138.913428952 -13.694823504 -0.107128380 0.245490721 0.497331037 0.825178560
1778902094.700473547 85.735403792 -138.793994783 -13.701081801 -0.108576607 0.226365537 0.498790300 0.829564946
1778902094.800313711 85.811880220 -138.668965293 -13.715457869 -0.104351641 0.220490279 0.497766082 0.832300246
1778902094.900153637 85.887489384 -138.537680166 -13.716212358 -0.109719091 0.223463429 0.492522445 0.833934924
1778902095.000473499 85.956673982 -138.413770001 -13.689722002 -0.112117890 0.224763461 0.487520763 0.836202410
1778902095.100328207 86.027018443 -138.300392048 -13.668530266 -0.117135763 0.232456861 0.485610393 0.834521160
1778902095.200168133 86.097308741 -138.184174433 -13.668372477 -0.106492757 0.222943667 0.488017605 0.837134536
1778902095.300488234 86.170539689 -138.063464607 -13.686584746 -0.100014830 0.213388073 0.497965690 0.834561403
1778902095.400328159 86.254432423 -137.942540479 -13.688900598 -0.097099931 0.212077956 0.506409451 0.830146982
1778902095.500168085 86.322799806 -137.833829842 -13.664926805 -0.101108209 0.199275658 0.514538728 0.827838293
1778902095.600488186 86.396600532 -137.721545469 -13.641994541 -0.097003930 0.214521516 0.522693720 0.819366848
1778902095.700328112 86.466451219 -137.603004703 -13.640094506 -0.103464097 0.213851964 0.520959758 0.819855749
1778902095.800168276 86.542259734 -137.477933727 -13.656584463 -0.092210959 0.204044007 0.521498247 0.823348505
1778902095.900488138 86.618305666 -137.347388179 -13.660618777 -0.093891067 0.199829155 0.513859848 0.828975774
1778902096.000328302 86.693192995 -137.221299205 -13.644803094 -0.097771608 0.206685332 0.505400344 0.832041092
1778902096.100163221 86.767545042 -137.102409591 -13.622027941 -0.099309536 0.206214344 0.499031693 0.835811360
1778902096.200483322 86.841312654 -136.989435479 -13.613626524 -0.088572719 0.216782643 0.500640105 0.833378452
1778902096.300323248 86.914812824 -136.873658825 -13.634075851 -0.077784832 0.220587911 0.507408498 0.829353429
1778902096.400163412 86.991798708 -136.754547772 -13.660285944 -0.080517063 0.214071570 0.510375777 0.828979452
1778902096.500483274 87.075340151 -136.636020737 -13.657673940 -0.079079072 0.229240109 0.514719106 0.822350117
1778902096.600323439 87.155557584 -136.516812945 -13.630117109 -0.080014175 0.228299481 0.509828356 0.825561703
1778902096.700163364 87.220008050 -136.406885685 -13.608695047 -0.085892075 0.225726329 0.513073731 0.823665904
1778902096.800483227 87.280626874 -136.289186710 -13.611252723 -0.095882190 0.228127405 0.513334530 0.821737278
1778902096.900323391 87.344496913 -136.161722945 -13.634385520 -0.095651327 0.227641553 0.511078020 0.823303956
1778902097.000163317 87.407412638 -136.030402357 -13.638561668 -0.095326967 0.218051117 0.508306129 0.827642048
1778902097.100018263 87.466478151 -135.906074946 -13.618083565 -0.102741563 0.221089107 0.503845008 0.828676044
1778902097.200338125 87.523598631 -135.791951903 -13.593781410 -0.110662009 0.225795721 0.500458514 0.828439188
1778902097.300178289 87.586544220 -135.675932312 -13.585233324 -0.106392926 0.217000638 0.506026630 0.827966375
1778902097.400018215 87.654372140 -135.553819763 -13.603401533 -0.097684480 0.219048281 0.518311835 0.820870534
1778902097.500338078 87.732655974 -135.428082038 -13.621516136 -0.098964035 0.215556630 0.522634848 0.818898208
1778902097.600178242 87.807152561 -135.315148327 -13.616035931 -0.108292519 0.211856193 0.536672819 0.809550473
1778902097.700018167 87.886268917 -135.196673715 -13.592372868 -0.112757025 0.204573750 0.532243570 0.813727360
1778902097.800338268 87.961063117 -135.084632733 -13.575155820 -0.105916380 0.215590678 0.535983099 0.809335837
1778902097.900178194 88.034620515 -134.968490288 -13.583918147 -0.110667836 0.203649300 0.533879158 0.813174420
1778902098.000018120 88.111371637 -134.841319864 -13.603221824 -0.111339030 0.196556069 0.532801790 0.815531474
1778902098.100353003 88.185250192 -134.712605861 -13.613465859 -0.114614790 0.196255220 0.526910396 0.818970557
1778902098.200192928 88.257496044 -134.589105567 -13.596405964 -0.116803632 0.211210159 0.529177017 0.813461041
1778902098.300033092 88.321408155 -134.472725099 -13.570067923 -0.116915832 0.215717056 0.522837796 0.816356221
1778902098.400352955 88.384894071 -134.359805076 -13.564953435 -0.107732209 0.215342236 0.528173328 0.814281541
1778902098.500193119 88.451480641 -134.244670596 -13.582073227 -0.099512498 0.203147424 0.538180162 0.811905475
1778902098.600033045 88.523227715 -134.127478592 -13.592723083 -0.097347429 0.199403642 0.549920132 0.805201536
1778902098.700352907 88.601546680 -134.009231955 -13.579620230 -0.111624211 0.204012289 0.557342215 0.797049984
1778902098.800193071 88.669868442 -133.897266608 -13.554288829 -0.117733989 0.209635573 0.556399755 0.795368435
1778902098.900032997 88.734105290 -133.789602137 -13.543009620 -0.113144581 0.217360131 0.563761464 0.788749573
1778902099.000353098 88.797078375 -133.672535286 -13.555347405 -0.117664194 0.208952917 0.561581102 0.791909390
1778902099.100188255 88.859337682 -133.549085106 -13.569278029 -0.120504927 0.206003910 0.557337348 0.795245894
1778902099.200028181 88.921809445 -133.426344210 -13.557859181 -0.115432116 0.205700571 0.551622968 0.800046751
1778902099.300348043 88.987480067 -133.299255974 -13.541806799 -0.129676366 0.205989610 0.542020954 0.804341722
1778902099.400188208 89.049172142 -133.183930867 -13.526895196 -0.131041339 0.226691604 0.540591104 0.799500058
1778902099.500028133 89.109910680 -133.067448252 -13.534804675 -0.129222182 0.222457154 0.543103555 0.799282785
1778902099.600348234 89.169975360 -132.951183906 -13.549611254 -0.114248454 0.210521482 0.558960291 0.793845948
1778902099.700188160 89.231775631 -132.827106296 -13.558813985 -0.120763172 0.201319364 0.563459154 0.792086202
1778902099.800028086 89.300594390 -132.708295978 -13.540842890 -0.117411950 0.204224316 0.575721074 0.782976441
1778902099.900348186 89.362382169 -132.587012021 -13.515962808 -0.126751209 0.212268397 0.573414946 0.781070777
1778902100.000188112 89.417169294 -132.478189933 -13.505449988 -0.123590823 0.220754205 0.578315002 0.775593094
1778902100.100042820 89.476144121 -132.352611576 -13.513010461 -0.121096866 0.214080029 0.578682037 0.777581115
1778902100.200362682 89.538381981 -132.211456850 -13.524714999 -0.121258886 0.205712769 0.573077359 0.783939334
1778902100.300202847 89.597504693 -132.078060889 -13.513576880 -0.122298780 0.205696439 0.565066395 0.789577072
1778902100.400042772 89.649556098 -131.966326485 -13.491604540 -0.127361071 0.208455150 0.562763569 0.789697900
1778902100.500362635 89.712524460 -131.838383529 -13.469351933 -0.118767540 0.216629917 0.560959102 0.790120647
1778902100.600202799 89.768177535 -131.711979357 -13.473932018 -0.117581242 0.204755969 0.557469457 0.795912966
1778902100.700042725 89.826440116 -131.590008416 -13.493594794 -0.109558049 0.198415575 0.565660607 0.792878535
1778902100.800362825 89.886576903 -131.466749205 -13.502945163 -0.107194291 0.198433216 0.577105396 0.784909552
1778902100.900202751 89.946947030 -131.347947487 -13.490135352 -0.113606261 0.208434084 0.581041372 0.778485565
1778902101.000042677 90.010434867 -131.220505149 -13.464100450 -0.117146906 0.223114538 0.581761520 0.773336951
1778902101.100358248 90.064723830 -131.097605063 -13.455987193 -0.129529403 0.225135656 0.582751421 0.770023929
1778902101.200198174 90.116026208 -130.981054851 -13.468735781 -0.130406625 0.219074292 0.585383717 0.769627488
1778902101.300038099 90.176007686 -130.840592456 -13.486367155 -0.134856104 0.217494780 0.583194047 0.770969879
1778902101.400358200 90.233194417 -130.706257354 -13.475672324 -0.137866920 0.222238664 0.577075130 0.773684033
1778902101.500198126 90.291430465 -130.578493134 -13.445217673 -0.134316471 0.220133138 0.575546389 0.776045644
1778902101.600038052 90.342307617 -130.477490653 -13.429917937 -0.125417603 0.226755103 0.578428036 0.773481451
1778902101.700358152 90.404111728 -130.349280575 -13.435205709 -0.117851931 0.220462063 0.585219581 0.771378923
1778902101.800198078 90.460539143 -130.230370527 -13.448368147 -0.107483517 0.208128779 0.594246841 0.769415621
1778902101.900038242 90.524345407 -130.109018864 -13.446642485 -0.105922128 0.200831589 0.603921845 0.764019359
1778902102.000358105 90.586094737 -129.991532452 -13.423704371 -0.119597606 0.194395621 0.603596747 0.763922589
1778902102.100213051 90.642969813 -129.879165869 -13.402933268 -0.123157898 0.209239207 0.606021687 0.757488482
1778902102.200052977 90.690751188 -129.765498534 -13.394528704 -0.131251622 0.206049955 0.607656098 0.755692063
1778902102.300373077 90.740420557 -129.647314786 -13.405606911 -0.130263798 0.195931863 0.610273430 0.756444571
1778902102.400213003 90.789192874 -129.523789948 -13.412050927 -0.133619562 0.192405483 0.606220423 0.760014962
1778902102.500052929 90.840797749 -129.395575403 -13.403002990 -0.133328085 0.185167251 0.599166394 0.767421880
1778902102.600373030 90.892612091 -129.274422499 -13.379819131 -0.127949309 0.186005745 0.593150653 0.772789195
1778902102.700212955 90.941124978 -129.146973018 -13.363740674 -0.131797068 0.204993606 0.591481815 0.768606803
1778902102.800052881 90.982178589 -129.021790767 -13.372617289 -0.121515355 0.198619915 0.596517610 0.768082606
1778902102.900372982 91.023218611 -128.891636505 -13.390786964 -0.119934172 0.190632436 0.603846275 0.764620654
1778902103.000212908 91.069710151 -128.759956894 -13.393319783 -0.117877851 0.199778992 0.613279808 0.755037114
1778902103.100067377 91.117152628 -128.626284850 -13.373163299 -0.120831089 0.204521539 0.615679970 0.751338115
1778902103.200387239 91.157246919 -128.500996874 -13.352123563 -0.125605401 0.211308739 0.617770803 0.746947880
1778902103.300227404 91.197256375 -128.374047991 -13.339948640 -0.131381164 0.209929403 0.620695325 0.743912595
1778902103.400067329 91.240518129 -128.246550263 -13.353200588 -0.124870457 0.199998244 0.623916458 0.745074711
1778902103.500387430 91.281016628 -128.110825829 -13.368782146 -0.118668554 0.198846323 0.622677269 0.747429550
1778902103.600227356 91.313426505 -127.971024047 -13.362634744 -0.131379530 0.203743646 0.618082142 0.747798376
1778902103.700067282 91.352968690 -127.835455521 -13.340708242 -0.135118423 0.199987915 0.608332363 0.756094955
1778902103.800387383 91.394078438 -127.709144106 -13.320229122 -0.138825866 0.212544792 0.609422981 0.751103003
1778902103.900227308 91.433943683 -127.586715476 -13.323330358 -0.129928580 0.205983266 0.613081047 0.751545799
1778902104.000067234 91.476808300 -127.456889967 -13.332575410 -0.121785393 0.195862990 0.622904538 0.747526551
1778902104.100383043 91.523262516 -127.333239291 -13.332996647 -0.116889136 0.191304982 0.633735076 0.740350719
1778902104.200222969 91.571178850 -127.211568417 -13.307935081 -0.118025664 0.177581283 0.636623116 0.741111219
1778902104.300062895 91.617980051 -127.093803303 -13.290481171 -0.124210186 0.198553847 0.639895447 0.731903010
1778902104.400382996 91.663451482 -126.970862779 -13.279762513 -0.128794451 0.191959531 0.639508763 0.733206703
1778902104.500222921 91.710070030 -126.846058640 -13.285541168 -0.123399253 0.183835668 0.639868703 0.735897489
1778902104.600063086 91.755566229 -126.711831727 -13.292942483 -0.120735044 0.177312915 0.637868573 0.739666724
1778902104.700382948 91.800732250 -126.582114435 -13.285153269 -0.130580746 0.169064687 0.628457420 0.747935206
1778902104.800222874 91.847251379 -126.464517649 -13.266182462 -0.126781196 0.170362834 0.624533978 0.751571915
1778902104.900063038 91.893077127 -126.346120755 -13.246177507 -0.126040175 0.178100722 0.624053475 0.750300784
1778902105.000382900 91.935803641 -126.222611036 -13.251383461 -0.120537149 0.177820950 0.628621337 0.747452821
1778902105.100218058 91.978375201 -126.097934382 -13.265596703 -0.116392469 0.171570425 0.638675145 0.741019866
1778902105.200058222 92.022861033 -125.974644285 -13.266269483 -0.106616180 0.168020264 0.652122137 0.731531885
1778902105.300378084 92.064160399 -125.855449529 -13.248263122 -0.112990085 0.162046061 0.661855443 0.723133243
1778902105.400218010 92.105049452 -125.736229016 -13.225341229 -0.118759501 0.179740094 0.664471447 0.715588831
1778902105.500058174 92.138701657 -125.611952448 -13.219460471 -0.123969028 0.174393098 0.666595850 0.714050909
1778902105.600378036 92.171597951 -125.485054375 -13.230088739 -0.123633321 0.167144903 0.670759204 0.711940639
1778902105.700218201 92.202940456 -125.350421093 -13.233896288 -0.121669696 0.166266102 0.673087045 0.710285787
1778902105.800058126 92.230941254 -125.214074183 -13.218642057 -0.124948173 0.157931473 0.664542411 0.719603355
1778902105.900378227 92.261878650 -125.087177013 -13.197500947 -0.125491159 0.155521236 0.657801895 0.726196792
1778902106.000218153 92.291107093 -124.963376705 -13.180233172 -0.134819106 0.169491154 0.658480208 0.720763743
1778902106.100072861 92.319329849 -124.836108955 -13.189051818 -0.126644677 0.161610041 0.662065637 0.720772095
1778902106.200392962 92.349971406 -124.704899831 -13.210338391 -0.120789102 0.157792652 0.671382730 0.713972479
1778902106.300232887 92.381657096 -124.572153080 -13.216444775 -0.114073125 0.160885034 0.678369063 0.707756132
1778902106.400073051 92.413910031 -124.438914812 -13.199420002 -0.126454929 0.153526525 0.676862832 0.708728060
1778902106.500392914 92.440930159 -124.307213202 -13.167084268 -0.135525299 0.166322705 0.676739991 0.704267446
1778902106.600233078 92.464296312 -124.179083435 -13.155646111 -0.132897721 0.179233221 0.681989947 0.696493618
1778902106.700073004 92.487070394 -124.044400348 -13.171028291 -0.131664584 0.169678246 0.680632240 0.700438066
1778902106.800392866 92.510866539 -123.903034768 -13.181292693 -0.124093133 0.171513522 0.674576920 0.707198688
1778902106.900233030 92.529658655 -123.765890191 -13.168733452 -0.126591584 0.166506841 0.667010129 0.715085680
1778902107.000072956 92.552658397 -123.634191426 -13.145193698 -0.128015195 0.165449647 0.655487296 0.725654828
1778902107.100407839 92.578340575 -123.510287390 -13.130582940 -0.126346823 0.182690254 0.655545630 0.721748349
1778902107.200247765 92.598453557 -123.382795188 -13.140916533 -0.125799021 0.178187120 0.654064540 0.724309005
1778902107.300087690 92.624201821 -123.250993517 -13.162757508 -0.120674444 0.172428406 0.660619027 0.720616836
1778902107.400407791 92.654401757 -123.113446353 -13.161327927 -0.114283402 0.172838804 0.669459328 0.713365446
1778902107.500247717 92.690353861 -122.975958320 -13.141290858 -0.125071374 0.182070040 0.670413031 0.708345975
1778902107.600087881 92.720373215 -122.849758647 -13.109167037 -0.125537035 0.190822398 0.669390892 0.706925101
1778902107.700407743 92.749484929 -122.722153811 -13.097648737 -0.126880927 0.187757708 0.669110399 0.707770830
1778902107.800247908 92.775887239 -122.590295595 -13.111038367 -0.122618034 0.184601463 0.672011083 0.706603298
1778902107.900087833 92.799140708 -122.453886833 -13.123269117 -0.122627376 0.175060004 0.671118266 0.709870971
1778902108.000407696 92.821456380 -122.316557094 -13.107902678 -0.127275334 0.173402346 0.667237322 0.713110771
1778902108.100242853 92.846311371 -122.184226170 -13.082956270 -0.131074828 0.177416408 0.658979062 0.719089288
1778902108.200083017 92.874321560 -122.057575374 -13.073550829 -0.132194111 0.194858092 0.657828135 0.715413997
1778902108.300402880 92.900081698 -121.929622073 -13.079370058 -0.128660017 0.189511874 0.656244525 0.718940173
1778902108.400243044 92.925769933 -121.822699157 -13.093853845 -0.118861389 0.185760191 0.665841784 0.712755105
1778902108.500082970 92.966265701 -121.665210845 -13.098506662 -0.112898025 0.177787853 0.674042008 0.708034524
1778902108.600402832 93.004544503 -121.522697977 -13.080084881 -0.122822113 0.176799387 0.674578120 0.706116892
1778902108.700242996 93.039241839 -121.398159286 -13.054087768 -0.124730420 0.194941672 0.679814446 0.695911191
1778902108.800082922 93.068644696 -121.275576286 -13.047834646 -0.130445053 0.190055611 0.681421252 0.694642376
1778902108.900403023 93.091632550 -121.182595401 -13.053856449 -0.129531851 0.180041408 0.682092693 0.696818591
1778902109.000242949 93.123379134 -121.044444247 -13.067185025 -0.126943072 0.177346628 0.679398204 0.700608100
1778902109.100078106 93.158078180 -120.903632634 -13.060154697 -0.126515219 0.177196754 0.678565524 0.701529785
1778902109.200397968 93.199308762 -120.762962719 -13.035351614 -0.134137969 0.181050093 0.670645991 0.706726131
1778902109.300238132 93.241953213 -120.639673276 -13.015922605 -0.132757251 0.192817908 0.668274306 0.706120541
1778902109.400078058 93.279114317 -120.516746363 -13.016880976 -0.131834234 0.182770422 0.665927912 0.711164343
1778902109.500398159 93.324622162 -120.377599028 -13.036471401 -0.121879710 0.175588441 0.678129143 0.703174872
1778902109.600238085 93.367940423 -120.245705065 -13.038522102 -0.115449807 0.176866484 0.685033245 0.697222376
1778902109.700078011 93.407973368 -120.121123162 -13.015972854 -0.118796816 0.173672104 0.693185439 0.689361490
1778902109.800398111 93.445103924 -119.995350284 -12.989603712 -0.126999077 0.187246184 0.692655080 0.684864250
1778902109.900238037 93.476470963 -119.858715549 -12.980596349 -0.135070947 0.186646858 0.696575243 0.679486365
1778902110.000077963 93.507608466 -119.726117944 -12.999358733 -0.131788671 0.184793826 0.694612480 0.682639356
1778902110.100393295 93.535526756 -119.581477108 -13.014137432 -0.124108873 0.178919497 0.693296093 0.686968215
1778902110.200233221 93.558425611 -119.439375187 -13.001028961 -0.133487537 0.174521867 0.688207201 0.691443450
1778902110.300073147 93.580809593 -119.304439338 -12.974924102 -0.137628266 0.171975304 0.674950697 0.704219079
1778902110.400393248 93.607732135 -119.181236105 -12.957723193 -0.129741840 0.192676210 0.676359682 0.698985346
1778902110.500233173 93.629173164 -119.049560049 -12.963878734 -0.133288276 0.184081876 0.675127985 0.701819280
1778902110.600073099 93.652677521 -118.918185119 -12.981379901 -0.130387189 0.174581129 0.683291771 0.696873709
1778902110.700393200 93.682692389 -118.786239568 -12.982763321 -0.124107738 0.178480133 0.695626404 0.684723314
1778902110.800233126 93.713026435 -118.650842187 -12.958013344 -0.133442295 0.177871628 0.698605139 0.680077715
1778902110.900073290 93.737364006 -118.532612723 -12.936989156 -0.136098573 0.201469317 0.703769629 0.667529476
1778902111.000393152 93.753183215 -118.414258379 -12.931023095 -0.136540368 0.189644271 0.706658228 0.667851726
1778902111.100248098 93.771063682 -118.285544320 -12.944959458 -0.138226549 0.177331031 0.704656733 0.672982924
1778902111.200088024 93.792811668 -118.145428398 -12.952490169 -0.129000857 0.175164313 0.699047402 0.681182040
1778902111.300408125 93.809334538 -118.012020719 -12.938539906 -0.138960168 0.178654765 0.691845463 0.685654725
1778902111.400248051 93.822596337 -117.884532209 -12.912335321 -0.142117960 0.173358420 0.679281304 0.698803445
1778902111.500087976 93.838384749 -117.765412323 -12.894548992 -0.137319708 0.186233968 0.680418186 0.695335386
1778902111.600408077 93.849006073 -117.640032250 -12.906314501 -0.135679022 0.182455569 0.682224255 0.694889368
1778902111.700248003 93.864412186 -117.512274552 -12.923410098 -0.135394787 0.177099229 0.691275541 0.687344340
1778902111.800088167 93.886321248 -117.379792794 -12.918364608 -0.129717087 0.182186242 0.698562475 0.679700021
1778902111.900408030 93.908299833 -117.249135930 -12.891493046 -0.133085723 0.183718693 0.699865918 0.677291170
1778902112.000247955 93.925539854 -117.122791335 -12.871463996 -0.139008308 0.194454499 0.701182582 0.671719529
1778902112.100082874 93.936487352 -117.000759589 -12.869681313 -0.148062898 0.190152335 0.700703080 0.671516687
1778902112.200402975 93.948043363 -116.876152968 -12.888864524 -0.140443344 0.187996013 0.705147548 0.669103954
1778902112.300242901 93.956310526 -116.744556069 -12.898068117 -0.140248427 0.179652325 0.698085092 0.678772882
1778902112.400082827 93.970088398 -116.609488784 -12.879643335 -0.143284277 0.187586516 0.692202515 0.682009232
1778902112.500402927 93.982220991 -116.485090453 -12.854203372 -0.139928619 0.187862797 0.681524333 0.693290800
1778902112.600242853 93.996624084 -116.364413836 -12.832938474 -0.144514755 0.202462395 0.676565612 0.693096989
1778902112.700083017 94.009180774 -116.244554334 -12.841714886 -0.136941824 0.195323924 0.674541977 0.698633396
1778902112.800402880 94.028879288 -116.122086783 -12.859345629 -0.132522965 0.194727807 0.684167770 0.690241412
1778902112.900243044 94.046514725 -116.000330807 -12.860358263 -0.126921585 0.188657667 0.696320648 0.680761890
1778902113.000082970 94.063513028 -115.877395069 -12.833289322 -0.137786955 0.183740923 0.699720661 0.676494660
1778902113.100418091 94.079746720 -115.767523580 -12.808235556 -0.137406490 0.197625834 0.703393603 0.668805596
1778902113.200258017 94.089182231 -115.656913611 -12.792779197 -0.138519359 0.181346515 0.703781958 0.672768001
1778902113.300097942 94.101088083 -115.537670335 -12.802890867 -0.137744051 0.167483360 0.702400622 0.677944885
1778902113.400418043 94.107022150 -115.412341273 -12.810925162 -0.136925375 0.155083394 0.697611350 0.685958444
1778902113.500257969 94.114063710 -115.285815653 -12.800407937 -0.133397914 0.162641278 0.693722536 0.688840950
1778902113.600098133 94.119895906 -115.169036170 -12.773656683 -0.122860052 0.158383171 0.690147896 0.695353191
1778902113.700417995 94.127584653 -115.059147787 -12.752975492 -0.132187429 0.174550278 0.688124875 0.691767909
1778902113.800258160 94.135970686 -114.949140493 -12.749501273 -0.132524521 0.170326104 0.688882052 0.692002737
1778902113.900098085 94.142012708 -114.835391671 -12.765364124 -0.134687905 0.167558370 0.695571970 0.685538471
1778902114.000417948 94.153829953 -114.717476427 -12.776997893 -0.136966478 0.173073904 0.701798663 0.677321375
1778902114.100272894 94.168781057 -114.602368663 -12.762380787 -0.135105910 0.177775824 0.705874152 0.672223052
1778902114.200112820 94.180644873 -114.492574278 -12.741623764 -0.127935867 0.165033480 0.706520259 0.676184507
1778902114.300432920 94.186609242 -114.391667243 -12.721085630 -0.130875041 0.177592248 0.709960495 0.668796540
1778902114.400272846 94.191696977 -114.288156152 -12.717088355 -0.128447618 0.165577265 0.710224954 0.672060930
1778902114.500113010 94.193408278 -114.179498773 -12.726065328 -0.123527315 0.165651164 0.711666275 0.671440099
1778902114.600432873 94.191883669 -114.059516798 -12.734730003 -0.128283908 0.167542918 0.706836123 0.675170575
1778902114.700272799 94.188261010 -113.942162141 -12.724936635 -0.136264793 0.173946962 0.702443996 0.676569873
1778902114.800112963 94.185786667 -113.830094126 -12.709494626 -0.136770043 0.162315924 0.693529958 0.688450212
1778902114.900432825 94.190328246 -113.728019023 -12.689174266 -0.136286097 0.184342327 0.691002194 0.685536268
1778902115.000272989 94.193777579 -113.629939977 -12.685223908 -0.132040429 0.181829335 0.687391333 0.690649385
1778902115.100108147 94.198411753 -113.528935675 -12.692753480 -0.129110799 0.180961664 0.691435923 0.687386094
1778902115.200428009 94.207588972 -113.434229389 -12.696697672 -0.121096111 0.179875135 0.699968467 0.680459267
1778902115.300267935 94.214921001 -113.340539535 -12.688560278 -0.126690368 0.180736879 0.704887993 0.674104331
1778902115.400108099 94.219050085 -113.257622340 -12.675185537 -0.128417821 0.162475162 0.711234511 0.671756024
1778902115.500427961 94.217842501 -113.178547291 -12.659551245 -0.135189961 0.167800034 0.712223606 0.668060145
1778902115.600268126 94.214728218 -113.102857793 -12.655135605 -0.139721779 0.166777486 0.714382124 0.665072384
1778902115.700108051 94.209781482 -113.028606538 -12.656687504 -0.136659268 0.170680890 0.716417306 0.662524355
1778902115.800427914 94.205245640 -112.950989383 -12.663664918 -0.137365133 0.172178748 0.714127761 0.664459811
1778902115.900268078 94.200754909 -112.876961056 -12.662253487 -0.138497451 0.173168334 0.706461710 0.672118320
1778902116.000108004 94.199731058 -112.813946129 -12.656778579 -0.134714901 0.168418059 0.706522460 0.674027645
1778902116.100442886 94.201855279 -112.759615164 -12.644186033 -0.132728118 0.179908499 0.704472335 0.673598477
1778902116.200282812 94.204670067 -112.716866040 -12.640881078 -0.137878229 0.186194455 0.703929573 0.671419671
1778902116.300122976 94.202778459 -112.683980343 -12.637160146 -0.140101845 0.188778501 0.707105237 0.666885548
1778902116.400442839 94.205864568 -112.663538076 -12.640785815 -0.142318823 0.189405000 0.713196042 0.659713957
1778902116.500282764 94.211773362 -112.648680440 -12.641645827 -0.145136124 0.190928470 0.712770400 0.659120764
1778902116.600122929 94.220776953 -112.636760180 -12.643198316 -0.137387613 0.196895957 0.714207114 0.657468496
1778902116.700442791 94.225990210 -112.626836049 -12.642925816 -0.136836005 0.194930970 0.714966698 0.657343476
1778902116.800282955 94.229350812 -112.623990632 -12.647184427 -0.136840243 0.194858641 0.720154990 0.651676030
1778902116.900122881 94.226003474 -112.624738511 -12.645151868 -0.140519355 0.199047501 0.723285302 0.646136808
1778902117.000442982 94.215750345 -112.628676962 -12.642073264 -0.143391879 0.198023785 0.726071318 0.642686386
1778902117.100278378 94.199645760 -112.636688781 -12.640215159 -0.143892135 0.192122700 0.727262334 0.643018988
1778902117.200118303 94.177023467 -112.644941087 -12.637919562 -0.146378510 0.190901912 0.725203854 0.645142745
1778902117.300438166 94.147948990 -112.651537777 -12.638491632 -0.144999946 0.192081821 0.722867885 0.647720318
1778902117.400278330 94.110869829 -112.656962176 -12.639965094 -0.142622283 0.195442783 0.713336804 0.657732170
1778902117.500118256 94.084233169 -112.660991796 -12.638527226 -0.139220216 0.195423777 0.705571955 0.666779945
1778902117.600438356 94.043263039 -112.665481810 -12.635648143 -0.135050089 0.201138516 0.693842496 0.678149955
1778902117.700278282 94.003730150 -112.669954283 -12.631578572 -0.136852159 0.195226988 0.684833564 0.688593421
1778902117.800118208 93.975008588 -112.670080540 -12.631176714 -0.146469000 0.194832370 0.677456179 0.694003101
1778902117.900438309 93.954416389 -112.671720435 -12.628679290 -0.157774073 0.191990978 0.678126343 0.691658492
1778902118.000278234 93.942391018 -112.675954067 -12.628274798 -0.152762720 0.185918054 0.689697622 0.682945985
1778902118.100113630 93.934442615 -112.673989341 -12.624062200 -0.154842887 0.180505474 0.701276828 0.672050791
1778902118.200433731 93.932359016 -112.671572162 -12.621773900 -0.146022157 0.183463885 0.708651497 0.665455926
1778902118.300273657 93.927771916 -112.667129099 -12.623224881 -0.140196998 0.181837956 0.706825115 0.669087451
1778902118.400113583 93.926929260 -112.657198113 -12.624734633 -0.137878627 0.179283583 0.697524978 0.679930722
1778902118.500433683 93.919314774 -112.651294324 -12.626930527 -0.140546560 0.185093035 0.689963976 0.685519471
1778902118.600273609 93.906992436 -112.645745802 -12.626451662 -0.138372116 0.187306900 0.686934502 0.688396886
1778902118.700113773 93.886425188 -112.640869272 -12.626713069 -0.138267761 0.192270713 0.688622497 0.685356152
1778902118.800433636 93.855463248 -112.640683797 -12.628212689 -0.136537560 0.191820689 0.691133244 0.683298732
1778902118.900273561 93.816185409 -112.643355908 -12.631172795 -0.142816548 0.186674247 0.693096044 0.681449949
1778902119.000113726 93.768571989 -112.643383010 -12.628499260 -0.149877405 0.175603810 0.688819667 0.687188134
1778902119.100448370 93.714301954 -112.647180614 -12.624947536 -0.150863007 0.179330406 0.690026183 0.684795462
1778902119.200288296 93.658154433 -112.651669148 -12.625104773 -0.148990974 0.190928835 0.692389331 0.679665274
1778902119.300128222 93.596928762 -112.657213846 -12.629604242 -0.156466946 0.186488462 0.697657659 0.673805565
1778902119.400448322 93.539611338 -112.659945596 -12.634088257 -0.165182986 0.176236285 0.700090079 0.671959251
1778902119.500288248 93.480048152 -112.665870565 -12.633389347 -0.163664651 0.178964291 0.714459871 0.656302337
1778902119.600128174 93.418320553 -112.663961746 -12.631659931 -0.167749715 0.169263082 0.715843523 0.656336874
1778902119.700448275 93.361334722 -112.653177820 -12.631509277 -0.167305592 0.170852110 0.709897965 0.662467565
1778902119.800288200 93.293512822 -112.641133152 -12.636560625 -0.167280610 0.179078247 0.704597067 0.665951313
1778902119.900128365 93.225449860 -112.630684129 -12.636727254 -0.162324783 0.182624490 0.702648082 0.668269880
1778902120.000448227 93.157306886 -112.618798904 -12.629119766 -0.155410337 0.188326857 0.701728327 0.669296629
1778902120.100283384 93.082679233 -112.611528363 -12.619438128 -0.154400575 0.193149330 0.707427218 0.662118215
1778902120.200123310 93.015039330 -112.609819959 -12.608898334 -0.155779860 0.195223118 0.714804397 0.653203829
1778902120.300443411 92.942889611 -112.612283264 -12.605326017 -0.161424449 0.187698508 0.720529188 0.647726105
1778902120.400283337 92.867661838 -112.617485165 -12.606008526 -0.160284275 0.180546753 0.724440606 0.645676103
1778902120.500123501 92.784918490 -112.620893907 -12.606607760 -0.158850903 0.177950526 0.723281049 0.648046699
1778902120.600443363 92.697383338 -112.629619027 -12.601864622 -0.157665829 0.177339655 0.721642985 0.650325715
1778902120.700283289 92.610437042 -112.638310555 -12.594790674 -0.159674452 0.180021191 0.714851850 0.656569321
1778902120.800123453 92.522884949 -112.648136303 -12.582994823 -0.151636854 0.187922864 0.720112566 0.650483785
1778902120.900443316 92.432790530 -112.652965213 -12.577270457 -0.164067445 0.183631654 0.720823174 0.647900641
1778902121.000283480 92.348027618 -112.658433515 -12.575817149 -0.163543042 0.180563130 0.724196752 0.645127658
1778902121.100118637 92.257496981 -112.658253683 -12.581175384 -0.161105564 0.183408330 0.728688372 0.639859076
1778902121.200438499 92.157755777 -112.652894643 -12.586068364 -0.155175422 0.183980598 0.730607776 0.638971052
1778902121.300278425 92.060795225 -112.643663984 -12.579950623 -0.147499756 0.192644698 0.735410948 0.632694697
1778902121.400118589 91.962692013 -112.636875281 -12.565975236 -0.139630538 0.192730035 0.742119884 0.626591195
1778902121.500438452 91.863046686 -112.633052602 -12.555068289 -0.148137575 0.190392721 0.748719779 0.617433853
1778902121.600278616 91.769806101 -112.635142410 -12.544773797 -0.147399229 0.184824655 0.757753349 0.608213102
1778902121.700118542 91.672158044 -112.636994153 -12.549432637 -0.152109823 0.180745342 0.760286954 0.605109470
1778902121.800438643 91.576576231 -112.640767615 -12.551815288 -0.154091222 0.177092026 0.760131653 0.605882975
1778902121.900278568 91.475847542 -112.649575877 -12.550909759 -0.154856655 0.170508011 0.754824236 0.614155361
1778902122.000118494 91.377871209 -112.662764427 -12.545550922 -0.158217216 0.176892122 0.750822687 0.616394178
1778902122.100453138 91.279615663 -112.673264958 -12.533191081 -0.163534148 0.179981575 0.754021005 0.610176646
1778902122.200293064 91.183265513 -112.682574967 -12.521686968 -0.169322826 0.169361441 0.756382702 0.608713144
1778902122.300133228 91.088704336 -112.692672529 -12.525589393 -0.165224010 0.168319897 0.763940319 0.600636851
1778902122.400453091 90.985764136 -112.695667376 -12.533398609 -0.163544975 0.161001082 0.765151071 0.601560912
1778902122.500293016 90.877382192 -112.698566846 -12.540500287 -0.160727659 0.166460776 0.771072980 0.593214876
1778902122.600133181 90.763779312 -112.693052083 -12.532182066 -0.169281618 0.176583266 0.775191595 0.582443195
1778902122.700453043 90.652393913 -112.688068160 -12.518117992 -0.164262332 0.170765530 0.777291271 0.582816695
1778902122.800293207 90.544894324 -112.690003419 -12.506213007 -0.172653898 0.166256577 0.782025941 0.575312794
1778902122.900133133 90.446634768 -112.690726948 -12.499719259 -0.168649072 0.156880891 0.784628878 0.575589611
1778902123.000453234 90.348168751 -112.688239467 -12.502286013 -0.169291998 0.154054630 0.784973465 0.575694407
1778902123.100288630 90.246568179 -112.688536044 -12.506943091 -0.168221238 0.152385378 0.779127049 0.584329833
1778902123.200128555 90.146398384 -112.689266742 -12.505733161 -0.164358647 0.158239231 0.772111064 0.593119790
1778902123.300448418 90.048647796 -112.691016693 -12.495438084 -0.159352659 0.164416873 0.770370397 0.595065772
1778902123.400288582 89.952079484 -112.689872703 -12.481444639 -0.158034180 0.171912305 0.769610260 0.594282260
1778902123.500128508 89.856936538 -112.686403078 -12.471222046 -0.158258598 0.169992725 0.764126691 0.601803199
1778902123.600448608 89.763140296 -112.679477075 -12.471957519 -0.151317333 0.175568859 0.759712983 0.607548208
1778902123.700288534 89.661878304 -112.670282298 -12.476767354 -0.144445072 0.178314846 0.759838417 0.608263937
1778902123.800128460 89.556926121 -112.658211219 -12.475591655 -0.147630168 0.175362307 0.757922518 0.610742868
1778902123.900448561 89.457307748 -112.647155248 -12.461490150 -0.143378350 0.183939391 0.761278616 0.605032080
1778902124.000288486 89.357690309 -112.642645821 -12.447665618 -0.156560526 0.189787124 0.763653989 0.596910575
1778902124.100123882 89.261575471 -112.643029434 -12.440913458 -0.149318716 0.179144905 0.762997794 0.602864322
1778902124.200443983 89.161522817 -112.645677003 -12.439393390 -0.152309141 0.178706483 0.762698775 0.602624673
1778902124.300283909 89.056293589 -112.650966140 -12.443779089 -0.149854221 0.174431013 0.755746402 0.613159775
1778902124.400123835 88.946763042 -112.663211317 -12.439885930 -0.156707645 0.178059531 0.748490127 0.619273806
1778902124.500443935 88.838683549 -112.679649119 -12.424446470 -0.144625960 0.185361905 0.751346415 0.616605920
1778902124.600283861 88.728940247 -112.695344187 -12.416426368 -0.159164970 0.182027084 0.754623412 0.609980458
1778902124.700123787 88.623297855 -112.710578551 -12.409552056 -0.153931058 0.174952114 0.751486325 0.617223858
1778902124.800443888 88.514296294 -112.724013135 -12.416711424 -0.151455928 0.178815372 0.756910360 0.610059728
1778902124.900283813 88.397560576 -112.730555231 -12.425875425 -0.146112757 0.178089780 0.756975061 0.611493131
1778902125.000123978 88.276093635 -112.737339202 -12.424896300 -0.156240359 0.187062141 0.763332042 0.598264907
1778902125.100458384 88.166335026 -112.750688968 -12.412181740 -0.140487543 0.184432642 0.765516534 0.600193542
1778902125.200298548 88.056061364 -112.764599089 -12.399885932 -0.151619717 0.179857184 0.773225033 0.588885305
1778902125.300138474 87.952556265 -112.777060417 -12.387952975 -0.148904886 0.171240860 0.774456235 0.590526412
1778902125.400458574 87.848979121 -112.788623097 -12.392618556 -0.146925764 0.172102817 0.776812783 0.587669415
1778902125.500298500 87.742780066 -112.800297428 -12.395049084 -0.146665055 0.164472028 0.772804873 0.595156234
1778902125.600138426 87.638340386 -112.810424011 -12.382082542 -0.146808261 0.168013553 0.766877334 0.601762358
1778902125.700458527 87.537605736 -112.821067827 -12.367459796 -0.145417682 0.173086515 0.767508777 0.599854177
1778902125.800298452 87.435889164 -112.832192659 -12.357172944 -0.154906261 0.178666085 0.771096309 0.591179298
1778902125.900138378 87.335996302 -112.842444630 -12.357755335 -0.156170942 0.168823337 0.768836948 0.596656572
1778902126.000458479 87.232268446 -112.845768386 -12.369859469 -0.161494128 0.166275053 0.770431324 0.593892101
1778902126.100293636 87.120477534 -112.846019378 -12.377049820 -0.157449232 0.167190687 0.769916341 0.595387135
1778902126.200133562 87.013649489 -112.842734621 -12.375993139 -0.164239615 0.179383425 0.776459326 0.581341424
1778902126.300453663 86.913294825 -112.839438636 -12.357760491 -0.152091846 0.176181613 0.774135692 0.588678215
1778902126.400293589 86.809727578 -112.839990723 -12.347644803 -0.164795985 0.172058086 0.776077788 0.583902017
1778902126.500133514 86.751672313 -112.839996837 -12.340600463 -0.162839383 0.159911371 0.774024611 0.590590883
1778902126.600453615 86.616989440 -112.838097749 -12.343888698 -0.160992528 0.158030301 0.769770435 0.597127547
1778902126.700293541 86.551928462 -112.840505146 -12.346737405 -0.156389743 0.161905543 0.768314816 0.599183767
1778902126.800133705 86.450919226 -112.845831714 -12.345776057 -0.153351553 0.165043517 0.762162149 0.606920751
1778902126.900453568 86.354682901 -112.852642272 -12.336240075 -0.147410068 0.169515463 0.759602553 0.610359517
1778902127.000293732 86.252463351 -112.856535873 -12.326466942 -0.156701228 0.182294819 0.759199470 0.604838399
1778902127.100148439 86.168726247 -112.858301268 -12.321440510 -0.153463635 0.179825108 0.756754620 0.609454090
1778902127.200468540 86.084067527 -112.854501250 -12.325552745 -0.151628877 0.181171553 0.754237455 0.612626651
1778902127.300308466 85.993815617 -112.844707322 -12.331174756 -0.149599914 0.183450738 0.749909103 0.617739452
1778902127.400148392 85.909074982 -112.833555569 -12.330180250 -0.138674339 0.193755681 0.748027835 0.619421119
1778902127.500468493 85.821769571 -112.820089788 -12.324392833 -0.141820217 0.189855577 0.742817637 0.626150017
1778902127.600308418 85.740601920 -112.804085960 -12.310390220 -0.140481361 0.190876260 0.740503154 0.628877031
1778902127.700148582 85.671908663 -112.788679849 -12.299240304 -0.141889141 0.184044445 0.734976021 0.637028541
1778902127.800468445 85.609726423 -112.772785201 -12.294062588 -0.139440627 0.182751162 0.728311625 0.645538923
1778902127.900308371 85.548780868 -112.755152204 -12.297277898 -0.135840527 0.188471065 0.718331735 0.655763316
1778902128.000148535 85.491733010 -112.740954439 -12.295672166 -0.120406983 0.186081769 0.712958805 0.665255947
1778902128.100464106 85.437516647 -112.719982872 -12.293774449 -0.125329575 0.194425870 0.701945303 0.673619974
1778902128.200304031 85.386148796 -112.691282605 -12.287787866 -0.137451864 0.197090498 0.694840063 0.677834499
1778902128.300144196 85.341417518 -112.652967641 -12.275844264 -0.134065407 0.201939365 0.687369381 0.684668017
1778902128.400464058 85.309931254 -112.616675451 -12.276317020 -0.134122329 0.207223931 0.684205068 0.686245487
1778902128.500304222 85.275469873 -112.559259064 -12.278488531 -0.135862866 0.210822984 0.685935387 0.683072175
1778902128.600144148 85.249365411 -112.492982065 -12.276267017 -0.130574394 0.205238593 0.685491217 0.686242843
1778902128.700464010 85.228708681 -112.421455865 -12.268005304 -0.130421626 0.209169161 0.689726026 0.680820439
1778902128.800304174 85.209227540 -112.352215785 -12.251549416 -0.130343853 0.188138873 0.691328586 0.685331328
1778902128.900144100 85.194216176 -112.278616021 -12.238340339 -0.132292575 0.178391704 0.687169760 0.691717280
1778902129.000464201 85.175708836 -112.207316238 -12.233140029 -0.133204337 0.182640420 0.693495720 0.684078043
1778902129.100299358 85.157566333 -112.123190186 -12.236926419 -0.138188966 0.187682763 0.694028082 0.681178399
1778902129.200139284 85.140987273 -112.024846972 -12.237548532 -0.141640573 0.187192802 0.692099695 0.682564880
1778902129.300459146 85.125882213 -111.918666407 -12.229009335 -0.145252658 0.183280507 0.684069992 0.690911114
1778902129.400299311 85.118909678 -111.812264526 -12.211644865 -0.150737509 0.194124260 0.684029564 0.686802396
1778902129.500139236 85.112489409 -111.710356005 -12.193212010 -0.150611060 0.189058248 0.675196383 0.696909702
1778902129.600459337 85.109236221 -111.614989650 -12.185212871 -0.155314253 0.194699336 0.675963723 0.693572416
1778902129.700299263 85.109364100 -111.515811021 -12.190308644 -0.147981479 0.195413591 0.679489684 0.691526413
1778902129.800139189 85.113205428 -111.403401916 -12.199579399 -0.143216576 0.192986349 0.682873180 0.689876439
1778902129.900459290 85.124852626 -111.291707792 -12.193690896 -0.140554851 0.199387725 0.687912825 0.683567710
1778902130.000299215 85.136111888 -111.184120237 -12.176152430 -0.144296425 0.201070775 0.685692237 0.684525559
1778902130.100134373 85.146043697 -111.081486497 -12.161584802 -0.150337253 0.206498703 0.677599141 0.689649476
1778902130.200454473 85.153644687 -110.979047203 -12.156781196 -0.156140882 0.202263513 0.674362142 0.692780772
1778902130.300294399 85.161971531 -110.868803374 -12.167315926 -0.152006552 0.207501515 0.675953473 0.690596866
1778902130.400134325 85.162318664 -110.747340318 -12.174062127 -0.156982223 0.211219333 0.678441604 0.685900841
1778902130.500454426 85.164362649 -110.628087465 -12.165614053 -0.153303197 0.202293319 0.674814122 0.692965688
1778902130.600294352 85.162564097 -110.513824321 -12.138689446 -0.149799935 0.191182194 0.669529753 0.701953886
1778902130.700134516 85.166264623 -110.402234244 -12.122545109 -0.156278276 0.201063573 0.664380088 0.702673209
1778902130.800454378 85.165886681 -110.291629069 -12.115194053 -0.151533540 0.197216092 0.662834632 0.706253248
1778902130.900294304 85.166119117 -110.177018036 -12.126988663 -0.147905538 0.195682750 0.667163421 0.703367033
1778902131.000134468 85.173013319 -110.054023406 -12.138038171 -0.143253477 0.197977834 0.665086945 0.705650462
1778902131.100469589 85.180992146 -109.927061895 -12.121175765 -0.154158667 0.214600897 0.662402516 0.701002473
1778902131.200309515 85.181863072 -109.815220834 -12.097671935 -0.158402696 0.200057896 0.659004652 0.707529711
1778902131.300149441 85.183880356 -109.700474980 -12.084625632 -0.163228987 0.199270666 0.661512026 0.704307702
1778902131.400469542 85.193145917 -109.579480794 -12.089669461 -0.155645454 0.205027875 0.662728183 0.703227857
1778902131.500309467 85.196838761 -109.452892312 -12.094930565 -0.150961758 0.205150263 0.661677067 0.705200239
1778902131.600149393 85.200677692 -109.323356133 -12.090983710 -0.146204111 0.198214541 0.658179455 0.711431767
1778902131.700469494 85.202783753 -109.200753968 -12.068397760 -0.139472160 0.201410609 0.658971073 0.711152873
1778902131.800309420 85.210826785 -109.082380714 -12.052291195 -0.149804594 0.211743259 0.649211224 0.715016198
1778902131.900149584 85.219966832 -108.967156456 -12.047509255 -0.152079396 0.217398734 0.644932058 0.716709347
1778902132.000469446 85.230574957 -108.848381699 -12.057919988 -0.142855403 0.215814308 0.654529134 0.710357748
1778902132.100304842 85.241805506 -108.722156986 -12.071563623 -0.141730854 0.205902101 0.661474493 0.707084284
1778902132.200145006 85.259059989 -108.593049090 -12.064664703 -0.136356318 0.210594435 0.675632855 0.693236744
1778902132.300464869 85.268472929 -108.470328435 -12.042080174 -0.138259192 0.198912761 0.684456083 0.687632155
1778902132.400304794 85.272903059 -108.357147121 -12.016004975 -0.142420620 0.206754621 0.692085778 0.676746755
1778902132.500144958 85.279933306 -108.239129343 -12.005837828 -0.137844265 0.203319908 0.693694098 0.677088231
1778902132.600464821 85.282962947 -108.112858681 -12.013741262 -0.137753173 0.204134572 0.695201861 0.675312899
1778902132.700304985 85.283405523 -107.981925671 -12.020223193 -0.142373011 0.198928023 0.690821444 0.680384670
1778902132.800144911 85.283362605 -107.851364835 -12.002514132 -0.143891597 0.198642024 0.693635644 0.677278487
1778902132.900465012 85.280986246 -107.732095139 -11.980640550 -0.144470953 0.188488618 0.686155939 0.687597420
1778902133.000304937 85.282981663 -107.616355441 -11.968153398 -0.151459538 0.200250729 0.685916766 0.682991833
1778902133.100159407 85.284616948 -107.502909232 -11.970851244 -0.145842220 0.192528942 0.688900839 0.683431260
1778902133.200479507 85.287451697 -107.382445637 -11.986376431 -0.141839411 0.184059339 0.700340379 0.674927474
1778902133.300319433 85.294416698 -107.254600559 -11.991297613 -0.140929734 0.177549742 0.707907007 0.668941379
1778902133.400159597 85.306093572 -107.131112020 -11.973118868 -0.145068404 0.179862911 0.715190942 0.659625960
1778902133.500479460 85.312939585 -107.016479082 -11.947082311 -0.145570198 0.180513793 0.716329502 0.658100397
1778902133.600319386 85.313133092 -106.911006417 -11.934156935 -0.147945143 0.180135718 0.725762216 0.647250001
1778902133.700159550 85.306592444 -106.800817140 -11.939037094 -0.151518385 0.163389277 0.729454517 0.646716500
1778902133.800479412 85.297044220 -106.681053049 -11.951120723 -0.152560854 0.160779832 0.728499977 0.648199672
1778902133.900319576 85.285194135 -106.558127978 -11.953884884 -0.153659735 0.158666416 0.725368921 0.651961335
1778902134.000159502 85.272838853 -106.441297593 -11.934203203 -0.156063990 0.157200034 0.724360571 0.652865946
1778902134.100474596 85.262170626 -106.329089612 -11.904609113 -0.163369653 0.162438006 0.714483036 0.660634726
1778902134.200314522 85.254641061 -106.225296411 -11.899482112 -0.164754173 0.174234799 0.712125249 0.659830226
1778902134.300154686 85.241455090 -106.114281940 -11.907485482 -0.165957471 0.170470199 0.714791758 0.657625099
1778902134.400474548 85.234596485 -106.003205107 -11.921190484 -0.162491155 0.172767783 0.723371467 0.648445555
1778902134.500314713 85.236799417 -105.891075759 -11.924706067 -0.149313411 0.176904198 0.731321443 0.641544509
1778902134.600154638 85.239364692 -105.780124675 -11.918504411 -0.158236638 0.188133799 0.734981723 0.631956254
1778902134.700474739 85.236464493 -105.677123719 -11.891296750 -0.161911524 0.181297671 0.735363219 0.632579441
1778902134.800314665 85.234182814 -105.579204072 -11.881134045 -0.167833306 0.182088319 0.737335195 0.628500307
1778902134.900154591 85.228610300 -105.480639553 -11.881006668 -0.166434236 0.179898580 0.735650914 0.631469618
1778902135.000474691 85.224590481 -105.371984198 -11.888460818 -0.166875639 0.180788327 0.735062074 0.631784654
1778902135.100309849 85.211127534 -105.264295001 -11.888340399 -0.167412147 0.169013691 0.729324124 0.641477878
1778902135.200149775 85.204009684 -105.197764073 -11.875255425 -0.165280195 0.172658638 0.729164970 0.641240905
1778902135.300469875 85.187864832 -105.094008066 -11.851819659 -0.164652932 0.162496989 0.729627328 0.643527857
1778902135.400309801 85.184000079 -104.999284458 -11.838282381 -0.169558865 0.172344268 0.722816995 0.647366076
1778902135.500149727 85.178411282 -104.910171689 -11.836281814 -0.167502678 0.172727034 0.721792817 0.648940178
1778902135.600469828 85.175824386 -104.807525779 -11.848144098 -0.163327839 0.176774639 0.726783374 0.643320039
1778902135.700309753 85.176544264 -104.704339873 -11.855273717 -0.159015461 0.174788615 0.732177303 0.638810943
1778902135.800149679 85.186427268 -104.598467571 -11.848073847 -0.148300039 0.175209062 0.735999364 0.636878183
1778902135.900469780 85.194538436 -104.487560741 -11.833340929 -0.162893834 0.183648535 0.740779969 0.625287016
1778902136.000309706 85.203252748 -104.389975570 -11.816884572 -0.168510207 0.181269138 0.737930084 0.627857468
1778902136.100145340 85.210768815 -104.297994198 -11.806459411 -0.167574483 0.180798449 0.737404973 0.628859777
1778902136.200465441 85.218664692 -104.196941778 -11.812405997 -0.163160157 0.174095178 0.735170041 0.634503462
1778902136.300305367 85.220869196 -104.090849625 -11.819478722 -0.160847303 0.167751559 0.734068449 0.638068235
1778902136.400145292 85.221645091 -103.977271668 -11.811934500 -0.160315439 0.163688186 0.726368069 0.647992721
1778902136.500465393 85.223687732 -103.867021700 -11.796399772 -0.164928182 0.165346405 0.728106213 0.644453726
1778902136.600305319 85.229143356 -103.757226765 -11.774660933 -0.167617125 0.166764993 0.722301249 0.649903718
1778902136.700145483 85.229349335 -103.654259428 -11.770716452 -0.176203785 0.176189687 0.723165878 0.644158779
1778902136.800465345 85.232794320 -103.545909378 -11.786945391 -0.170059065 0.173719098 0.732208906 0.636216714
1778902136.900305510 85.238779795 -103.435156229 -11.799317406 -0.169418706 0.167218951 0.737728606 0.631736993
1778902137.000145435 85.251279223 -103.319204756 -11.792397864 -0.166209176 0.170377139 0.745464654 0.622598258
1778902137.100480080 85.258998437 -103.208451837 -11.764280711 -0.173372134 0.159660493 0.746933714 0.621723939
1778902137.200320005 85.268856171 -103.097039637 -11.743691148 -0.173527357 0.171756740 0.748689939 0.616320739
1778902137.300159931 85.272819377 -102.989243328 -11.739098684 -0.175262074 0.166631598 0.748677504 0.617251254
1778902137.400480032 85.278258231 -102.874365942 -11.752071921 -0.174194000 0.170776976 0.746743126 0.618761972
1778902137.500319958 85.278887000 -102.743870996 -11.761714680 -0.179043178 0.166395444 0.740363837 0.626192851
1778902137.600159883 85.279990085 -102.619754988 -11.745496279 -0.177777563 0.166842300 0.737935017 0.629293808
1778902137.700479984 85.283753379 -102.503802950 -11.719887456 -0.170325605 0.167737624 0.732490981 0.637424695
1778902137.800319910 85.289170060 -102.388032084 -11.702635836 -0.172783169 0.175447740 0.724220816 0.644102691
1778902137.900160074 85.293143229 -102.277433896 -11.702707165 -0.178628314 0.174323305 0.722404137 0.644853141
1778902138.000479937 85.299495701 -102.162664675 -11.718331199 -0.168662271 0.175864824 0.729708528 0.638866235
1778902138.100315094 85.306516747 -102.040653406 -11.723295938 -0.163281164 0.168167778 0.735741552 0.635407923
1778902138.200155020 85.312313078 -101.917964201 -11.714038699 -0.164855568 0.172977440 0.742891784 0.625310518
1778902138.300475121 85.317462795 -101.801517431 -11.688558865 -0.169891696 0.165288792 0.742648816 0.626329916
1778902138.400315046 85.319445991 -101.682597155 -11.668294873 -0.174164716 0.172894033 0.743022190 0.622649444
1778902138.500155210 85.319400001 -101.567404084 -11.669229619 -0.176430951 0.170793112 0.739744729 0.626481898
1778902138.600475073 85.314889231 -101.444539756 -11.682162255 -0.173478223 0.170492612 0.739120907 0.628122488
1778902138.700315237 85.314238718 -101.317325222 -11.678715996 -0.168330305 0.167194614 0.731890965 0.638785164
1778902138.800155163 85.309644384 -101.192948219 -11.660309289 -0.166876837 0.167761703 0.728983885 0.642332179
1778902138.900475025 85.305772452 -101.068285379 -11.640656682 -0.172821300 0.172561005 0.718862203 0.650839942
1778902139.000315189 85.298339614 -100.958712217 -11.630116422 -0.172054141 0.180437699 0.718005871 0.649851659
1778902139.100150824 85.294228884 -100.845602813 -11.638080503 -0.160421238 0.173269523 0.721431705 0.650983097
1778902139.200470686 85.288408935 -100.722104744 -11.645524425 -0.157640674 0.167129622 0.726189429 0.647970694
1778902139.300310850 85.289411115 -100.596544829 -11.639812252 -0.153615353 0.177144020 0.727634061 0.644647960
1778902139.400150776 85.286355553 -100.471518110 -11.601471798 -0.159366954 0.184409153 0.727191825 0.641706700
1778902139.500470877 85.281649316 -100.357608937 -11.589337410 -0.165399118 0.183859296 0.726940239 0.640622182
1778902139.600310802 85.272898484 -100.241896551 -11.584128246 -0.169653573 0.182535973 0.729074426 0.637454912
1778902139.700150728 85.263089377 -100.120777746 -11.597023957 -0.165799285 0.174039513 0.731582143 0.637972110
1778902139.800470829 85.250451099 -99.994547122 -11.604525275 -0.165221750 0.168660271 0.726747904 0.645052688
1778902139.900310755 85.243248204 -99.868942905 -11.597209892 -0.157748824 0.171733283 0.723731860 0.649488401
1778902140.000150681 85.234495073 -99.747421539 -11.566540862 -0.160362052 0.170693937 0.715177075 0.658535757
1778902140.100485563 85.233582947 -99.638339054 -11.544386510 -0.161405906 0.184068125 0.711215281 0.658968803
1778902140.200325727 85.229661475 -99.534408268 -11.536711211 -0.155509989 0.169950410 0.709613238 0.665869772
1778902140.300165653 85.227152464 -99.425474001 -11.545386974 -0.149098816 0.167639056 0.714359408 0.662840348
1778902140.400485516 85.227023439 -99.313159851 -11.553121264 -0.147457219 0.169699829 0.720484364 0.656018764
1778902140.500325680 85.229599631 -99.204791345 -11.542817402 -0.142635946 0.170149081 0.732620647 0.643405988
1778902140.600165606 85.231604633 -99.100093124 -11.530218374 -0.145344373 0.156226881 0.730565316 0.648646664
1778902140.700485706 85.237333196 -98.996119921 -11.514144307 -0.153317109 0.173648976 0.731865695 0.640868553
1778902140.800325632 85.242756419 -98.888948983 -11.514155847 -0.159973073 0.164842522 0.726384431 0.647766330
1778902140.900165558 85.248394130 -98.775420753 -11.523641419 -0.162480984 0.158387266 0.724322035 0.651053756
1778902141.000485659 85.257573360 -98.660786247 -11.527584970 -0.161269861 0.153580946 0.721218392 0.655933652
1778902141.100340128 85.270526255 -98.546989008 -11.512796605 -0.162814770 0.171775623 0.722965987 0.649079862
1778902141.200180292 85.283224207 -98.446061778 -11.496064907 -0.156933923 0.170915910 0.718359334 0.655834859
1778902141.300020218 85.299772198 -98.350019131 -11.481121835 -0.150946033 0.184801680 0.717227324 0.654712609
1778902141.400340319 85.311136317 -98.258687337 -11.480329980 -0.149679020 0.171841144 0.713581045 0.662471814
1778902141.500180244 85.328951647 -98.164101151 -11.485859810 -0.140371134 0.166273119 0.718760694 0.660327388
1778902141.600020170 85.352412617 -98.067125180 -11.486462301 -0.130959622 0.164835748 0.720174775 0.661080213
1778902141.700340271 85.377762037 -97.973389809 -11.477387495 -0.134025173 0.175235816 0.722919297 0.654765112
1778902141.800180197 85.403847020 -97.889333616 -11.463743280 -0.137909996 0.171468470 0.724808157 0.652864865
1778902141.900020123 85.428682217 -97.810934104 -11.448636210 -0.133411115 0.174384899 0.722196216 0.655914634
1778902142.000340223 85.447600664 -97.742497869 -11.442823875 -0.132925699 0.167665196 0.720455359 0.659669020
1778902142.100175858 85.471168486 -97.670408202 -11.439007428 -0.132077261 0.168287349 0.717092644 0.663334837
1778902142.200015783 85.498685090 -97.603851237 -11.443568453 -0.124618919 0.163696597 0.718309472 0.664608947
1778902142.300335884 85.527476971 -97.536349467 -11.444413117 -0.134977487 0.164878642 0.717193543 0.663497952
1778902142.400175810 85.560441136 -97.469956382 -11.441383932 -0.149020310 0.172601719 0.709792821 0.666480116
1778902142.500015974 85.596385161 -97.420248414 -11.432016909 -0.149885375 0.161040218 0.702987923 0.676319749
1778902142.600335836 85.645316457 -97.371713862 -11.423235653 -0.133481911 0.178899254 0.690120404 0.688412278
1778902142.700175762 85.692462816 -97.333363265 -11.429185075 -0.124523123 0.188524971 0.678714060 0.698784339
1778902142.800015926 85.744103573 -97.301497459 -11.444354607 -0.128290743 0.191128431 0.674564452 0.701408731
1778902142.900335789 85.801652363 -97.279678402 -11.452101505 -0.124398347 0.178829719 0.678862246 0.701206841
1778902143.000175953 85.863407852 -97.261417505 -11.449066585 -0.116592735 0.180496225 0.684864116 0.696267470
1778902143.100011587 85.923031513 -97.245252327 -11.449317593 -0.116072061 0.182460590 0.682781538 0.697885937
1778902143.200331450 85.982057564 -97.219990859 -11.443963019 -0.126789774 0.196968741 0.671979773 0.702545979
1778902143.300171614 86.046836368 -97.198032032 -11.454189339 -0.131143462 0.201276968 0.667412021 0.704875995
1778902143.400011539 86.112685736 -97.172198023 -11.460760202 -0.137130040 0.208938265 0.658363025 0.709998790
1778902143.500331402 86.185509769 -97.147710046 -11.471875545 -0.128604694 0.213737115 0.658607992 0.709938583
1778902143.600171566 86.262662620 -97.122506492 -11.480786960 -0.120836528 0.211276898 0.667033405 0.704149873
1778902143.700011492 86.339373610 -97.098656999 -11.481706766 -0.122313219 0.207581262 0.679871411 0.692621368
1778902143.800331593 86.416025117 -97.075024042 -11.474255660 -0.125975288 0.195148569 0.680787247 0.694676894
1778902143.900171518 86.492366892 -97.054088710 -11.461199517 -0.130140531 0.183106542 0.673814112 0.703924697
1778902144.000011444 86.575729498 -97.034585514 -11.458586818 -0.118750702 0.198611151 0.671715439 0.703740187
1778902144.100326538 86.625593480 -97.023617857 -11.464092811 -0.116821819 0.199332841 0.671560098 0.704007184
1778902144.200166702 86.711008794 -97.009630981 -11.480722507 -0.118511332 0.197146311 0.670695336 0.705163927
1778902144.300486565 86.804645052 -97.007020798 -11.496310811 -0.105586458 0.191419286 0.678716137 0.701109522
1778902144.400326729 86.908399188 -97.007342483 -11.496899046 -0.093877261 0.186310970 0.688451471 0.694629293
1778902144.500166655 87.002588792 -97.004509046 -11.495072728 -0.101598179 0.196706114 0.685435409 0.693659004
1778902144.600486755 87.095967430 -97.002893098 -11.488945000 -0.103005578 0.178847001 0.686278955 0.697441608
1778902144.700326681 87.195218030 -96.993079171 -11.492924165 -0.090994407 0.202612662 0.683267679 0.695566967
1778902144.800166607 87.284083794 -96.978087152 -11.508962955 -0.098974237 0.206347593 0.677821101 0.698701171
1778902144.900486708 87.389980573 -96.961618491 -11.529546586 -0.098224835 0.207401245 0.669775368 0.706213538
1778902145.000326633 87.510625902 -96.938178631 -11.544134391 -0.100761268 0.207930628 0.663187236 0.711895154
1778902145.100161791 87.610312145 -96.920313787 -11.541520620 -0.099235469 0.205377124 0.657236085 0.718340649
1778902145.200481892 87.721036972 -96.900642078 -11.525479286 -0.108693285 0.196127892 0.641945732 0.733229362
1778902145.300321817 87.834655793 -96.886710310 -11.513722307 -0.094216991 0.198993652 0.634300556 0.741071852
1778902145.400161743 87.934483869 -96.877109257 -11.517359179 -0.091333675 0.184736322 0.634079778 0.745300937
1778902145.500481844 88.042590832 -96.871190162 -11.530313782 -0.089209817 0.182811869 0.638011921 0.742672349
1778902145.600321770 88.151024976 -96.867783099 -11.545008860 -0.083434304 0.178181427 0.644190776 0.739126742
1778902145.700161695 88.264121809 -96.873068052 -11.550563464 -0.086265520 0.174925914 0.653839841 0.731062684
1778902145.800481796 88.361493984 -96.873395995 -11.543598289 -0.107957090 0.166933336 0.651731555 0.731932038
1778902145.900321722 88.473608643 -96.870070657 -11.540262858 -0.097400809 0.190881722 0.649550058 0.729494326
1778902146.000161886 88.570162429 -96.869852241 -11.553685496 -0.102864936 0.187849251 0.647924915 0.730975217
1778902146.100016594 88.679172776 -96.868691139 -11.575116097 -0.099384655 0.191218889 0.647508771 0.730951721
1778902146.200336695 88.796649433 -96.861556320 -11.596231773 -0.102247558 0.190595626 0.639878622 0.737410397
1778902146.300176620 88.922346595 -96.855575113 -11.598570682 -0.104554230 0.198475692 0.636933295 0.737557991
1778902146.400016546 89.038830218 -96.852883854 -11.590749750 -0.107753244 0.196984780 0.625556453 0.747171573
1778902146.500336647 89.164943072 -96.856050470 -11.584007619 -0.097303930 0.208089989 0.616014963 0.753495897
1778902146.600176573 89.276109532 -96.860954116 -11.592880672 -0.095260218 0.205658857 0.609106103 0.760012948
1778902146.700016737 89.400099377 -96.868071566 -11.617398984 -0.088975278 0.208159807 0.608915727 0.760246363
1778902146.800336599 89.514098137 -96.881793214 -11.636082359 -0.089899487 0.201247625 0.608156154 0.762603152
1778902146.900176525 89.629643128 -96.898929761 -11.638268408 -0.090784585 0.198888463 0.611218420 0.760666537
1778902147.000016689 89.734809902 -96.909022969 -11.623238724 -0.100088055 0.185231727 0.604666060 0.768147476
1778902147.100332260 89.850300750 -96.918347459 -11.614869819 -0.088645981 0.204898738 0.602809332 0.766015213
1778902147.200172186 89.956310567 -96.922696363 -11.625823612 -0.086052422 0.206383696 0.602139073 0.766439357
1778902147.300012350 90.063748513 -96.927753692 -11.649992216 -0.089197703 0.206633862 0.600091807 0.767617118
1778902147.400332212 90.180655052 -96.929841262 -11.668451747 -0.089583962 0.201397394 0.600055266 0.768991210
1778902147.500172377 90.302623953 -96.926511523 -11.668639085 -0.092117691 0.213858252 0.597897219 0.767005798
1778902147.600012302 90.413335970 -96.925240973 -11.656139004 -0.105314875 0.203762528 0.586107569 0.777089137
1778902147.700332403 90.530514538 -96.930742803 -11.642780106 -0.090580828 0.212300881 0.580541981 0.780829340
1778902147.800172329 90.643115423 -96.931042508 -11.652119184 -0.092010769 0.210639124 0.575993870 0.784471950
1778902147.900012255 90.756534829 -96.941244987 -11.672757689 -0.087137617 0.202470754 0.580918756 0.783547081
1778902148.000332355 90.871246967 -96.952762453 -11.689488667 -0.084045960 0.199473633 0.585611752 0.781156465
1778902148.100187302 90.986534970 -96.968097661 -11.693831688 -0.079374497 0.207753813 0.593098143 0.773804003
1778902148.200027466 91.082970345 -96.976782408 -11.680816203 -0.095494845 0.190065583 0.592612366 0.776895355
1778902148.300347328 91.182111774 -96.976198257 -11.666959981 -0.086789248 0.203094718 0.593950803 0.773590723
1778902148.400187492 91.274451303 -96.973149746 -11.678614552 -0.091102960 0.194229751 0.590670329 0.777871209
1778902148.500027418 91.375198415 -96.963290245 -11.695527791 -0.090396901 0.195143806 0.590419564 0.777915184
1778902148.600347281 91.476812612 -96.945479431 -11.713725404 -0.102400782 0.191901587 0.580748944 0.784486154
1778902148.700187445 91.585165153 -96.930621934 -11.721405729 -0.099964288 0.199315193 0.577364637 0.785449343
1778902148.800027370 91.682629351 -96.916196277 -11.710621224 -0.112628245 0.195982161 0.575451620 0.785977928
1778902148.900347471 91.782650097 -96.902380788 -11.700821772 -0.104657377 0.206911462 0.576146277 0.783766513
1778902149.000187397 91.875486305 -96.891433819 -11.703867011 -0.099374519 0.205279752 0.579692856 0.782266656
1778902149.100022316 91.971000751 -96.882941321 -11.716706829 -0.092427912 0.208310555 0.584374175 0.778826436
1778902149.200342178 92.067966120 -96.878120351 -11.731191389 -0.091975771 0.196420517 0.591280695 0.776753872
1778902149.300182343 92.167779668 -96.874547199 -11.738904249 -0.100349840 0.187265900 0.595501370 0.774751257
1778902149.400022268 92.265833884 -96.868206342 -11.726743790 -0.112914014 0.187530410 0.598887849 0.770335066
1778902149.500342369 92.360904332 -96.862232532 -11.719803286 -0.106406118 0.189129816 0.596392480 0.772802471
1778902149.600182295 92.452026278 -96.854025104 -11.721131419 -0.093195911 0.194012208 0.600585245 0.770046199
1778902149.700022221 92.543034097 -96.842943366 -11.736832817 -0.096736046 0.190800788 0.597202094 0.773037422
1778902149.800342321 92.644728999 -96.827789951 -11.756175054 -0.086709494 0.195784288 0.597571651 0.772695347
1778902149.900182247 92.746119943 -96.811690181 -11.767917237 -0.097912101 0.181049031 0.593583706 0.778005690
1778902150.000022173 92.852902489 -96.790334598 -11.755527213 -0.099240673 0.187978774 0.589104005 0.779597166
1778902150.100337982 92.948296884 -96.774231016 -11.742938389 -0.107037013 0.172417283 0.577886179 0.790482715
1778902150.200177908 93.044166001 -96.757706951 -11.732407973 -0.095204621 0.182730672 0.578112327 0.789513596
1778902150.300017834 93.137905982 -96.744792775 -11.741316496 -0.092801044 0.176745045 0.577428740 0.791659779
1778902150.400337934 93.235808145 -96.732557355 -11.759220506 -0.085925292 0.184863235 0.583308660 0.786252781
1778902150.500177860 93.335854733 -96.723306447 -11.777696252 -0.089610407 0.176441132 0.588556195 0.783862301
1778902150.600018024 93.436266327 -96.719077977 -11.782523614 -0.084292512 0.173384000 0.593254212 0.781589535
1778902150.700337887 93.528048944 -96.716614866 -11.781605008 -0.092775617 0.167730542 0.593366286 0.781777207
1778902150.800177813 93.612927855 -96.707405086 -11.775664567 -0.095187085 0.184656802 0.595338964 0.776152564
1778902150.900017977 93.696622529 -96.696899128 -11.779997880 -0.100203135 0.187035455 0.600014553 0.771336247
1778902151.000337839 93.776367925 -96.682948829 -11.789939733 -0.102484940 0.184324811 0.602278994 0.769922863
1778902151.100192785 93.863636407 -96.658681231 -11.801150593 -0.097820828 0.188552001 0.602674154 0.769196394
1778902151.200032711 93.948133622 -96.631235802 -11.812405045 -0.109971617 0.182544349 0.595223289 0.774785803
1778902151.300352812 94.028675258 -96.603479892 -11.805487194 -0.112748141 0.191119912 0.585031561 0.780063529
1778902151.400192738 94.094793310 -96.577424730 -11.791199797 -0.115139591 0.184514592 0.572765596 0.790339681
1778902151.500032663 94.152980680 -96.555109521 -11.783232076 -0.113455339 0.178909475 0.577596531 0.788353685
1778902151.600352764 94.209504574 -96.531927117 -11.780239748 -0.113086484 0.175928611 0.585431279 0.783282061
1778902151.700192690 94.261562465 -96.510728517 -11.786428806 -0.111309808 0.173660028 0.595487048 0.776432545
1778902151.800032854 94.309293907 -96.489931097 -11.794351279 -0.114472296 0.164889432 0.602740306 0.772276953
1778902151.900352716 94.353059646 -96.471041513 -11.794738331 -0.114832814 0.161168376 0.617349229 0.761392217
1778902152.000192881 94.394240024 -96.445670570 -11.794541937 -0.119871650 0.160959157 0.631639259 0.748835619
1778902152.100027561 94.429385388 -96.414966796 -11.785136769 -0.115101575 0.154249022 0.647024524 0.737779189
1778902152.200347662 94.459741546 -96.376960034 -11.786234446 -0.117183345 0.156611612 0.657811905 0.727340611
1778902152.300187588 94.489666733 -96.325953215 -11.786177950 -0.110992613 0.153377828 0.663276997 0.724030045
1778902152.400027752 94.520995133 -96.262465898 -11.792943136 -0.107353864 0.159627807 0.668173321 0.718706146
1778902152.500347614 94.550432057 -96.185993761 -11.792358719 -0.109622326 0.154251993 0.664620098 0.722820444
1778902152.600187540 94.583904718 -96.103873290 -11.783568712 -0.110374289 0.155827832 0.667330603 0.719864619
1778902152.700027704 94.613162393 -96.018762038 -11.773695440 -0.117178501 0.146159955 0.658740623 0.728675002
1778902152.800347567 94.636788148 -95.961831468 -11.766603841 -0.113201369 0.157262556 0.659191778 0.726581130
1778902152.900187731 94.678933400 -95.842134644 -11.759922038 -0.109622975 0.150577397 0.663314485 0.724791794
1778902153.000027657 94.712422510 -95.743159934 -11.766599771 -0.107588298 0.153254376 0.670793970 0.717616405
1778902153.100343227 94.732120762 -95.683194376 -11.772480379 -0.108602857 0.151251763 0.677434289 0.711625679
1778902153.200183392 94.764754436 -95.583948548 -11.768454953 -0.103909687 0.144253036 0.691061018 0.700591541
1778902153.300023317 94.793579557 -95.484654182 -11.759833797 -0.109750418 0.146732085 0.705515484 0.684596555
1778902153.400343180 94.817005245 -95.379287117 -11.745413739 -0.120873138 0.150857686 0.706177354 0.681135220
1778902153.500183344 94.833440083 -95.278582890 -11.738588056 -0.124494577 0.149227385 0.713050097 0.673640740
1778902153.600023270 94.845951547 -95.167278062 -11.741828902 -0.129249002 0.142126860 0.714686995 0.672545278
1778902153.700343370 94.856388411 -95.045507532 -11.743622889 -0.117792477 0.137300316 0.723123849 0.666607422
1778902153.800183296 94.864039368 -94.910999615 -11.733137910 -0.121492324 0.137039397 0.716014419 0.673634301
1778902153.900023222 94.873907117 -94.787963839 -11.710366197 -0.128535249 0.139374434 0.713725510 0.674276912
1778902154.000343323 94.890652360 -94.669691521 -11.691233352 -0.126061169 0.148306099 0.705884165 0.681059049
1778902154.100178480 94.904131036 -94.520159707 -11.685936607 -0.130832216 0.158895810 0.703113968 0.680636320
1778902154.200018406 94.916288551 -94.407341117 -11.689941017 -0.129402175 0.151666010 0.704065998 0.681574331
1778902154.300338507 94.929764832 -94.305772265 -11.691739224 -0.131574581 0.139258338 0.709052202 0.678631137
1778902154.400178432 94.947611131 -94.188965969 -11.681486937 -0.121029442 0.134629514 0.719263353 0.670736161
1778902154.500018358 94.962372593 -94.068391309 -11.656968389 -0.124501406 0.135952898 0.725641244 0.662918543
1778902154.600338459 94.973402358 -93.954038583 -11.633476553 -0.126609088 0.154860608 0.724643984 0.659453885
1778902154.700178385 94.981119854 -93.837164805 -11.631194892 -0.117119507 0.151329962 0.725717625 0.660845059
1778902154.800018549 94.983709170 -93.713550218 -11.640768966 -0.115191783 0.146642939 0.725008780 0.663015061
1778902154.900338411 94.982316177 -93.594121468 -11.647411595 -0.118116858 0.139353657 0.722152994 0.667176153
1778902155.000178337 94.980933656 -93.471350599 -11.635839517 -0.118801475 0.140990563 0.719128996 0.669971162
1778902155.100033283 94.981421880 -93.345772419 -11.610947663 -0.120138794 0.132691813 0.708072798 0.683075739
1778902155.200353384 94.987624378 -93.229379609 -11.594717782 -0.129430053 0.147674302 0.703118845 0.683420845
1778902155.300193310 94.994322219 -93.109696831 -11.594117378 -0.119641569 0.145417243 0.702213285 0.686612135
1778902155.400033236 94.998132041 -92.989636867 -11.609759959 -0.114742861 0.141711518 0.706071699 0.684262141
1778902155.500353336 95.005807856 -92.861103579 -11.610281558 -0.113507967 0.141573740 0.710316680 0.680090459
1778902155.600193262 95.017329375 -92.744071613 -11.587571904 -0.111669846 0.135069900 0.721557503 0.669806492
1778902155.700033188 95.024545600 -92.624067030 -11.557377826 -0.111941135 0.139125854 0.715014228 0.675919990
1778902155.800353289 95.026377912 -92.510662559 -11.541738932 -0.110611010 0.142439885 0.710062414 0.680652225
1778902155.900193214 95.021526536 -92.386648302 -11.556538772 -0.112051590 0.145641646 0.705993166 0.683963890
1778902156.000033379 95.010430406 -92.255585901 -11.573476782 -0.118817887 0.149701481 0.699269740 0.688834964
1778902156.100348711 94.999776156 -92.131836647 -11.560349310 -0.108486416 0.144767947 0.695010030 0.695869239
1778902156.200188637 94.989949763 -92.008338667 -11.530815302 -0.109130541 0.152504419 0.685402956 0.703601958
1778902156.300028563 94.977139123 -91.884747228 -11.513226083 -0.128176072 0.158069486 0.683806987 0.700708882
1778902156.400348663 94.968774427 -91.773676549 -11.507755623 -0.119078100 0.149740799 0.685702984 0.702288770
1778902156.500188589 94.959984624 -91.650549819 -11.525424343 -0.109691852 0.153780991 0.693428760 0.695324140
1778902156.600028753 94.957097354 -91.523658749 -11.531246631 -0.102820579 0.152570120 0.697497832 0.692565565
1778902156.700348616 94.953649626 -91.405154563 -11.514149972 -0.096582877 0.152531560 0.707596706 0.683163797
1778902156.800188780 94.948963454 -91.283114583 -11.484870578 -0.099367165 0.151864877 0.698469720 0.692245098
1778902156.900028706 94.942532445 -91.165774353 -11.468755335 -0.112543548 0.163907009 0.693221337 0.692757259
1778902157.000348568 94.935718669 -91.039675537 -11.474396404 -0.109031859 0.152625524 0.688366867 0.700691487
1778902157.100203753 94.926092245 -90.906486578 -11.486573942 -0.105160381 0.146226300 0.691503506 0.699558478
1778902157.200043678 94.916824783 -90.768768642 -11.474313769 -0.098063623 0.144305013 0.687402528 0.705008762
1778902157.300363779 94.912403683 -90.635422302 -11.439905181 -0.098520476 0.144628947 0.685825792 0.706412887
1778902157.400203705 94.909501993 -90.504270624 -11.425609053 -0.119475512 0.157222203 0.676663428 0.709318960
1778902157.500043869 94.909732357 -90.377824225 -11.421812123 -0.112015755 0.157877843 0.683190839 0.704114576
1778902157.600363731 94.907633088 -90.245176476 -11.441700382 -0.102914769 0.151620737 0.691975727 0.698275945
1778902157.700203657 94.911599148 -90.106227621 -11.448706491 -0.100315389 0.145707085 0.695071448 0.696837105
1778902157.800043821 94.915628695 -89.968515910 -11.424322872 -0.109741314 0.147195905 0.697970675 0.692190108
1778902157.900363684 94.920924647 -89.840024032 -11.402086652 -0.104736034 0.149209964 0.696729978 0.693782450
1778902158.000203848 94.919942853 -89.711879192 -11.385788681 -0.112786790 0.158312701 0.702037436 0.685098290
1778902158.100039482 94.918990726 -89.576656242 -11.395897836 -0.109681808 0.147702812 0.702406751 0.687588930
1778902158.200359344 94.912186583 -89.433069198 -11.410731247 -0.104351367 0.146209665 0.696526107 0.694683315
1778902158.300199509 94.905174865 -89.287432588 -11.402728340 -0.105849090 0.148919941 0.690259069 0.700115162
1778902158.400039434 94.900892615 -89.145734907 -11.367278692 -0.111663604 0.150930877 0.689138299 0.699885359
1778902158.500359535 94.903937598 -89.010689190 -11.346997142 -0.115785242 0.164097870 0.678982102 0.706150813
1778902158.600199461 94.907120376 -88.875312105 -11.350050850 -0.123240004 0.163689900 0.679127479 0.704842809
1778902158.700039387 94.914326602 -88.739724093 -11.363717968 -0.108018102 0.162317431 0.688286218 0.698746895
1778902158.800359488 94.920474355 -88.601113859 -11.370633009 -0.107877048 0.153801853 0.698575202 0.690434805
1778902158.900199413 94.934092966 -88.463408768 -11.339275162 -0.113357575 0.158952195 0.704701175 0.682114737
1778902159.000039339 94.944694499 -88.329558079 -11.306190978 -0.103889902 0.147389334 0.698770599 0.692244843
1778902159.100374222 94.950309274 -88.197146877 -11.284358514 -0.114090343 0.155398554 0.696873404 0.690798192
1778902159.200214386 94.952862141 -88.062355047 -11.289100595 -0.117516267 0.151039277 0.696519292 0.691547496
1778902159.300054312 94.954518846 -87.919744479 -11.299815009 -0.122864129 0.146479101 0.695740850 0.692382083
1778902159.400374174 94.956618308 -87.779556354 -11.295683340 -0.118452195 0.146430997 0.692236869 0.696660002
1778902159.500214338 94.955035263 -87.643325784 -11.269143430 -0.121509612 0.155111556 0.693590085 0.692898704
1778902159.600054264 94.955908210 -87.511584903 -11.240597056 -0.128874403 0.155244678 0.684537343 0.700499182
1778902159.700374365 94.960390278 -87.380460449 -11.234768924 -0.128567410 0.163208971 0.685833370 0.697471032
1778902159.800214291 94.966423126 -87.248648740 -11.255957256 -0.120005837 0.165395217 0.693152471 0.691218253
1778902159.900054216 94.972559929 -87.110650903 -11.272911065 -0.126436785 0.166624478 0.695510379 0.687397509
1778902160.000374317 94.985073214 -86.973040539 -11.261062765 -0.125085883 0.175572811 0.706621737 0.673953582
1778902160.100210190 94.991141795 -86.844198475 -11.233859909 -0.126920039 0.165100823 0.703379670 0.679624942
1778902160.200050116 94.990747020 -86.718466214 -11.214917172 -0.132450949 0.176485495 0.701379339 0.677773295
1778902160.300370216 94.989045605 -86.589193196 -11.223493890 -0.133935544 0.175634887 0.702623364 0.676412644
1778902160.400210142 94.982694452 -86.452633020 -11.239276009 -0.130718298 0.169315101 0.699575893 0.681790798
1778902160.500050068 94.977669296 -86.310835893 -11.239829267 -0.134231089 0.176524930 0.698370950 0.680513761
1778902160.600370169 94.970943064 -86.174749396 -11.219582776 -0.141189841 0.176466571 0.697509681 0.680003840
1778902160.700210094 94.965142195 -86.045683185 -11.188075757 -0.140740128 0.183695054 0.682814015 0.692974288
1778902160.800050259 94.959556327 -85.914773468 -11.178526545 -0.140637869 0.185079931 0.676639813 0.698659411
1778902160.900370121 94.952156201 -85.782259751 -11.191807813 -0.132799740 0.183644511 0.678854778 0.698423305
1778902161.000210285 94.951343099 -85.643064165 -11.203035569 -0.126559998 0.184407240 0.682261229 0.696057579
1778902161.100064993 94.951711465 -85.506968184 -11.185048755 -0.127445381 0.181329667 0.683293700 0.695691703
1778902161.200385094 94.951320306 -85.373581786 -11.153043739 -0.122992803 0.181434830 0.680089747 0.699594245
1778902161.300225019 94.945082529 -85.245396343 -11.139405335 -0.127551050 0.187558232 0.677339442 0.699831351
1778902161.400064945 94.937899824 -85.109179676 -11.153857301 -0.130538565 0.189408763 0.678911896 0.697253641
1778902161.500385046 94.928112720 -84.968712930 -11.176168764 -0.132103022 0.185585157 0.679080820 0.697822457
1778902161.600224972 94.922912272 -84.831317230 -11.173437647 -0.122601241 0.172647381 0.689905280 0.692237331
1778902161.700065136 94.919412620 -84.689765299 -11.148471845 -0.129748982 0.180470625 0.686460383 0.692363848
1778902161.800384998 94.919259994 -84.554194621 -11.110724762 -0.137937324 0.183636182 0.676456623 0.699755303
1778902161.900224924 94.921445387 -84.423928101 -11.102489260 -0.139129547 0.185591157 0.673412662 0.701936092
1778902162.000065088 94.927059765 -84.332814179 -11.109516776 -0.132029581 0.183040169 0.674754199 0.702688592
1778902162.100380182 94.936519418 -84.194271018 -11.121207270 -0.118876673 0.170977034 0.680672470 0.702367553
1778902162.200220108 94.951078511 -84.045811757 -11.113430499 -0.120502508 0.183461228 0.687507367 0.692210043
1778902162.300060272 94.962842377 -83.912244924 -11.078523937 -0.117581869 0.184651266 0.684538541 0.695331144
1778902162.400380135 94.967409485 -83.776277842 -11.059244710 -0.122019011 0.195066806 0.679234692 0.696922187
1778902162.500220060 94.969576412 -83.602926616 -11.069861623 -0.129098384 0.187492403 0.681540602 0.695472942
1778902162.600060225 94.969824799 -83.484536068 -11.080700587 -0.126423405 0.184338679 0.678483763 0.699782936
1778902162.700380087 94.967064439 -83.335781662 -11.074899080 -0.129908371 0.175052191 0.677825006 0.702163662
1778902162.800220251 94.967630561 -83.185389052 -11.043067131 -0.133753098 0.176089492 0.669731995 0.708915831
1778902162.900060177 94.969716736 -83.051715608 -11.021564080 -0.139072672 0.182297796 0.657520166 0.717700172
1778902163.000380278 94.971002780 -82.914303829 -11.019216141 -0.145224077 0.184149356 0.655288191 0.718050394
1778902163.100215912 94.972458469 -82.788872878 -11.035671662 -0.132123209 0.181982562 0.663930651 0.713177324
1778902163.200055838 94.974085310 -82.643969547 -11.044970250 -0.129247719 0.176552932 0.672029187 0.707460855
1778902163.300375700 94.979945767 -82.510784616 -11.024036906 -0.124382105 0.173271636 0.684952493 0.696667865
1778902163.400215864 94.982233928 -82.382523954 -10.984520057 -0.121699317 0.161928920 0.683597242 0.701186931
1778902163.500055790 94.978752595 -82.254158250 -10.961240508 -0.136580220 0.167476642 0.685380330 0.695378473
1778902163.600375891 94.977537672 -82.117368737 -10.967340193 -0.135142323 0.156479619 0.683658428 0.699901304
1778902163.700215816 94.977785324 -81.978972958 -10.982791961 -0.128800914 0.153783087 0.685323728 0.700066050
1778902163.800055742 94.978003170 -81.836061988 -10.970780134 -0.135645155 0.147102481 0.686331401 0.699221324
1778902163.900375843 94.985752800 -81.697059668 -10.938265906 -0.133376498 0.147064500 0.679968569 0.705850896
1778902164.000215769 94.991427032 -81.561265314 -10.916312443 -0.140059381 0.161510399 0.671919633 0.709099266
1778902164.100050926 94.998438220 -81.425974822 -10.918874842 -0.131435501 0.164499989 0.671947756 0.710035686
1778902164.200371027 95.000976751 -81.295634069 -10.944487317 -0.125194977 0.168165196 0.681351988 0.701288922
1778902164.300210953 95.007466390 -81.158938929 -10.947356577 -0.125004254 0.163128841 0.687658200 0.696339800
1778902164.400050879 95.023045747 -81.026539186 -10.926118330 -0.124287657 0.162416417 0.692477608 0.691844092
1778902164.500370979 95.036832761 -80.891442226 -10.888747523 -0.123107922 0.160756792 0.686169911 0.698693457
1778902164.600210905 95.044156744 -80.769005264 -10.871677572 -0.126606239 0.162128858 0.687460189 0.696479420
1778902164.700050831 95.051969007 -80.635549692 -10.885887437 -0.126678008 0.156694096 0.685988413 0.699156305
1778902164.800370932 95.056192696 -80.487027899 -10.896002724 -0.122520442 0.151613527 0.687725491 0.699310896
1778902164.900210857 95.057638562 -80.342981018 -10.881911175 -0.126755546 0.146124947 0.679341893 0.707866600
1778902165.000051022 95.065512595 -80.209127026 -10.847601578 -0.118546410 0.145813743 0.674632286 0.713832179
1778902165.100385904 95.068312833 -80.072773068 -10.833441385 -0.138350729 0.148713046 0.670505038 0.713559037
1778902165.200225830 95.075149408 -79.929385051 -10.844209221 -0.133679176 0.152677556 0.671699877 0.712487696
1778902165.300065756 95.081403842 -79.789846209 -10.867371119 -0.123725410 0.155493291 0.678072700 0.707623680
1778902165.400385857 95.094765383 -79.648567565 -10.865414756 -0.114643778 0.150659133 0.684933215 0.703580217
1778902165.500225782 95.106357823 -79.509796927 -10.833538323 -0.120150693 0.143051883 0.690953760 0.698342947
1778902165.600065708 95.117910003 -79.375500996 -10.801430114 -0.111879284 0.155811771 0.692683184 0.695266657
1778902165.700385809 95.117927628 -79.242658174 -10.796671068 -0.125439940 0.158852140 0.691925524 0.693015071
1778902165.800225735 95.122723552 -79.102443834 -10.818867521 -0.128896475 0.163593719 0.688519544 0.694668000
1778902165.900065899 95.123548896 -78.959577469 -10.832691610 -0.121269871 0.164946108 0.690319603 0.693934612
1778902166.000385761 95.123091767 -78.812691657 -10.815094551 -0.119626797 0.158617108 0.687992307 0.697994719
1778902166.100221157 95.128830475 -78.670858903 -10.777574984 -0.115722908 0.161515361 0.676362110 0.709263909
1778902166.200061083 95.134339399 -78.536504321 -10.759483303 -0.125529177 0.177016450 0.673309261 0.706797172
1778902166.300381184 95.139482910 -78.402082841 -10.757991191 -0.128417346 0.177793361 0.673865529 0.705552092
1778902166.400221109 95.149543154 -78.261115071 -10.774240996 -0.114648188 0.172472578 0.681877219 0.701535787
1778902166.500061274 95.160802167 -78.114628976 -10.770716808 -0.109320522 0.167538706 0.690072847 0.695542430
1778902166.600381136 95.173812079 -77.971935501 -10.740910141 -0.123372754 0.164587269 0.688666796 0.695290039
1778902166.700221300 95.183349592 -77.838839238 -10.722445048 -0.130348505 0.171409522 0.682343571 0.698595229
1778902166.800061226 95.186964652 -77.706017801 -10.711064488 -0.137948380 0.180812084 0.683364153 0.693751158
1778902166.900381088 95.188530934 -77.566921854 -10.722160459 -0.138412156 0.169257529 0.679280511 0.700551177
1778902167.000221252 95.193441687 -77.425153515 -10.729662526 -0.127958016 0.166340986 0.675817325 0.706560943
1778902167.100056648 95.193046788 -77.286363030 -10.719181359 -0.117865408 0.162448025 0.677112149 0.707981301
1778902167.200376511 95.190831373 -77.149632555 -10.689956911 -0.120303105 0.162079547 0.673658874 0.710943812
1778902167.300216675 95.189290430 -77.022610512 -10.669122573 -0.132114123 0.165438185 0.669034324 0.712438866
1778902167.400056601 95.188052081 -76.893862373 -10.664293469 -0.122145849 0.161122603 0.675822508 0.708790404
1778902167.500376463 95.182865869 -76.762305173 -10.678477148 -0.122918745 0.158616018 0.680065294 0.705154690
1778902167.600216627 95.181809091 -76.631537131 -10.683975515 -0.120406952 0.155887116 0.690218322 0.696275837
1778902167.700056553 95.178547646 -76.502871369 -10.658193939 -0.129767050 0.159244471 0.699915711 0.684046569
1778902167.800376654 95.171257674 -76.376520271 -10.634523283 -0.137073217 0.164188843 0.697163173 0.684263449
1778902167.900216579 95.165200291 -76.250686034 -10.628273956 -0.146746555 0.172306952 0.697145166 0.680267874
1778902168.000056505 95.160756536 -76.119468171 -10.642153140 -0.142211001 0.167470001 0.696915812 0.682669892
1778902168.100371599 95.153746995 -75.985738193 -10.649122540 -0.144688522 0.162827815 0.689707735 0.690547300
1778902168.200211763 95.146562636 -75.846084208 -10.636537637 -0.142846632 0.167260359 0.675470966 0.703816585
1778902168.300051689 95.143332315 -75.706577303 -10.607609720 -0.135354128 0.182176721 0.675819435 0.701255298
1778902168.400371790 95.134137709 -75.575181629 -10.591212755 -0.158406308 0.202390844 0.677449297 0.689208124
1778902168.500211716 95.125937047 -75.446925920 -10.601306677 -0.156046581 0.195363949 0.682857875 0.686430998
1778902168.600051641 95.122707479 -75.318144203 -10.616838636 -0.135583661 0.196422859 0.692626242 0.680664396
1778902168.700371742 95.123021653 -75.188554242 -10.614904937 -0.127102712 0.185865370 0.701850760 0.675799138
1778902168.800211668 95.122844376 -75.053677873 -10.585450088 -0.152301723 0.174559519 0.699402942 0.676142503
1778902168.900051594 95.128143323 -74.924075742 -10.548314399 -0.138315410 0.183106699 0.693523534 0.682909871
1778902169.000371695 95.124964745 -74.795251022 -10.543047884 -0.144065539 0.188967614 0.697273009 0.676274140
1778902169.100226879 95.120018835 -74.660940801 -10.554841739 -0.135356904 0.170799195 0.696726009 0.683431790
1778902169.200066805 95.115539265 -74.513406093 -10.558709624 -0.142003022 0.169322410 0.691145075 0.688101409
1778902169.300386906 95.114180443 -74.364158165 -10.539157683 -0.143864215 0.168532486 0.684739746 0.694284790
1778902169.400226831 95.119732060 -74.226283834 -10.506703488 -0.128098767 0.167616863 0.675612039 0.706430227
1778902169.500066757 95.123684562 -74.091330600 -10.492647518 -0.149062216 0.186415529 0.670977511 0.702010603
1778902169.600386858 95.130366596 -73.960407570 -10.506894981 -0.137678782 0.180923461 0.673835652 0.703033974
1778902169.700226784 95.135729266 -73.825818583 -10.518391040 -0.130414206 0.168927092 0.680197010 0.701275837
1778902169.800066710 95.144780024 -73.691357978 -10.510094744 -0.123756920 0.163539199 0.689942644 0.694203359
1778902169.900386810 95.151909047 -73.557292231 -10.484007481 -0.127134068 0.152670080 0.692862652 0.693159520
1778902170.000226736 95.157572461 -73.424376387 -10.446853617 -0.129332897 0.171198198 0.688303254 0.692966673
1778902170.100062132 95.163093089 -73.292839409 -10.443853606 -0.128173018 0.176148514 0.689862712 0.690385991
1778902170.200382233 95.165391577 -73.151069051 -10.453388680 -0.124774754 0.174653998 0.688084553 0.693157190
1778902170.300222158 95.165364820 -73.007091679 -10.452747646 -0.120694701 0.162886464 0.684146314 0.700603033
1778902170.400062323 95.164067903 -72.859742214 -10.426565238 -0.112402228 0.154209372 0.683633119 0.704436631
1778902170.500382185 95.166825850 -72.724096268 -10.394927629 -0.112729338 0.157891808 0.671356466 0.715292086
1778902170.600222111 95.168745063 -72.596146419 -10.384130448 -0.118856917 0.171129136 0.670738591 0.711826941
1778902170.700062275 95.170108086 -72.463128688 -10.394147218 -0.107877283 0.169891822 0.671253252 0.713385122
1778902170.800382137 95.175931869 -72.325937670 -10.414135527 -0.100012045 0.165775360 0.678015709 0.709091545
1778902170.900222301 95.178847070 -72.239930779 -10.420603214 -0.107806134 0.166882026 0.682398693 0.703463041
1778902171.000062227 95.191465867 -72.047215261 -10.400605091 -0.111961576 0.176058832 0.693652404 0.689430370
1778902171.100377321 95.192530185 -71.957645591 -10.376528609 -0.109343329 0.181705723 0.685565177 0.696439125
1778902171.200217247 95.194145015 -71.829129418 -10.363437174 -0.116356195 0.187530860 0.696855807 0.682411457
1778902171.300057411 95.188867076 -71.689275093 -10.366755835 -0.114817855 0.166075053 0.680458705 0.704423088
1778902171.400377274 95.184293470 -71.547728107 -10.379352646 -0.108418376 0.164229402 0.683353781 0.703065978
1778902171.500217438 95.177958745 -71.394665774 -10.369820346 -0.110293909 0.173377340 0.680518586 0.703327808
1778902171.600057364 95.168021298 -71.260752258 -10.345684958 -0.114137979 0.184583062 0.686263889 0.694221500
1778902171.700377226 95.162102362 -71.131916053 -10.326238533 -0.113829457 0.190562629 0.685235237 0.693672408
1778902171.800217390 95.157502226 -70.990870749 -10.319357392 -0.103552585 0.187700255 0.691798342 0.689536461
1778902171.900057316 95.153516817 -70.857064542 -10.328329693 -0.085987871 0.174199836 0.703950944 0.683164381
1778902172.000377417 95.152681379 -70.717868356 -10.326480984 -0.082811498 0.165338542 0.707369329 0.682227275
1778902172.100212812 95.151194158 -70.573735279 -10.307252062 -0.104398900 0.165527849 0.712098738 0.674252762
1778902172.200052738 95.153632230 -70.422295506 -10.279281248 -0.111115848 0.169097943 0.693491110 0.691468896
1778902172.300372839 95.152830669 -70.278136188 -10.278000852 -0.121098407 0.179833940 0.694537532 0.686012060
1778902172.400212765 95.153594059 -70.138465746 -10.285607861 -0.114529772 0.176903689 0.680672140 0.701622016
1778902172.500052691 95.148882813 -69.982833773 -10.299123479 -0.113023999 0.186782754 0.674772010 0.704996818
1778902172.600372791 95.141392770 -69.832329433 -10.287444394 -0.114047177 0.190004886 0.663942012 0.714193524
1778902172.700212717 95.134041840 -69.679455534 -10.259552938 -0.120248411 0.194080354 0.656513449 0.718932004
1778902172.800052643 95.133780542 -69.546550087 -10.234557571 -0.111355583 0.197386085 0.654856849 0.720972381
1778902172.900372744 95.133424511 -69.406033746 -10.234671152 -0.098464527 0.192517036 0.657006485 0.722208008
1778902173.000212669 95.135883796 -69.264418753 -10.246260406 -0.086298845 0.186496460 0.659633885 0.722948627
1778902173.100067854 95.147118927 -69.127121817 -10.253609688 -0.086160452 0.199191333 0.671137135 0.708854100
1778902173.200387955 95.151861571 -68.974121125 -10.227380907 -0.096325201 0.199808175 0.663480840 0.714556732
1778902173.300227880 95.154625090 -68.845012529 -10.207010482 -0.113744646 0.206243473 0.662317674 0.711239119
1778902173.400067806 95.149909844 -68.706187192 -10.201664413 -0.126854606 0.181231542 0.651522998 0.725658887
1778902173.500387907 95.148889287 -68.565369883 -10.215352410 -0.122006723 0.176181106 0.650006692 0.729085645
1778902173.600227833 95.142146468 -68.421052540 -10.220431787 -0.122471183 0.185766291 0.650803658 0.725910665
1778902173.700067759 95.139332364 -68.267988689 -10.196502100 -0.126834473 0.188602231 0.640943938 0.733166477
1778902173.800387859 95.138086396 -68.134778120 -10.165741171 -0.128834019 0.205029209 0.635489199 0.733156393
1778902173.900227785 95.138993595 -68.007895726 -10.158772561 -0.113197409 0.212944766 0.641346083 0.728365344
1778902174.000067949 95.134915392 -67.868120563 -10.171908270 -0.095342735 0.204405677 0.643496464 0.731464547
1778902174.100383759 95.129190539 -67.726447218 -10.186168526 -0.095104098 0.196556436 0.647192376 0.730385382
1778902174.200223684 95.125630873 -67.582358087 -10.174012103 -0.113622851 0.201734132 0.651459989 0.722490879
1778902174.300063848 95.123564479 -67.443170517 -10.144944614 -0.122456099 0.213047301 0.647450994 0.721403189
1778902174.400383711 95.115930760 -67.309869226 -10.125727461 -0.135067492 0.211873152 0.654101190 0.713455095
1778902174.500223637 95.103777043 -67.173358497 -10.125736905 -0.132373136 0.187145048 0.651141411 0.723511539
1778902174.600063801 95.093473629 -67.033288984 -10.136776657 -0.118489916 0.181804689 0.651866247 0.726620665
1778902174.700383663 95.077691004 -66.887297355 -10.130558722 -0.124217452 0.183352219 0.647960997 0.728765075
1778902174.800223827 95.067365399 -66.737590499 -10.103737754 -0.133283583 0.184817688 0.640104832 0.733719097
1778902174.900063753 95.066632266 -66.608621307 -10.083623228 -0.123660722 0.199769779 0.644783684 0.727361026
1778902175.000383854 95.063249377 -66.478702755 -10.078828998 -0.115007480 0.197843476 0.647830500 0.726599534
1778902175.100219250 95.065941069 -66.346110986 -10.088760343 -0.109578987 0.191352726 0.662089248 0.716250241
1778902175.200059175 95.071115076 -66.201536523 -10.098168220 -0.111950372 0.188241166 0.673208943 0.706273387
1778902175.300379038 95.076049025 -66.052472409 -10.073924868 -0.130890386 0.195016629 0.677834082 0.696690159
1778902175.400219202 95.080478043 -65.914313589 -10.040623363 -0.122928300 0.194915663 0.673273221 0.702566500
1778902175.500059128 95.077133191 -65.774528153 -10.021886467 -0.133878965 0.197123177 0.672773996 0.700424176
1778902175.600379229 95.077504868 -65.631939505 -10.027368216 -0.127916222 0.182879312 0.674208119 0.704014211
1778902175.700219154 95.075532710 -65.479665752 -10.037575519 -0.121794686 0.183952921 0.675356933 0.703718971
1778902175.800059080 95.070809361 -65.317580759 -10.030711527 -0.129681263 0.185345284 0.663936038 0.712754399
1778902175.900379181 95.071606079 -65.174661137 -10.010733035 -0.127632928 0.190292061 0.664710481 0.711096860
1778902176.000219107 95.073493221 -65.035986965 -9.988284505 -0.131290555 0.202449372 0.662721630 0.708926712
1778902176.100074053 95.073922280 -64.908425795 -9.981614971 -0.121633263 0.194850345 0.671033002 0.704949220
1778902176.200393915 95.073983339 -64.771387625 -9.995950240 -0.120704828 0.182225900 0.685006754 0.694974685
1778902176.300234079 95.081461771 -64.627521820 -10.001271596 -0.117819673 0.177066291 0.692824785 0.689028208
1778902176.400074005 95.088019272 -64.485615015 -9.977739392 -0.124496998 0.176559007 0.697343318 0.683403037
1778902176.500393867 95.088556886 -64.350514614 -9.951736918 -0.133165456 0.176781240 0.697846807 0.681193943
1778902176.600234032 95.088510428 -64.211238315 -9.936573308 -0.140313409 0.180680008 0.704839359 0.671467318
1778902176.700073957 95.085335376 -64.071367395 -9.942074761 -0.138789757 0.170114593 0.708770186 0.670405289
1778902176.800394058 95.081083032 -63.925356719 -9.947798430 -0.139943707 0.162261251 0.705518577 0.675522452
1778902176.900233984 95.075357752 -63.785629451 -9.934533540 -0.143203034 0.160291683 0.704319305 0.676560259
1778902177.000073910 95.074475381 -63.653049577 -9.910408061 -0.137617549 0.159424161 0.696709153 0.685741717
1778902177.100389481 95.079569530 -63.525442834 -9.891701609 -0.145665991 0.172336054 0.685701728 0.692022286
1778902177.200229406 95.086913136 -63.398013527 -9.893462368 -0.135773122 0.174720314 0.688808140 0.690349055
1778902177.300069332 95.095361043 -63.264164826 -9.911750373 -0.129459091 0.164337506 0.690601536 0.692317157
1778902177.400389433 95.109450368 -63.134550422 -9.913886059 -0.125241299 0.161493256 0.699105725 0.685190287
1778902177.500229359 95.124053708 -63.006972918 -9.892309944 -0.132867590 0.162423115 0.703012347 0.679513484
1778902177.600069284 95.136794091 -62.876475103 -9.862645471 -0.134023791 0.172083669 0.697828565 0.682246384
1778902177.700389385 95.146322913 -62.745913729 -9.854495250 -0.140459621 0.189511682 0.702239091 0.671726639
1778902177.800229311 95.150061310 -62.612247726 -9.871772091 -0.136686749 0.180587312 0.700189025 0.677082185
1778902177.900069475 95.150698823 -62.473905720 -9.879109383 -0.143317344 0.170202564 0.697773610 0.680884143
1778902178.000389338 95.154168783 -62.333943358 -9.857163762 -0.142238858 0.163116492 0.688973839 0.691719717
1778902178.100224733 95.160341244 -62.200081671 -9.828615366 -0.130905188 0.160772484 0.682482607 0.700880540
1778902178.200064659 95.164405470 -62.074581811 -9.806053456 -0.140092803 0.176607133 0.673240055 0.704224222
1778902178.300384760 95.167150655 -61.949487858 -9.810880539 -0.135220935 0.163658291 0.668628225 0.712648271
1778902178.400224686 95.173517512 -61.820146165 -9.826737103 -0.133722296 0.156294351 0.678502141 0.705212923
1778902178.500064850 95.188527875 -61.682559960 -9.823728907 -0.122542942 0.164538226 0.690340184 0.693787309
1778902178.600384712 95.201260952 -61.554565471 -9.805963122 -0.127812134 0.166782884 0.697287105 0.685301555
1778902178.700224876 95.212354324 -61.426708101 -9.767816747 -0.129976403 0.165918413 0.694256969 0.688174742
1778902178.800064802 95.225024559 -61.300738387 -9.757558425 -0.128518951 0.173233400 0.699192378 0.681617992
1778902178.900384665 95.233278223 -61.166637984 -9.773681180 -0.126686694 0.163590582 0.697554447 0.686007577
1778902179.000224829 95.237612477 -61.025495209 -9.786939226 -0.135603273 0.147104766 0.693253578 0.692366534
1778902179.100060225 95.243161101 -60.884480296 -9.766070280 -0.140411032 0.152650550 0.689290052 0.694162644
1778902179.200380087 95.253935542 -60.745451191 -9.736889306 -0.127625152 0.154390326 0.681656247 0.703718842
1778902179.300220251 95.262379491 -60.609542449 -9.718626472 -0.134533760 0.174470973 0.669686628 0.709211088
1778902179.400060177 95.269047790 -60.476780254 -9.736943505 -0.126527088 0.166361666 0.675778984 0.706850378
1778902179.500380278 95.275733014 -60.336438498 -9.761284849 -0.129692725 0.163391333 0.687278144 0.695795819
1778902179.600220203 95.289611456 -60.188181281 -9.754066911 -0.115446890 0.158416681 0.698892378 0.687841271
1778902179.700060129 95.300017171 -60.044920756 -9.725603907 -0.108443266 0.154061044 0.707119976 0.681532532
1778902179.800380230 95.303409898 -59.905049136 -9.689681357 -0.110528027 0.166692150 0.709104168 0.676142412
1778902179.900220156 95.299306220 -59.765539427 -9.683886334 -0.124848815 0.163544701 0.713153089 0.670133253
1778902180.000060081 95.291000096 -59.619207384 -9.698604174 -0.128227351 0.143536369 0.711805872 0.675490532
1778902180.100375414 95.285275729 -59.481778096 -9.704557639 -0.124277531 0.147551289 0.705883683 0.681551126
1778902180.200215340 95.280314746 -59.329209074 -9.685786314 -0.119324826 0.149362865 0.699193209 0.688898524
1778902180.300055265 95.277432220 -59.205703588 -9.658249010 -0.118333136 0.145857116 0.686797479 0.702162512
1778902180.400375366 95.279875562 -59.058200392 -9.641968780 -0.132577737 0.160536341 0.683351402 0.699772884
1778902180.500215292 95.282550107 -58.894812957 -9.653437248 -0.122575403 0.154031502 0.684271260 0.702155545
1778902180.600055218 95.289952470 -58.740525659 -9.675083323 -0.107819713 0.156047150 0.698848691 0.689662746
1778902180.700375319 95.292573676 -58.589090096 -9.670889741 -0.108537869 0.161088543 0.699511693 0.687716078
1778902180.800215244 95.296478643 -58.464063439 -9.646215335 -0.123711690 0.161810157 0.703094353 0.681301124
1778902180.900055408 95.297243701 -58.320585194 -9.615879170 -0.124518565 0.172618397 0.702307022 0.679310579
1778902181.000375271 95.290273649 -58.155121980 -9.604023390 -0.126525956 0.160787494 0.705868198 0.678150906
1778902181.100230217 95.284568976 -58.033863341 -9.612546457 -0.117805039 0.157915687 0.705621229 0.680649168
1778902181.200070143 95.276508776 -57.882522527 -9.616771785 -0.113869116 0.160142880 0.701406620 0.685140012
1778902181.300390244 95.270482021 -57.713810547 -9.595850876 -0.118272065 0.156990497 0.702220918 0.684289036
1778902181.400230169 95.271779562 -57.565455906 -9.559590697 -0.131655575 0.164030449 0.690423097 0.692153717
1778902181.500070095 95.276547433 -57.431359008 -9.551417520 -0.129085252 0.170816367 0.684892569 0.696477520
1778902181.600390196 95.283692050 -57.310023695 -9.569829415 -0.117696765 0.171049797 0.687437626 0.695930276
1778902181.700230122 95.291291672 -57.165855679 -9.582174264 -0.113882382 0.163084088 0.692613227 0.693340682
1778902181.800070047 95.300747347 -57.023127931 -9.566635235 -0.114371563 0.152594566 0.693609061 0.694651362
1778902181.900390148 95.310467652 -56.888874230 -9.535374578 -0.113930003 0.149420391 0.689708609 0.699282158
1778902182.000230074 95.314816466 -56.751499620 -9.513058501 -0.121328362 0.167813179 0.694622221 0.688925349
1778902182.100065947 95.313465760 -56.613555606 -9.513839154 -0.123649797 0.157775057 0.691424971 0.694081601
1778902182.200386047 95.313866243 -56.467967719 -9.526503631 -0.114533871 0.154538665 0.686217165 0.701502527
1778902182.300225973 95.317557982 -56.326935654 -9.514301603 -0.101794289 0.149086872 0.685189037 0.705639435
1778902182.400066137 95.318683718 -56.176953737 -9.475811588 -0.112423896 0.149195903 0.677875345 0.711046037
1778902182.500386000 95.323145840 -56.037162389 -9.452993963 -0.124784405 0.170642518 0.665415354 0.715913675
1778902182.600226164 95.328242704 -55.906119366 -9.458835170 -0.122779565 0.170821442 0.665480097 0.716157423
1778902182.700066090 95.336070564 -55.773742719 -9.482429573 -0.107289891 0.175657992 0.676610081 0.706987940
1778902182.800385952 95.343944093 -55.627759660 -9.482084411 -0.103932317 0.176253758 0.679848667 0.704228995
1778902182.900226116 95.350224407 -55.484431863 -9.460436805 -0.104878194 0.177816094 0.679101854 0.704416548
1778902183.000066042 95.351797747 -55.350584123 -9.430845512 -0.109304379 0.178358962 0.674314924 0.708194900
1778902183.100381374 95.347114807 -55.220110077 -9.414875075 -0.122451781 0.185268544 0.677056795 0.701623278
1778902183.200221539 95.342740414 -55.075977863 -9.423081161 -0.118904464 0.179547137 0.681542199 0.699374567
1778902183.300061464 95.335566497 -54.925137683 -9.438288944 -0.117803688 0.173969841 0.678105948 0.704293340
1778902183.400381327 95.330877371 -54.774268954 -9.422969059 -0.113446156 0.176535622 0.673316316 0.708950127
1778902183.500221491 95.325992631 -54.629285400 -9.386524199 -0.109924939 0.178598445 0.664890090 0.716896277
1778902183.600061417 95.324116829 -54.490977568 -9.366130740 -0.118931003 0.195785759 0.657738420 0.717567784
1778902183.700381517 95.321215079 -54.357495943 -9.362981993 -0.110221670 0.191893694 0.662086711 0.716009205
1778902183.800221443 95.318377297 -54.220918432 -9.379144592 -0.102684191 0.180792083 0.673496499 0.709346633
1778902183.900061369 95.319958546 -54.082082235 -9.381652922 -0.095216614 0.178509511 0.676118013 0.708472006
1778902184.000381470 95.319829534 -53.937240289 -9.361006332 -0.103640510 0.187280339 0.674882229 0.706200181
1778902184.100216866 95.320675043 -53.800679309 -9.339389161 -0.101007638 0.190867145 0.670525699 0.709762268
1778902184.200056791 95.317633093 -53.669552724 -9.319245785 -0.109398081 0.195256862 0.676430819 0.701675256
1778902184.300376892 95.312836138 -53.531878488 -9.325926770 -0.101568373 0.178576082 0.677592882 0.706160276
1778902184.400216818 95.303724367 -53.387027485 -9.335801937 -0.102952147 0.175560803 0.675691654 0.708533731
1778902184.500056744 95.297881726 -53.239391804 -9.326931001 -0.098898724 0.168889288 0.670218572 0.715892811
1778902184.600376844 95.293323650 -53.098534332 -9.294903333 -0.102817893 0.172518799 0.657453004 0.726237766
1778902184.700216770 95.292329935 -52.968466179 -9.269087479 -0.122516848 0.181819283 0.654751131 0.723347998
1778902184.800056934 95.292040707 -52.842713694 -9.271178956 -0.119384698 0.173703954 0.658329008 0.722618259
1778902184.900376797 95.294914495 -52.706546917 -9.289460869 -0.114968307 0.167438901 0.672230571 0.711935785
1778902185.000216722 95.302430332 -52.567989048 -9.287721410 -0.112820301 0.165719424 0.679941444 0.705328495
1778902185.100071669 95.312768874 -52.430319094 -9.259955946 -0.120888733 0.170189643 0.686181888 0.696832703
1778902185.200391769 95.318797162 -52.296957447 -9.232144281 -0.123475671 0.176337157 0.683480782 0.697504829
1778902185.300231695 95.322719485 -52.169126093 -9.221883397 -0.129704861 0.181163419 0.693098468 0.685544294
1778902185.400071621 95.327733834 -52.031178542 -9.232223658 -0.124839588 0.169715094 0.695760795 0.686679532
1778902185.500391722 95.333942587 -51.883402390 -9.240621263 -0.122956672 0.175222614 0.689264165 0.692165878
1778902185.600231647 95.337179668 -51.741036463 -9.230067472 -0.123100027 0.168648708 0.677909354 0.704870843
1778902185.700071573 95.345102962 -51.603651418 -9.203053351 -0.121196442 0.171209463 0.669445385 0.712630072
1778902185.800391674 95.355780689 -51.466757337 -9.181935061 -0.129753337 0.184291724 0.666252301 0.710850549
1778902185.900231600 95.362565487 -51.332879874 -9.184311818 -0.129806119 0.183638007 0.672670738 0.704940801
1778902186.000071764 95.369875977 -51.194201156 -9.200374495 -0.123704047 0.167645292 0.683312652 0.699768666
1778902186.100387335 95.382545253 -51.055553888 -9.197653560 -0.122041455 0.160667409 0.689332988 0.695781502
1778902186.200227261 95.394410140 -50.918343427 -9.170669738 -0.125713375 0.162003973 0.692119156 0.692041858
1778902186.300067425 95.401666958 -50.783425390 -9.140371944 -0.133723762 0.177432641 0.689729502 0.689136291
1778902186.400387287 95.409819724 -50.650287277 -9.133697591 -0.139862602 0.184408771 0.693229459 0.682542874
1778902186.500227213 95.412316137 -50.509448265 -9.143127405 -0.133609426 0.170888216 0.696732926 0.683746275
1778902186.600067377 95.413347227 -50.361476934 -9.146724393 -0.138125414 0.166159526 0.692935131 0.687861386
1778902186.700387239 95.416322409 -50.217878124 -9.125766971 -0.135924806 0.171566636 0.690460475 0.689458969
1778902186.800227404 95.418990283 -50.074559852 -9.098381341 -0.142361208 0.173680855 0.682199382 0.695824870
1778902186.900067329 95.418747241 -49.936619149 -9.088787983 -0.149499281 0.168916587 0.681381728 0.696301725
1778902187.000387430 95.419640085 -49.798890487 -9.103679315 -0.141600174 0.165016623 0.687446224 0.692918894
1778902187.100222826 95.422147509 -49.656627018 -9.121830167 -0.138720233 0.161578629 0.699801558 0.681855427
1778902187.200062752 95.425346482 -49.509486836 -9.116241951 -0.141441764 0.159813796 0.708284334 0.672894554
1778902187.300382614 95.425232135 -49.365542550 -9.088761084 -0.147852867 0.153315029 0.706438999 0.674965164
1778902187.400222778 95.426078759 -49.228564092 -9.057935139 -0.150258013 0.175263900 0.709004801 0.666346222
1778902187.500062704 95.425684845 -49.090645694 -9.058013654 -0.145880385 0.171889021 0.711440678 0.665601412
1778902187.600382805 95.420659385 -48.944281100 -9.069975944 -0.147885412 0.158097748 0.714902652 0.664867810
1778902187.700222731 95.421090651 -48.790383164 -9.074467739 -0.137649843 0.157151379 0.708550507 0.674026813
1778902187.800062656 95.422875513 -48.641917256 -9.046225597 -0.139374237 0.167718433 0.700242287 0.679783855
1778902187.900382757 95.428222001 -48.505368287 -9.007429495 -0.136096598 0.177285710 0.685342274 0.693075365
1778902188.000222683 95.431104999 -48.371605199 -9.002308383 -0.140167576 0.179932017 0.679348029 0.697469551
1778902188.100058079 95.436038719 -48.242015400 -9.015236742 -0.137964002 0.180032618 0.686690679 0.690659179
1778902188.200378180 95.441566720 -48.101605081 -9.027554889 -0.134699102 0.165482571 0.695971698 0.685634791
1778902188.300218105 95.454585070 -47.963377618 -9.007047281 -0.129293238 0.168690340 0.698926491 0.682882558
1778902188.400058031 95.462808672 -47.828090741 -8.977142128 -0.128701880 0.167795076 0.692685634 0.689541334
1778902188.500378132 95.465034633 -47.702311341 -8.958923048 -0.135724246 0.173132499 0.694278881 0.685259734
1778902188.600218058 95.464315401 -47.571247920 -8.970395843 -0.140404244 0.168508839 0.692814173 0.686949737
1778902188.700058222 95.464628443 -47.434994580 -8.985224961 -0.136066570 0.153974093 0.696481094 0.687525966
1778902188.800378084 95.457861162 -47.288142528 -8.973008769 -0.141492481 0.143257449 0.690543468 0.694699144
1778902188.900218010 95.459744745 -47.143071241 -8.938407241 -0.131769492 0.150527620 0.690200489 0.695414640
1778902189.000058174 95.462730072 -47.003431309 -8.912186554 -0.144898375 0.157998532 0.681063193 0.700138452
1778902189.100373268 95.472032118 -46.863114588 -8.911774212 -0.137742605 0.160736870 0.682106757 0.699943573
1778902189.200213194 95.478983854 -46.721131359 -8.933329542 -0.127882751 0.160925021 0.687669409 0.696318837
1778902189.300053358 95.487049792 -46.584183755 -8.939823358 -0.126858675 0.158902602 0.690882861 0.693785062
1778902189.400373220 95.502496750 -46.434718220 -8.920251999 -0.129062591 0.166024086 0.694623075 0.687951767
1778902189.500213146 95.511470545 -46.289905294 -8.885456146 -0.123698462 0.169421504 0.691878020 0.690868909
1778902189.600053310 95.516705857 -46.154384853 -8.868924781 -0.130702857 0.181534202 0.697335020 0.680944908
1778902189.700373173 95.517767529 -46.012186270 -8.865699714 -0.121511661 0.161875494 0.699327811 0.685544932
1778902189.800213337 95.513727137 -45.855228814 -8.871253181 -0.117054836 0.158988224 0.697579121 0.688770122
1778902189.900053263 95.510724922 -45.705847726 -8.852330581 -0.119222762 0.160843473 0.692619405 0.692960078
1778902190.000373363 95.507742828 -45.561277347 -8.820175718 -0.125760445 0.161113358 0.684561819 0.699715594
1778902190.100208282 95.508595083 -45.432064019 -8.805460554 -0.130125421 0.174701587 0.681043632 0.699089624
1778902190.200048447 95.504776625 -45.304742535 -8.812117798 -0.126232388 0.173114134 0.683837836 0.697468777
1778902190.300368309 95.502292029 -45.173222887 -8.830172699 -0.116054962 0.168949449 0.696917345 0.687236163
1778902190.400208473 95.500400985 -45.034358050 -8.832879714 -0.117564446 0.168704573 0.703324728 0.680479019
1778902190.500048399 95.501376315 -44.893495770 -8.805294854 -0.122448214 0.164110705 0.708756313 0.675084143
1778902190.600368500 95.494093990 -44.770416909 -8.774068949 -0.126388590 0.161978019 0.704774093 0.679030577
1778902190.700208426 95.488839344 -44.647051076 -8.760706362 -0.132633699 0.169195111 0.712005202 0.668453371
1778902190.800048351 95.479125120 -44.516944668 -8.770258721 -0.129471799 0.157399948 0.716638272 0.667002171
1778902190.900368452 95.467293756 -44.374426730 -8.780162423 -0.127563296 0.154333760 0.712837535 0.672139378
1778902191.000208378 95.459628297 -44.239942001 -8.765545881 -0.126818701 0.159017175 0.708373920 0.675897140
1778902191.100044250 95.454353839 -44.094959124 -8.725840513 -0.121793430 0.156805746 0.701149986 0.684811665
1778902191.200364351 95.450181152 -43.962205671 -8.706792736 -0.133114413 0.167417581 0.696080035 0.685364495
1778902191.300204277 95.447637502 -43.833948080 -8.707490391 -0.124960657 0.157741312 0.699990340 0.685212403
1778902191.400044203 95.448027967 -43.700346194 -8.724693490 -0.110017678 0.158377898 0.711529121 0.675676595
1778902191.500364304 95.449409809 -43.549716365 -8.727334836 -0.107749913 0.161018208 0.718690377 0.667792808
1778902191.600204229 95.449841408 -43.410983534 -8.703446848 -0.112797049 0.159873455 0.724726643 0.660672836
1778902191.700044394 95.447309571 -43.273715332 -8.677690761 -0.118221996 0.167944051 0.721062606 0.661730364
1778902191.800364256 95.441099755 -43.137784408 -8.662889641 -0.129793814 0.165419815 0.720458001 0.660855597
1778902191.900204182 95.436412408 -42.993141995 -8.672312949 -0.124711553 0.156370279 0.716308684 0.668503728
1778902192.000044346 95.431148604 -42.841832421 -8.682978728 -0.116008483 0.163488374 0.717024342 0.667599937
1778902192.100359678 95.422418212 -42.684328014 -8.667302353 -0.126095268 0.157289830 0.707771870 0.677066373
1778902192.200199604 95.420320081 -42.538244441 -8.642632831 -0.131459838 0.168046834 0.699202213 0.682345102
1778902192.300039768 95.420120517 -42.393393809 -8.617918856 -0.141477987 0.182543598 0.695414872 0.680485099
1778902192.400359631 95.420711042 -42.257484811 -8.620076593 -0.126046114 0.170484710 0.699518039 0.682438168
1778902192.500199795 95.417211981 -42.120995063 -8.635229190 -0.116052392 0.159815923 0.711355768 0.674509958
1778902192.600039721 95.421303852 -41.983999080 -8.626550614 -0.112091069 0.161984192 0.719564359 0.665900778
1778902192.700359583 95.422358207 -41.848209748 -8.602050653 -0.115085348 0.165536805 0.721114044 0.662832908
1778902192.800199747 95.419949465 -41.718551304 -8.577841993 -0.125917860 0.179191273 0.725077590 0.652914749
1778902192.900039673 95.415452069 -41.585758048 -8.572253541 -0.133670470 0.177118804 0.725353789 0.651631043
1778902193.000359774 95.408359032 -41.444507551 -8.586059951 -0.130000489 0.166791730 0.725151991 0.655312889
1778902193.100195408 95.401554004 -41.300033581 -8.587285690 -0.134330612 0.164069910 0.718236378 0.662701182
1778902193.200035334 95.395518172 -41.150536372 -8.565382400 -0.139368668 0.175188924 0.712960431 0.664509322
1778902193.300355434 95.393145534 -41.011463705 -8.539995159 -0.145301612 0.180213452 0.703072192 0.672383854
1778902193.400195360 95.389882953 -40.877934447 -8.530442542 -0.143617212 0.176105664 0.702803643 0.674112699
1778902193.500035286 95.384229659 -40.743373430 -8.541722052 -0.130127216 0.172435410 0.709579935 0.670693114
1778902193.600355387 95.380945704 -40.601420043 -8.549706899 -0.124107115 0.162197475 0.718085090 0.665314367
1778902193.700195312 95.382033526 -40.457532948 -8.533870833 -0.126693573 0.171763095 0.725415908 0.654383632
1778902193.800035238 95.382250497 -40.317644625 -8.508080843 -0.129320485 0.164878254 0.721303448 0.660161124
1778902193.900355339 95.383375106 -40.176116736 -8.480071347 -0.135044699 0.177822704 0.720728150 0.656272009
1778902194.000195265 95.381370625 -40.035057909 -8.481394378 -0.133242219 0.166103604 0.717112020 0.663631264
1778902194.100030422 95.378181170 -39.878763570 -8.496945979 -0.122632072 0.172561220 0.713108133 0.668326859
1778902194.200350523 95.376305688 -39.724394815 -8.486048393 -0.116816078 0.167244034 0.710805618 0.673155858
1778902194.300190449 95.375666334 -39.570675475 -8.454713334 -0.127282482 0.168747740 0.700035833 0.682109377
1778902194.400030375 95.380408169 -39.431859232 -8.431377996 -0.130454303 0.174330331 0.693469950 0.686796941
1778902194.500350475 95.386487045 -39.295504954 -8.428513906 -0.127323206 0.173157978 0.692694125 0.688462029
1778902194.600190401 95.394443494 -39.161663047 -8.434746894 -0.114767906 0.168636610 0.701152058 0.683209934
1778902194.700030565 95.403969380 -39.026210126 -8.434050242 -0.111673312 0.168127234 0.706540272 0.678279551
1778902194.800350428 95.416129992 -38.892979099 -8.415975672 -0.109994674 0.160779103 0.713795728 0.672716070
1778902194.900190353 95.420737798 -38.758697668 -8.388668340 -0.124740657 0.166989949 0.707931547 0.674823718
1778902195.000030518 95.425957768 -38.628564090 -8.376140436 -0.132408390 0.163903707 0.710002199 0.671937847
1778902195.100345850 95.429979606 -38.488186709 -8.381375767 -0.126479602 0.155952037 0.711340594 0.673555069
1778902195.200185776 95.431414010 -38.346605756 -8.384898483 -0.123673285 0.154401087 0.710659499 0.675150576
1778902195.300025940 95.430837619 -38.202947431 -8.376538246 -0.127025598 0.152328089 0.707274869 0.678544701
1778902195.400345802 95.430981233 -38.064145888 -8.356484236 -0.135562453 0.160179828 0.703747331 0.678752487
1778902195.500185966 95.436364332 -37.930273988 -8.338027667 -0.141695647 0.172534587 0.702411159 0.675849631
1778902195.600025892 95.441312874 -37.799445064 -8.339221587 -0.132515763 0.166667811 0.706300327 0.675130551
1778902195.700345755 95.450214011 -37.661271301 -8.350720449 -0.118020981 0.156080490 0.715960284 0.670157296
1778902195.800185919 95.458676813 -37.523919411 -8.349320587 -0.114056817 0.156259278 0.723485820 0.662678163
1778902195.900025845 95.474186216 -37.386101971 -8.322264616 -0.104027049 0.146961545 0.732897365 0.656080887
1778902196.000345945 95.477084295 -37.253257434 -8.287661997 -0.116887142 0.151605741 0.731766794 0.654118074
1778902196.100181341 95.476702600 -37.112769800 -8.271277279 -0.120381645 0.149094729 0.731167431 0.654731402
1778902196.200021267 95.477844224 -36.965485872 -8.281133431 -0.113309187 0.143585814 0.732136285 0.656140688
1778902196.300341129 95.473536017 -36.812027542 -8.285784909 -0.113130351 0.141144753 0.725156187 0.664400623
1778902196.400181293 95.470232856 -36.665638443 -8.264187842 -0.122220618 0.143528194 0.719245391 0.668691144
1778902196.500021219 95.469027716 -36.526011792 -8.235477524 -0.130076869 0.149184621 0.711716149 0.674005994
1778902196.600341320 95.472657751 -36.392822227 -8.227452010 -0.130671685 0.161508170 0.711079012 0.671719183
1778902196.700181246 95.472268977 -36.260211574 -8.240252263 -0.123531693 0.156880805 0.716572786 0.668320115
1778902196.800021172 95.473471862 -36.124506616 -8.250707293 -0.116489125 0.147470548 0.726131508 0.661374141
1778902196.900341272 95.477690349 -35.988487924 -8.240709849 -0.108616950 0.147781471 0.732512737 0.655582249
1778902197.000181198 95.479634958 -35.849799891 -8.215479838 -0.109552106 0.140758667 0.734334403 0.654933827
1778902197.100016356 95.474658962 -35.713941285 -8.186630804 -0.123924119 0.151293694 0.733606173 0.650826409
1778902197.200336456 95.467437400 -35.584019528 -8.180851015 -0.125876129 0.150133786 0.737012431 0.646859894
1778902197.300176382 95.455427531 -35.445635143 -8.195427321 -0.121997068 0.145560039 0.739144452 0.646215497
1778902197.400016308 95.441400990 -35.302703360 -8.204566215 -0.121002656 0.146977594 0.736254602 0.649372855
1778902197.500336409 95.433180353 -35.153931090 -8.180125783 -0.109949964 0.153743173 0.728165205 0.658824314
1778902197.600176334 95.428076873 -35.017352789 -8.151729088 -0.119358808 0.164053925 0.720994719 0.662575581
1778902197.700016499 95.420620911 -34.887509624 -8.138590136 -0.133685793 0.168526476 0.718273236 0.661672498
1778902197.800336361 95.416515243 -34.750498550 -8.139895925 -0.118685122 0.159597695 0.722043063 0.662643368
1778902197.900176287 95.411154083 -34.609623765 -8.152287730 -0.111317752 0.150568929 0.726330444 0.661348200
1778902198.000016451 95.408741582 -34.458359346 -8.148122564 -0.113600244 0.157615778 0.731531599 0.653539418
1778902198.100332022 95.399860992 -34.314553694 -8.120261807 -0.116791099 0.149821189 0.726296589 0.660610866
1778902198.200171947 95.386358850 -34.180788336 -8.105238090 -0.132692963 0.168358093 0.727484893 0.651777462
1778902198.300012112 95.371669424 -34.047469587 -8.103927838 -0.134016776 0.162718301 0.728953248 0.651298258
1778902198.400331974 95.356832157 -33.910431806 -8.115000734 -0.120729462 0.153876396 0.731230076 0.653489883
1778902198.500172138 95.341032329 -33.777710453 -8.116100650 -0.122086050 0.157812074 0.726175937 0.657920097
1778902198.600012064 95.326319299 -33.643306642 -8.095959015 -0.135696367 0.165004049 0.723704070 0.656210773
1778902198.700331926 95.318904304 -33.497665720 -8.066273433 -0.133826149 0.168517204 0.717496952 0.662488216
1778902198.800172091 95.312693780 -33.355961340 -8.059678969 -0.138367199 0.173597265 0.714869568 0.663083711
1778902198.900012016 95.312379114 -33.201196521 -8.074174826 -0.119595277 0.173727242 0.722462407 0.658455683
1778902199.000332117 95.309468440 -33.043179749 -8.082482628 -0.120907579 0.165395260 0.725382564 0.657149831
1778902199.100167751 95.312447802 -32.923786721 -8.069258783 -0.123412755 0.170417575 0.732092961 0.647894311
1778902199.200487614 95.308899264 -32.771904677 -8.039627381 -0.140264514 0.165475339 0.725776429 0.652834093
1778902199.300327778 95.306405756 -32.640709443 -8.015695568 -0.145574186 0.174292181 0.730679256 0.643846423
1778902199.400167704 95.300118872 -32.507166717 -8.015290905 -0.144175830 0.164523024 0.731482813 0.645816072
1778902199.500487566 95.293588786 -32.350409216 -8.021284582 -0.140601260 0.157922681 0.728691183 0.651383814
1778902199.600327730 95.289567720 -32.210290643 -8.005330089 -0.138899916 0.153126864 0.726341870 0.655504740
1778902199.700167656 95.287170240 -32.069327520 -7.975914737 -0.148171585 0.156100123 0.718851975 0.661006634
1778902199.800487757 95.291696932 -31.933600726 -7.957744405 -0.152807954 0.171893533 0.714376910 0.660884236
1778902199.900327682 95.295110916 -31.796908647 -7.951159664 -0.142271525 0.163015610 0.717433875 0.662173210
1778902200.000167608 95.300562723 -31.663560783 -7.960219760 -0.126631097 0.156589673 0.730297567 0.652770789
1778902200.100483179 95.311289628 -31.530797207 -7.955594725 -0.118704888 0.158958274 0.739079491 0.643741347
1778902200.200323105 95.312711725 -31.401580090 -7.929233278 -0.118097140 0.143951110 0.749945279 0.634754458
1778902200.300163031 95.312094717 -31.267178862 -7.903293815 -0.131526230 0.151956417 0.747988378 0.632553148
1778902200.400483131 95.309779891 -31.132736535 -7.891283893 -0.139324205 0.155145832 0.750869717 0.626668337
1778902200.500323057 95.308130480 -30.993755591 -7.900302836 -0.131700300 0.146946364 0.753227561 0.627463177
1778902200.600162983 95.298333288 -30.841988375 -7.908483558 -0.133384866 0.148584699 0.753859867 0.625960355
1778902200.700483084 95.288705302 -30.691239837 -7.892800262 -0.139274370 0.154857810 0.750381071 0.627335601
1778902200.800323009 95.282045200 -30.540606809 -7.863285582 -0.137187497 0.156890961 0.744206312 0.634603642
1778902200.900163174 95.279279108 -30.402820088 -7.841151320 -0.131722038 0.158922572 0.745369279 0.633890809
1778902201.000483036 95.275763584 -30.268193063 -7.840184878 -0.124262862 0.150791208 0.751510296 0.630121438
1778902201.100318432 95.268221344 -30.130474976 -7.845996237 -0.123160423 0.131548743 0.763833282 0.619746041
1778902201.200158358 95.269358761 -29.985636953 -7.843847577 -0.121674423 0.134391585 0.765984404 0.616767484
1778902201.300478458 95.264029484 -29.843925376 -7.821089485 -0.137708577 0.136153772 0.768337186 0.610046283
1778902201.400318384 95.255466158 -29.704206811 -7.795693105 -0.147540575 0.146437671 0.764571538 0.610096837
1778902201.500158548 95.242362511 -29.562147909 -7.789611288 -0.142703924 0.144945813 0.769416244 0.605495619
1778902201.600478411 95.224117595 -29.415969436 -7.807314069 -0.141698998 0.138616698 0.767329725 0.609845798
1778902201.700318575 95.205186488 -29.268625303 -7.809411321 -0.142376963 0.131187640 0.766653954 0.612176705
1778902201.800158501 95.184332199 -29.119364615 -7.791637122 -0.151165552 0.132282005 0.761660789 0.616054615
1778902201.900478363 95.169450837 -28.980149940 -7.765000309 -0.157568032 0.143994479 0.753525011 0.621802190
1778902202.000318527 95.155492974 -28.844085130 -7.742684495 -0.159373294 0.145280750 0.753841025 0.620658816
1778902202.100153685 95.144853461 -28.708473862 -7.757334306 -0.145342033 0.141075407 0.761428358 0.615792399
1778902202.200473547 95.131101672 -28.571934673 -7.767628080 -0.140714087 0.135072526 0.772034127 0.604911783
1778902202.300313711 95.121568991 -28.426404790 -7.756762161 -0.138588638 0.135652254 0.782209241 0.592064489
1778902202.400153637 95.109593681 -28.281247810 -7.729576155 -0.144622737 0.132820133 0.781819054 0.591778712
1778902202.500473499 95.094362485 -28.146763983 -7.699014853 -0.153855239 0.148161504 0.782833740 0.584421141
1778902202.600313663 95.078621454 -28.002078958 -7.699746335 -0.146579378 0.143200387 0.780552218 0.590547517
1778902202.700153589 95.058281525 -27.854504944 -7.713729576 -0.139176431 0.141760917 0.781628567 0.591261826
1778902202.800473690 95.031104821 -27.710647498 -7.714053071 -0.140961232 0.128072556 0.779867776 0.596266386
1778902202.900313616 95.011263355 -27.570201618 -7.677818848 -0.148400210 0.129909371 0.776783527 0.598087189
1778902203.000153542 94.997354959 -27.430662594 -7.648612586 -0.151221524 0.139566193 0.770611534 0.603167632
1778902203.100469351 94.983415671 -27.294674125 -7.644731046 -0.162418020 0.141284040 0.771191807 0.599101331
1778902203.200309277 94.972545550 -27.160093084 -7.656132305 -0.143862500 0.137842848 0.779179697 0.594291116
1778902203.300149202 94.962882001 -27.017678691 -7.663157368 -0.136371707 0.137295772 0.787506672 0.585137479
1778902203.400469303 94.956285415 -26.882000339 -7.643433173 -0.143303651 0.135228476 0.795823657 0.572574912
1778902203.500309229 94.946329767 -26.745896455 -7.619452661 -0.148685518 0.133739129 0.792465506 0.576198649
1778902203.600149155 94.932498739 -26.612451336 -7.601244478 -0.153514695 0.148045825 0.797927401 0.563761949
1778902203.700469255 94.913717640 -26.479197457 -7.609546907 -0.154250406 0.131926344 0.797288220 0.568448543
1778902203.800309181 94.894186221 -26.336245147 -7.621123565 -0.144019210 0.133354636 0.796310272 0.572158158
1778902203.900149345 94.875322822 -26.190056128 -7.614458267 -0.141127568 0.131784477 0.792714312 0.578204013
1778902204.000469208 94.854064771 -26.051193608 -7.586417028 -0.152346834 0.126274740 0.786104189 0.585564118
1778902204.100304842 94.836595009 -25.915851403 -7.554726651 -0.161977821 0.136909345 0.784976682 0.582091596
1778902204.200145006 94.817927246 -25.782039781 -7.553270473 -0.155428894 0.133691531 0.786908414 0.582016823
1778902204.300464869 94.801335439 -25.641314988 -7.569011374 -0.144545364 0.134820185 0.795276803 0.573118628
1778902204.400304794 94.786016468 -25.497177648 -7.574155430 -0.140490488 0.136691246 0.802293927 0.563828326
1778902204.500144958 94.767485819 -25.351104410 -7.550539316 -0.143195075 0.130710564 0.805451542 0.560051544
1778902204.600464821 94.743656928 -25.218664499 -7.520267018 -0.148662848 0.137537068 0.803974198 0.559113943
1778902204.700304985 94.714220361 -25.089903649 -7.506310329 -0.157120028 0.139165240 0.807646549 0.551047534
1778902204.800144911 94.678708164 -24.952543489 -7.512642805 -0.156625045 0.133751865 0.808690013 0.550998636
1778902204.900465012 94.641255304 -24.806590222 -7.510282175 -0.148456797 0.132774947 0.807046010 0.555884998
1778902205.000304937 94.602317785 -24.663999306 -7.488371568 -0.147772149 0.139574858 0.803580234 0.559411350
1778902205.100140333 94.564664735 -24.519671997 -7.460955110 -0.151521502 0.134589064 0.795036889 0.571702163
1778902205.200460196 94.532251151 -24.385033619 -7.444433813 -0.160014958 0.140453965 0.793517841 0.570085374
1778902205.300300360 94.500432157 -24.251042563 -7.454708414 -0.147022856 0.132696536 0.800312958 0.565928509
1778902205.400140285 94.469766260 -24.113953976 -7.468163769 -0.138128930 0.127548072 0.809153675 0.556706583
1778902205.500460386 94.438449072 -23.968329335 -7.459932423 -0.136878509 0.132715447 0.814059018 0.548597119
1778902205.600300312 94.401950718 -23.821652229 -7.433785800 -0.149617033 0.114246854 0.810652658 0.554440860
1778902205.700140238 94.367464511 -23.691898034 -7.395680007 -0.159588117 0.130280356 0.813029346 0.544556649
1778902205.800460339 94.329122890 -23.551366664 -7.381470292 -0.169764011 0.131996738 0.810277836 0.545166828
1778902205.900300264 94.289540526 -23.410649967 -7.397327483 -0.160555654 0.128488304 0.816155192 0.540003093
1778902206.000140190 94.244381965 -23.266776472 -7.403629475 -0.160525764 0.124222864 0.814030575 0.544200682
1778902206.100455999 94.201433845 -23.121597371 -7.375912105 -0.163792099 0.139907673 0.813415667 0.540326701
1778902206.200295925 94.163761453 -22.985414998 -7.337405919 -0.163978145 0.138786322 0.802330928 0.556879347
1778902206.300135851 94.128889755 -22.849313013 -7.324271889 -0.171147834 0.149324339 0.800869293 0.554092985
1778902206.400455952 94.090839567 -22.723328347 -7.334070202 -0.164980331 0.144907360 0.805960033 0.549737913
1778902206.500295877 94.052996386 -22.584370939 -7.342926495 -0.155133156 0.149890269 0.808698919 0.547240962
1778902206.600136042 94.020723632 -22.451250279 -7.333166134 -0.154958547 0.145061681 0.815532779 0.538378347
1778902206.700455904 93.976429249 -22.320022709 -7.301076736 -0.166238597 0.127891029 0.807356312 0.551529146
1778902206.800295830 93.938480826 -22.192277514 -7.272577844 -0.171251541 0.148895626 0.808088386 0.543595588
1778902206.900135994 93.893644813 -22.059188792 -7.272473745 -0.175386704 0.136162637 0.808657931 0.544767466
1778902207.000455856 93.844120880 -21.918491534 -7.285246240 -0.170384711 0.129789986 0.810514404 0.545151364
1778902207.100291729 93.792740300 -21.775691737 -7.285646142 -0.172596206 0.126949380 0.804775624 0.553561740
1778902207.200131893 93.748195022 -21.631502767 -7.262955508 -0.179728591 0.144233967 0.802938950 0.549711960
1778902207.300451756 93.715322328 -21.500232826 -7.231714994 -0.183198238 0.153183367 0.791096825 0.563151023
1778902207.400291920 93.685432853 -21.379114175 -7.221244188 -0.183337844 0.149891898 0.788742705 0.567278237
1778902207.500131845 93.657139590 -21.252580340 -7.228574622 -0.164397850 0.148818005 0.793394841 0.566878447
1778902207.600451946 93.626076063 -21.119882642 -7.233655494 -0.158374546 0.139106039 0.798159680 0.564365252
1778902207.700291872 93.597874951 -20.985059706 -7.220575096 -0.169837969 0.143192526 0.804165861 0.551333142
1778902207.800131798 93.567349602 -20.857901506 -7.185131680 -0.178565272 0.134871236 0.801693954 0.554266180
1778902207.900451899 93.541186902 -20.728839853 -7.168593124 -0.184194762 0.152647842 0.804746225 0.543281179
1778902208.000291824 93.506371700 -20.596901711 -7.171902627 -0.182576215 0.144162052 0.802799758 0.548995243
1778902208.100126982 93.470200058 -20.448765059 -7.183049415 -0.177467492 0.134892840 0.804271899 0.550868336
1778902208.200447083 93.435939757 -20.303309911 -7.170878635 -0.174160102 0.125831807 0.799869258 0.560396096
1778902208.300287008 93.407428691 -20.162642402 -7.142576954 -0.179101757 0.135690403 0.793547919 0.565501878
1778902208.400126934 93.383031942 -20.029153915 -7.120051202 -0.187983750 0.152486028 0.786169411 0.568636773
1778902208.500447035 93.355960105 -19.897681824 -7.118958098 -0.188905491 0.153722021 0.786243163 0.567896068
1778902208.600286961 93.330566123 -19.758584036 -7.136055925 -0.176608379 0.159000016 0.794624937 0.558658826
1778902208.700126886 93.298559561 -19.618398323 -7.146401449 -0.173870370 0.156618613 0.802577156 0.548734556
1778902208.800446987 93.265137226 -19.483190151 -7.123732657 -0.180537629 0.144215641 0.812247675 0.535594743
1778902208.900286913 93.230973596 -19.353743702 -7.086063107 -0.178123761 0.141554529 0.807382844 0.544396165
1778902209.000127077 93.194910288 -19.220451611 -7.062125981 -0.190367701 0.165458971 0.809093920 0.530801748
1778902209.100442410 93.150276799 -19.086410662 -7.062396198 -0.191124720 0.139994026 0.806198983 0.542140401
1778902209.200282335 93.107594773 -18.943162143 -7.073650122 -0.181413279 0.141669905 0.811800938 0.536654542
1778902209.300122261 93.061660510 -18.794005527 -7.059981923 -0.183630486 0.148076958 0.808580060 0.539028149
1778902209.400442362 93.021957584 -18.648784331 -7.021580982 -0.180411697 0.153473478 0.807074743 0.540858457
1778902209.500282288 92.984486913 -18.508543142 -6.999272200 -0.185354522 0.164366484 0.799820949 0.546730107
1778902209.600122452 92.947498844 -18.371534691 -6.999535962 -0.178432252 0.157621036 0.803183378 0.546089737
1778902209.700442314 92.905418120 -18.231047483 -7.011799452 -0.168680471 0.157156327 0.813013845 0.534656222
1778902209.800282478 92.860725350 -18.093850487 -7.007457037 -0.168503819 0.155460999 0.820567343 0.523552840
1778902209.900122404 92.813595799 -17.960020590 -6.976993757 -0.172067442 0.138655593 0.825973349 0.518589866
1778902210.000442266 92.765002925 -17.830695513 -6.953010826 -0.184556567 0.151739272 0.823004732 0.515341904
1778902210.100277662 92.711335417 -17.706376348 -6.936091013 -0.192742507 0.145536724 0.825379608 0.510311563
1778902210.200117826 92.657136133 -17.568856913 -6.942444838 -0.182167461 0.131670654 0.827515442 0.514486198
1778902210.300437689 92.602705408 -17.430306215 -6.945219278 -0.165838675 0.133854623 0.826360874 0.521256347
1778902210.400277853 92.546030571 -17.289344292 -6.934671334 -0.168082846 0.135983418 0.821517945 0.527603007
1778902210.500117779 92.496540084 -17.154033827 -6.909447425 -0.171424391 0.142399231 0.816086711 0.533234111
1778902210.600437641 92.448098668 -17.027767556 -6.875114706 -0.186419307 0.148017933 0.809771160 0.536292086
1778902210.700277805 92.403476727 -16.901820410 -6.880054876 -0.168955611 0.149732788 0.814930806 0.533780737
1778902210.800117731 92.354063457 -16.775282248 -6.889772528 -0.162121200 0.143099382 0.822481259 0.526083513
1778902210.900437832 92.307746465 -16.637719106 -6.885947901 -0.167246214 0.143781620 0.825332968 0.519789420
1778902211.000277758 92.260267416 -16.514053136 -6.848840085 -0.170376848 0.136234587 0.828181968 0.516262042
1778902211.100113630 92.209385617 -16.388092366 -6.824632462 -0.180747641 0.151863491 0.825550958 0.512575250
1778902211.200433731 92.156417766 -16.267850117 -6.817694763 -0.189901538 0.138410937 0.827337066 0.510189373
1778902211.300273657 92.105531112 -16.138698553 -6.831560763 -0.181375723 0.134072090 0.831035252 0.508436752
1778902211.400113583 92.052724016 -16.004130146 -6.833160348 -0.171464710 0.132956987 0.829300268 0.514959570
1778902211.500433683 91.998307292 -15.869769665 -6.814612452 -0.178598436 0.139006841 0.824007966 0.519413679
1778902211.600273609 91.948014621 -15.741649630 -6.787092706 -0.190196000 0.145858633 0.813993987 0.529116746
1778902211.700113773 91.898987776 -15.616330518 -6.770133945 -0.185720477 0.149857200 0.813912489 0.529714247
1778902211.800433636 91.847415153 -15.484488000 -6.782197922 -0.176434699 0.145095602 0.817406440 0.528833409
1778902211.900273561 91.797394932 -15.348272978 -6.792818776 -0.167922936 0.141804903 0.824916944 0.520773744
1778902212.000113726 91.743744248 -15.215235453 -6.780864416 -0.164597996 0.144840842 0.831209416 0.510900711
1778902212.100428820 91.688942414 -15.086181371 -6.747754040 -0.165101559 0.138577883 0.829538570 0.515173181
1778902212.200268745 91.635917724 -14.962986520 -6.713194808 -0.175462070 0.151895111 0.830664576 0.506100088
1778902212.300108910 91.578436217 -14.837462588 -6.708968406 -0.174497630 0.132770066 0.830955650 0.511307534
1778902212.400428772 91.516790160 -14.703566803 -6.721133161 -0.168980837 0.123497267 0.833239409 0.511767515
1778902212.500268698 91.451169989 -14.559929843 -6.720381641 -0.168803014 0.126911234 0.827377632 0.520428031
1778902212.600108862 91.387418237 -14.427073251 -6.691783705 -0.172501360 0.129292533 0.826347836 0.520265293
1778902212.700428724 91.327644881 -14.298828789 -6.659881395 -0.178848097 0.130254673 0.815399429 0.534949390
1778902212.800268888 91.271792668 -14.176201021 -6.648749297 -0.181009783 0.132229685 0.814337000 0.535355975
1778902212.900108814 91.213183731 -14.043067892 -6.658166422 -0.169095758 0.127368307 0.817880741 0.535028067
1778902213.000428915 91.156811647 -13.910477615 -6.667526841 -0.165458360 0.120483734 0.824204641 0.528009385
1778902213.100264788 91.105164103 -13.782440919 -6.648289177 -0.165165905 0.123650458 0.833928528 0.511853493
1778902213.200104713 91.050026800 -13.660225444 -6.611111058 -0.151633943 0.116828464 0.836725162 0.513078222
1778902213.300424814 90.995305697 -13.550513017 -6.585681707 -0.170521702 0.120470676 0.844426947 0.493307506
1778902213.400264740 90.929719881 -13.419082218 -6.582233289 -0.167134798 0.107501022 0.839946334 0.504974895
1778902213.500104666 90.863242794 -13.282149644 -6.591040733 -0.160171037 0.103944348 0.838407747 0.510502950
1778902213.600424767 90.798253791 -13.153906774 -6.588852987 -0.164915314 0.109014581 0.837731501 0.509042917
1778902213.700264692 90.735460789 -13.030517170 -6.568368075 -0.167742158 0.107589255 0.836520939 0.510411442
1778902213.800104618 90.669146263 -12.909800458 -6.536117436 -0.183365688 0.108267316 0.819925918 0.531391289
1778902213.900424719 90.612044461 -12.788800422 -6.526944482 -0.180958217 0.116603930 0.820567964 0.529458085
1778902214.000264645 90.553702410 -12.657835286 -6.539365513 -0.169814168 0.114655444 0.825304716 0.526202816
1778902214.100099802 90.496205689 -12.524665423 -6.545943735 -0.172117768 0.112252461 0.832182975 0.515020732
1778902214.200419903 90.442929581 -12.393488533 -6.526947230 -0.180828245 0.120869882 0.842119797 0.493483398
1778902214.300259829 90.388016338 -12.260870695 -6.495607767 -0.172572590 0.115411488 0.835543335 0.508690696
1778902214.400099754 90.332572654 -12.141625304 -6.473857239 -0.192919566 0.129711256 0.838076301 0.493543458
1778902214.500419855 90.273843748 -12.015781493 -6.479555464 -0.187947295 0.130381675 0.844524120 0.484205993
1778902214.600259781 90.208821476 -11.894168024 -6.484240266 -0.184648839 0.126746557 0.843582336 0.488066552
1778902214.700099945 90.140029451 -11.753078319 -6.473384908 -0.185664293 0.134204872 0.837258130 0.496504427
1778902214.800419807 90.076223147 -11.623140164 -6.447676739 -0.187343145 0.126074700 0.835215150 0.501421349
1778902214.900259733 90.018001286 -11.507484088 -6.411777052 -0.184290356 0.116242181 0.829315635 0.514548733
1778902215.000099897 89.959404070 -11.395381509 -6.399326105 -0.175226911 0.117045187 0.832437404 0.512487973
1778902215.100415230 89.902497632 -11.280578820 -6.406833801 -0.164034631 0.110962727 0.843308038 0.499611315
1778902215.200255156 89.837949915 -11.159063681 -6.409167983 -0.170077489 0.095365055 0.847517032 0.493653759
1778902215.300095320 89.779720323 -11.039490566 -6.389406426 -0.178916554 0.100833032 0.854827041 0.476542019
1778902215.400415182 89.718095436 -10.923568867 -6.359742964 -0.186937920 0.109804972 0.850707207 0.478846876
1778902215.500255346 89.658440909 -10.802833804 -6.342215890 -0.193134336 0.118322932 0.853608445 0.469096402
1778902215.600095272 89.596645730 -10.680753584 -6.343489246 -0.183814568 0.113564589 0.854964760 0.471540611
1778902215.700415134 89.533856549 -10.557727611 -6.346225237 -0.181836592 0.120061254 0.857649845 0.465786960
1778902215.800255299 89.467551033 -10.432704424 -6.330437796 -0.185578467 0.117279578 0.851196084 0.476729860
1778902215.900095224 89.407203581 -10.315391054 -6.297051232 -0.183255634 0.114115722 0.848382262 0.483365815
1778902216.000415325 89.354466248 -10.203032034 -6.271326396 -0.185932886 0.127192038 0.850231465 0.475770537
1778902216.100250959 89.298517328 -10.094551100 -6.266860959 -0.180844585 0.123794361 0.854478567 0.470995299
1778902216.200090885 89.241049745 -9.977189388 -6.277896218 -0.177480335 0.122841935 0.860950055 0.460625220
1778902216.300410986 89.182424658 -9.860148773 -6.281107500 -0.175547747 0.124671939 0.863034187 0.456959394
1778902216.400250912 89.121573303 -9.740738386 -6.267302328 -0.186713510 0.125507341 0.865457277 0.447626712
1778902216.500090837 89.056216107 -9.630982737 -6.232295605 -0.189437671 0.126516279 0.855247655 0.465465839
1778902216.600410938 88.997092903 -9.529528027 -6.209647312 -0.198903550 0.134835213 0.862801648 0.444781023
1778902216.700250864 88.929223685 -9.425518304 -6.199980143 -0.184639777 0.111727823 0.864123063 0.454660730
1778902216.800090790 88.862014305 -9.311700854 -6.202432401 -0.177182890 0.107262409 0.869070311 0.449241353
1778902216.900410891 88.789952638 -9.198096950 -6.195301125 -0.183901145 0.114131433 0.870874421 0.441284634
1778902217.000250816 88.717292942 -9.079936063 -6.168980862 -0.191569129 0.112677666 0.867006187 0.445987987
1778902217.100086212 88.649097374 -8.962909517 -6.149387357 -0.209840598 0.114069649 0.861660204 0.447768614
1778902217.200406313 88.581121682 -8.837678373 -6.144321435 -0.198781323 0.109766946 0.860724530 0.455620990
1778902217.300246239 88.508507833 -8.699527186 -6.155574470 -0.187062629 0.110074026 0.865760628 0.450943251
1778902217.400086164 88.437580088 -8.569586871 -6.161088659 -0.189390827 0.103521595 0.870490743 0.442335009
1778902217.500406265 88.363147810 -8.445777488 -6.144790517 -0.202226447 0.097122730 0.874128223 0.430780094
1778902217.600246191 88.292112497 -8.328983383 -6.110397037 -0.199309294 0.098216074 0.870748788 0.438663831
1778902217.700086355 88.221704991 -8.220854929 -6.085257370 -0.194889955 0.101604103 0.878404277 0.424382419
1778902217.800406218 88.144073743 -8.109618915 -6.081766859 -0.182912041 0.086870435 0.880358995 0.428911124
1778902217.900246382 88.063618268 -7.991745335 -6.084106208 -0.179838086 0.079262295 0.882013629 0.428284613
1778902218.000086308 87.982878819 -7.877472235 -6.071036971 -0.178930530 0.075594555 0.882566126 0.428189632
1778902218.100401402 87.906671002 -7.762892692 -6.042808426 -0.184518906 0.080255079 0.881337524 0.427499782
1778902218.200241327 87.827194675 -7.643092862 -6.021568356 -0.197033454 0.086740862 0.879516630 0.424387016
1778902218.300081491 87.752968792 -7.529823074 -6.015477367 -0.182383085 0.090726588 0.882482887 0.423944632
1778902218.400401354 87.673687966 -7.414312772 -6.031340601 -0.181638792 0.091140054 0.888463151 0.411502210
1778902218.500241518 87.592937091 -7.293737046 -6.034536174 -0.188825785 0.095253211 0.896088568 0.390252389
1778902218.600081444 87.507148387 -7.172324462 -6.005999360 -0.188263377 0.095185562 0.894912190 0.393228664
1778902218.700401306 87.425675805 -7.060350221 -5.983587356 -0.195011704 0.103702966 0.894381097 0.388971186
1778902218.800241470 87.336729258 -6.949715684 -5.962388799 -0.198155589 0.098126793 0.896412144 0.384123368
1778902218.900081396 87.241093052 -6.833712053 -5.967242739 -0.183287062 0.080095062 0.895568088 0.397427269
1778902219.000401497 87.135864836 -6.709981322 -5.975537381 -0.179302448 0.082665653 0.892508595 0.405518717
1778902219.100237131 87.027775795 -6.590342500 -5.958739347 -0.202487525 0.092002565 0.884193161 0.410775833
1778902219.200077057 86.929326304 -6.486673510 -5.925030776 -0.213993360 0.084080130 0.875217487 0.425595728
1778902219.300397158 86.842935781 -6.373946062 -5.905018435 -0.203081293 0.082534964 0.872666365 0.436347778
1778902219.400237083 86.758389303 -6.263087649 -5.904166939 -0.185323304 0.089865603 0.880881304 0.426177868
1778902219.500077009 86.665184208 -6.146633181 -5.911237682 -0.174009451 0.082975632 0.880930838 0.432199738
1778902219.600397110 86.582317635 -6.040038873 -5.905099936 -0.179203487 0.087430573 0.889027961 0.412154449
1778902219.700237036 86.494366820 -5.932013192 -5.876914886 -0.191512876 0.084239555 0.881840264 0.422592315
1778902219.800076962 86.412833374 -5.834929021 -5.844954032 -0.197923447 0.100111603 0.882747573 0.414198864
1778902219.900397062 86.327189854 -5.731857198 -5.829777956 -0.190260323 0.089369940 0.881385938 0.423051831
1778902220.000236988 86.237884555 -5.622461246 -5.835820122 -0.175985788 0.085523140 0.879855075 0.433093341
1778902220.100072384 86.146169950 -5.514874730 -5.830143326 -0.173614500 0.088817769 0.876123000 0.440883090
1778902220.200392485 86.060967885 -5.407361085 -5.803477985 -0.179634398 0.094808316 0.871891385 0.445587566
1778902220.300232410 85.982200461 -5.305492134 -5.771849736 -0.184172956 0.096846257 0.867206714 0.452386605
1778902220.400072336 85.904683217 -5.198386502 -5.762012634 -0.178097157 0.096645428 0.860989948 0.466516209
1778902220.500392437 85.829720461 -5.089747047 -5.769096302 -0.166756732 0.100481049 0.867616718 0.457533585
1778902220.600232363 85.753355629 -4.983157218 -5.772506513 -0.165748949 0.096479140 0.873866735 0.446739286
1778902220.700072527 85.678295625 -4.878217429 -5.753475276 -0.165581309 0.092930390 0.876010605 0.443342073
1778902220.800392389 85.602298465 -4.769258777 -5.725069629 -0.171356606 0.109945067 0.877490331 0.434234630
1778902220.900232553 85.517634254 -4.661107668 -5.707267425 -0.174427978 0.106082890 0.874312173 0.440340237
1778902221.000072479 85.428110269 -4.547306145 -5.707197987 -0.168190434 0.096058073 0.873751994 0.446141544
1778902221.100387812 85.335374025 -4.431622372 -5.708572545 -0.174052581 0.099249594 0.874653967 0.441401921
1778902221.200227737 85.238741655 -4.315063303 -5.697540915 -0.179013932 0.095222361 0.867653384 0.453943079
1778902221.300067902 85.151694712 -4.204719822 -5.670133857 -0.183454340 0.104157627 0.867364100 0.450749612
1778902221.400387764 85.064830127 -4.092812058 -5.648979747 -0.190710678 0.105579534 0.862096788 0.457462050
1778902221.500227928 84.980314765 -3.984599148 -5.639383218 -0.183037710 0.107546831 0.863490983 0.457508687
1778902221.600067854 84.893067031 -3.875954938 -5.646239148 -0.171290231 0.096278363 0.867504299 0.456975300
1778902221.700387955 84.809855800 -3.780286611 -5.645074024 -0.169349370 0.091013182 0.877236349 0.439879279
1778902221.800227880 84.717861635 -3.673961305 -5.628189300 -0.181905555 0.083502136 0.875985413 0.438847717
1778902221.900067806 84.629246132 -3.580111157 -5.601275091 -0.194458767 0.090978808 0.876184662 0.431519504
1778902222.000387907 84.540056576 -3.484756375 -5.582099779 -0.199652589 0.085134946 0.876717221 0.429252606
1778902222.100223541 84.450217967 -3.385391492 -5.582116589 -0.185766661 0.078772473 0.879778880 0.430435555
1778902222.200063467 84.360552334 -3.286675388 -5.585371059 -0.187866809 0.081597948 0.883215209 0.421875255
1778902222.300383568 84.262907687 -3.177899187 -5.568329825 -0.192445047 0.079648181 0.875725774 0.435574839
1778902222.400223494 84.173671090 -3.067445655 -5.540795693 -0.203832589 0.089067524 0.869438660 0.441129991
1778902222.500063419 84.087698276 -2.960162455 -5.521994434 -0.204909499 0.095701257 0.866892374 0.444242026
1778902222.600383520 84.003759205 -2.852784756 -5.521224704 -0.190135962 0.095094987 0.870217618 0.444439598
1778902222.700223446 83.920929583 -2.745850909 -5.527717885 -0.184033094 0.090023241 0.877393764 0.433829251
1778902222.800063372 83.838379805 -2.638850442 -5.516130934 -0.182456492 0.087713785 0.885077163 0.419111365
1778902222.900383472 83.755673071 -2.531835655 -5.490244791 -0.181634940 0.085545935 0.880726350 0.428965894
1778902223.000223398 83.681189545 -2.438724112 -5.465489785 -0.192573717 0.100668982 0.883385698 0.415223830
1778902223.100059032 83.598571904 -2.340243653 -5.458987481 -0.199040678 0.083736015 0.880168053 0.422699996
1778902223.200379133 83.510507317 -2.244257583 -5.461607398 -0.190733413 0.071134619 0.879696587 0.429761034
1778902223.300219059 83.423164856 -2.150695693 -5.465595181 -0.195613014 0.062909351 0.880397175 0.427409377
1778902223.400059223 83.333231301 -2.057844711 -5.443323139 -0.205175629 0.061113414 0.874761058 0.434696680
1778902223.500379086 83.253283216 -1.966579795 -5.420939024 -0.218187547 0.069562951 0.871420116 0.433799691
1778902223.600219250 83.173131263 -1.867117609 -5.403798283 -0.214908328 0.071932131 0.870395442 0.437094902
1778902223.700059175 83.094094066 -1.765680235 -5.396749900 -0.192423341 0.074128397 0.880463340 0.426922179
1778902223.800379038 83.011565931 -1.660057648 -5.397084371 -0.182182452 0.060910297 0.883081433 0.428096569
1778902223.900219202 82.930554220 -1.557985882 -5.387037364 -0.191216664 0.058881361 0.890127516 0.409441299
1778902224.000059128 82.840118050 -1.450647116 -5.365341334 -0.193922131 0.057889703 0.885940324 0.417316105
1778902224.100394011 82.763337755 -1.357192780 -5.347777299 -0.206215070 0.081196447 0.893655926 0.390207083
1778902224.200233936 82.671433734 -1.258071303 -5.350943021 -0.201456889 0.059842919 0.891013367 0.402404184
1778902224.300074100 82.583208693 -1.164159650 -5.341550325 -0.180580932 0.055578211 0.896152818 0.401511789
1778902224.400393963 82.486861225 -1.068137740 -5.334257956 -0.180776606 0.059988267 0.897731352 0.397240035
1778902224.500233889 82.388971462 -0.974939264 -5.314598014 -0.190103208 0.057674182 0.897018729 0.394831431
1778902224.600074053 82.297630289 -0.885027893 -5.290186368 -0.203302656 0.059857936 0.892640165 0.397842424
1778902224.700393915 82.203764126 -0.789863743 -5.273567703 -0.201514322 0.065622653 0.892643326 0.397836069
1778902224.800234079 82.115007445 -0.693869516 -5.272984155 -0.186954503 0.064377011 0.899112937 0.390511895
1778902224.900074005 82.022291895 -0.595032218 -5.279613093 -0.184631199 0.055116355 0.900592409 0.389623948
1778902225.000393867 81.934652264 -0.497072870 -5.273129248 -0.200317333 0.055269876 0.903514655 0.374805916
1778902225.100229740 81.843490494 -0.398779512 -5.244914467 -0.199995056 0.055714056 0.899854285 0.383614633
1778902225.200069666 81.762770226 -0.305478297 -5.217267186 -0.197346196 0.072823538 0.905317053 0.368988136
1778902225.300389528 81.669815254 -0.209315930 -5.212837294 -0.191761479 0.057297247 0.904003116 0.377786881
1778902225.400229692 81.576724776 -0.117012712 -5.216438898 -0.181340838 0.049705476 0.907126621 0.376518471
1778902225.500069618 81.484500554 -0.023182204 -5.215254490 -0.181613843 0.056301517 0.908968074 0.370976539
1778902225.600389719 81.389453078 0.068569445 -5.195733598 -0.185034922 0.065332026 0.908304749 0.369426971
1778902225.700229645 81.291788985 0.157963959 -5.174934776 -0.203442742 0.071644145 0.900756976 0.376981482
1778902225.800069571 81.204799941 0.238192804 -5.156839913 -0.186766374 0.065467802 0.899459332 0.389621867
1778902225.900389671 81.116080239 0.320341194 -5.160327448 -0.171393025 0.064777561 0.905209839 0.383436365
1778902226.000229597 81.016663537 0.411155307 -5.168917373 -0.175606754 0.060734043 0.906278210 0.379649115
1778902226.100064993 80.919285973 0.501133651 -5.158514219 -0.184515181 0.059758122 0.910695841 0.364713859
1778902226.200385094 80.819609566 0.589373506 -5.124101869 -0.176569720 0.065407854 0.909099174 0.371596070
1778902226.300225019 80.727254574 0.670285582 -5.102588964 -0.189388058 0.084167306 0.910740928 0.357210008
1778902226.400064945 80.626212074 0.755950210 -5.093732479 -0.186396990 0.068830636 0.907579416 0.369889320
1778902226.500385046 80.528633611 0.842628385 -5.094520123 -0.168093300 0.056957357 0.907818358 0.379955695
1778902226.600224972 80.428940149 0.934706282 -5.088223464 -0.175118268 0.057095244 0.911522309 0.367696621
1778902226.700065136 80.335014640 1.023815009 -5.059778358 -0.177481374 0.058510089 0.910881432 0.367929270
1778902226.800384998 80.241982530 1.116590465 -5.040604463 -0.187809456 0.061959370 0.903688336 0.379784196
1778902226.900224924 80.154891920 1.205839334 -5.033459072 -0.190550197 0.071168608 0.904019510 0.375997842
1778902227.000065088 80.062844282 1.299921670 -5.036748438 -0.177196203 0.069168113 0.907443007 0.374652462
1778902227.100380421 79.968563511 1.394826068 -5.048409467 -0.176871499 0.069379209 0.910986526 0.366069047
1778902227.200220346 79.873829917 1.488097915 -5.040358012 -0.186783060 0.070294602 0.912533518 0.357006073
1778902227.300060511 79.773696387 1.581951739 -5.009963742 -0.185646088 0.066279046 0.909763833 0.365338727
1778902227.400380373 79.685827256 1.667241669 -4.987881358 -0.193072138 0.070866159 0.910485265 0.358772518
1778902227.500220299 79.594643530 1.754056067 -4.978193311 -0.190732202 0.062879569 0.910482952 0.361508204
1778902227.600060463 79.497587435 1.843484284 -4.984149918 -0.180022727 0.057058584 0.909800194 0.369594023
1778902227.700380325 79.397131035 1.932512259 -4.981623962 -0.188621689 0.056722513 0.912589167 0.358309121
1778902227.800220490 79.297616726 2.023989356 -4.961444916 -0.198201806 0.051141117 0.909275694 0.362378727
1778902227.900060415 79.203275706 2.109451960 -4.940001968 -0.207261258 0.057750079 0.906310917 0.363741970
1778902228.000380516 79.112080891 2.191682804 -4.922061219 -0.206992641 0.070376613 0.909895591 0.352549561
1778902228.100215912 79.016672951 2.281231302 -4.929047482 -0.198674388 0.065233793 0.914428290 0.346545729
1778902228.200055838 78.917585045 2.370920038 -4.936598089 -0.192876536 0.055938227 0.918295374 0.341179078
1778902228.300375700 78.824418783 2.459370812 -4.925228408 -0.199727631 0.055121082 0.923109231 0.323944267
1778902228.400215864 78.731857143 2.536541380 -4.895188955 -0.198123991 0.044343120 0.921624535 0.330739759
1778902228.500055790 78.641360550 2.617086171 -4.871227088 -0.212319246 0.053825261 0.923011209 0.316344253
1778902228.600375891 78.543857954 2.700669813 -4.864024468 -0.213215342 0.045146308 0.922267798 0.319254032
1778902228.700215816 78.443456902 2.789585593 -4.868914370 -0.201794307 0.043070957 0.924202055 0.321363521
1778902228.800055742 78.338588362 2.877310632 -4.862071257 -0.206367921 0.044326528 0.924514132 0.317365814
1778902228.900375843 78.233994457 2.967945483 -4.834831952 -0.202473549 0.034271453 0.921043158 0.330922091
1778902229.000215769 78.137376141 3.056818619 -4.812445118 -0.212156705 0.040928676 0.917055380 0.335147440
1778902229.100050926 78.038794134 3.148481142 -4.797633570 -0.215455655 0.051178336 0.915484560 0.335928056
1778902229.200371027 77.936164284 3.240886177 -4.798937233 -0.197168169 0.052777253 0.918498228 0.338674296
1778902229.300210953 77.830981844 3.330551718 -4.800292127 -0.191855017 0.044435567 0.923026444 0.330513715
1778902229.400050879 77.727853992 3.418049170 -4.791395048 -0.195769947 0.040151844 0.927118868 0.317037161
1778902229.500370979 77.623678042 3.500345979 -4.765091158 -0.192117580 0.034825113 0.929216391 0.313743438
1778902229.600210905 77.523600737 3.578204566 -4.745488163 -0.204080487 0.042172520 0.928770803 0.306524760
1778902229.700050831 77.418567825 3.658774061 -4.740066801 -0.203754325 0.051427563 0.929476435 0.303171464
1778902229.800370932 77.308936833 3.735940707 -4.749340354 -0.194129220 0.050780550 0.934426707 0.294248041
1778902229.900210857 77.193669897 3.816601624 -4.751893965 -0.197882376 0.053830148 0.933165061 0.295208146
1778902230.000051022 77.079542933 3.895794073 -4.731583902 -0.218078979 0.064907683 0.929854490 0.289135225
1778902230.100366831 76.973757228 3.977403400 -4.706287739 -0.231453887 0.073359624 0.922930512 0.298741918
1778902230.200206757 76.872106032 4.058039755 -4.685676011 -0.223623249 0.070034580 0.922018479 0.308171582
1778902230.300046921 76.768806641 4.145622854 -4.687283631 -0.205072602 0.061776056 0.923661814 0.317770042
1778902230.400366783 76.664434470 4.231404797 -4.690492490 -0.198892744 0.063808434 0.928828503 0.306019233
1778902230.500206947 76.556373496 4.321314367 -4.678701335 -0.200456884 0.061854030 0.930669084 0.299743511
1778902230.600046873 76.444906156 4.410257784 -4.655239671 -0.208313393 0.056955094 0.926817692 0.307198002
1778902230.700366735 76.340735344 4.485927404 -4.632586629 -0.216280888 0.058205078 0.925320345 0.305968961
1778902230.800206900 76.231592634 4.556933630 -4.629133506 -0.221794782 0.054258870 0.923597233 0.307946750
1778902230.900046825 76.118481122 4.632361822 -4.634905081 -0.218757285 0.052791184 0.925465995 0.304747489
1778902231.000366926 76.000244028 4.711108729 -4.630547720 -0.224418818 0.053633898 0.925612870 0.300000690
1778902231.100202084 75.883466511 4.779135360 -4.610689313 -0.228681709 0.052722123 0.924724865 0.299681460
1778902231.200042009 75.773167899 4.850660616 -4.588745230 -0.241233814 0.050095753 0.918435863 0.309470883
1778902231.300361872 75.664919431 4.924822839 -4.577001007 -0.236236385 0.046838905 0.919135648 0.311750136
1778902231.400202036 75.555602089 5.000019632 -4.586096607 -0.228429624 0.054713909 0.925301460 0.297730587
1778902231.500041962 75.441712143 5.080927689 -4.599184263 -0.225193285 0.054121974 0.929682504 0.286442383
1778902231.600362062 75.325469233 5.166188648 -4.590960209 -0.238390166 0.049438817 0.930938014 0.272177048
1778902231.700201988 75.212195163 5.241771004 -4.563295406 -0.238844568 0.048495197 0.929883503 0.275532500
1778902231.800041914 75.102086140 5.305737937 -4.533932401 -0.245427702 0.061103613 0.929414042 0.268739895
1778902231.900362015 74.985402640 5.375352397 -4.525825694 -0.234036360 0.051346624 0.930092811 0.278420310
1778902232.000201941 74.860815156 5.447953120 -4.525169866 -0.218975304 0.053216663 0.933280637 0.279651668
1778902232.100037575 74.738738833 5.518486266 -4.520371580 -0.216778935 0.059399412 0.933321532 0.279981288
1778902232.200357676 74.613797230 5.586435778 -4.500594410 -0.227072287 0.062946242 0.927187942 0.291201765
1778902232.300197601 74.504985192 5.645049771 -4.478317175 -0.238504991 0.070715957 0.922216380 0.296026302
1778902232.400037527 74.397166052 5.703424098 -4.470795486 -0.233088977 0.068749969 0.923211328 0.297697522
1778902232.500357628 74.290004624 5.763491159 -4.478268012 -0.216807351 0.061155589 0.928170109 0.296234393
1778902232.600197554 74.176338969 5.826117351 -4.480532627 -0.215367897 0.065465448 0.931876201 0.284495502
1778902232.700037718 74.063032799 5.902922884 -4.469521591 -0.227972558 0.067322967 0.933841608 0.267275105
1778902232.800357580 73.949180338 5.970479134 -4.441070934 -0.227479636 0.063475367 0.933885689 0.268479820
1778902232.900197744 73.839678920 6.034988249 -4.422797104 -0.235680248 0.068666275 0.932932159 0.263395806
1778902233.000037670 73.723084801 6.102850986 -4.422205064 -0.231604223 0.059590588 0.934226280 0.264631260
1778902233.100352764 73.603677221 6.170525781 -4.425289447 -0.223876809 0.056489133 0.934788580 0.269923068
1778902233.200192690 73.482069292 6.246618349 -4.423274008 -0.221758484 0.046869533 0.930738265 0.286971606
1778902233.300032854 73.364896001 6.317710930 -4.391780272 -0.227630627 0.058105493 0.927708065 0.290113418
1778902233.400352716 73.254629443 6.388568168 -4.372596552 -0.250065877 0.073629975 0.922462669 0.284795203
1778902233.500192881 73.146894103 6.452798374 -4.366766515 -0.235266875 0.068619371 0.926924441 0.284168894
1778902233.600032806 73.033131968 6.515344892 -4.374571095 -0.224999839 0.066239531 0.933359784 0.271711078
1778902233.700352669 72.917993946 6.584420144 -4.379909839 -0.221529661 0.063521321 0.940143941 0.251035896
1778902233.800192833 72.798625743 6.661537597 -4.369652359 -0.239139982 0.055697831 0.936892863 0.248880661
1778902233.900032759 72.679046068 6.725129441 -4.330459537 -0.233473680 0.047468689 0.935588808 0.260596137
1778902234.000352859 72.568039234 6.794049317 -4.303451902 -0.241316234 0.050142003 0.937664943 0.245023897
1778902234.100188494 72.451460755 6.863929857 -4.299726387 -0.228171397 0.033412508 0.942040393 0.243682819
1778902234.200028419 72.326622537 6.940720285 -4.305504333 -0.227318539 0.037728975 0.942355965 0.242627372
1778902234.300348520 72.203448370 7.020487047 -4.294650655 -0.235181094 0.041083654 0.940256590 0.242733459
1778902234.400188446 72.088920655 7.094664480 -4.270550086 -0.236297350 0.042854239 0.935729161 0.258337016
1778902234.500028372 71.987227209 7.169685629 -4.251547151 -0.249077445 0.050394419 0.932734341 0.255787957
1778902234.600348473 71.881694300 7.239209971 -4.244800116 -0.239904611 0.050040500 0.938108050 0.244734578
1778902234.700188398 71.772065466 7.307890628 -4.252412248 -0.227235263 0.039163130 0.944440276 0.234228413
1778902234.800028324 71.658268012 7.375797167 -4.253583309 -0.221708074 0.024700102 0.946507842 0.233148749
1778902234.900348425 71.545329396 7.439362569 -4.236371589 -0.233455360 0.021207687 0.945955218 0.224092737
1778902235.000188351 71.426496014 7.503317809 -4.204856412 -0.235212646 0.028789643 0.945483862 0.223397482
1778902235.100023508 71.311072271 7.563412363 -4.187032163 -0.244927823 0.030396792 0.944474196 0.216921390
1778902235.200343609 71.193449004 7.625152111 -4.191244479 -0.234713666 0.028819389 0.947612597 0.214730769
1778902235.300183535 71.063788766 7.694039751 -4.199671742 -0.230409128 0.026113336 0.947542377 0.219984480
1778902235.400023460 70.936831407 7.753836857 -4.183651453 -0.230484619 0.026978768 0.946242271 0.225332090
1778902235.500343561 70.816802104 7.808433607 -4.151633783 -0.241190660 0.027586462 0.945072934 0.218868000
1778902235.600183487 70.703466733 7.869855580 -4.135121946 -0.261819790 0.033009749 0.940203035 0.215357857
1778902235.700023651 70.588023001 7.934786726 -4.133319680 -0.255033866 0.039756195 0.942803732 0.210946191
1778902235.800343513 70.477291166 8.002974642 -4.141236794 -0.240750533 0.036963684 0.949145164 0.199490164
1778902235.900183439 70.364124636 8.072284794 -4.137244718 -0.235502409 0.035907760 0.952306634 0.190686452
1778902236.000023603 70.249239180 8.141376955 -4.113518895 -0.242072614 0.033879833 0.951417291 0.187238206
1778902236.100339413 70.135606257 8.206738353 -4.087754127 -0.236033083 0.040653446 0.951585046 0.192669617
1778902236.200179338 70.017630307 8.268580791 -4.076081262 -0.239012432 0.031282596 0.950527333 0.195939391
1778902236.300019503 69.895233359 8.332169306 -4.079182485 -0.230371632 0.022017547 0.952514432 0.197889858
1778902236.400339365 69.764192938 8.397500502 -4.084920120 -0.220074335 0.015529726 0.952781281 0.208647897
1778902236.500179529 69.632720215 8.463925414 -4.067093824 -0.229132049 0.028995043 0.949548668 0.212167666
1778902236.600019455 69.509908217 8.519246560 -4.027533075 -0.233680874 0.038971442 0.946886388 0.217441128
1778902236.700339556 69.400555057 8.583054669 -4.001348847 -0.232893287 0.045315075 0.946708088 0.217832635
1778902236.800179482 69.288378339 8.650011100 -3.997044512 -0.210792426 0.047121094 0.949779932 0.226416069
1778902236.900019407 69.179037654 8.724699101 -4.000404386 -0.204865722 0.056370093 0.955795964 0.203240063
1778902237.000339508 69.070720543 8.800871340 -3.999666544 -0.204428869 0.048944257 0.957452395 0.197732669
1778902237.100174665 68.965669709 8.872721260 -3.970843549 -0.203730941 0.045985420 0.959899264 0.187009218
1778902237.200014591 68.861792016 8.940534144 -3.946668573 -0.218599109 0.045766880 0.956634610 0.187002794
1778902237.300334692 68.758615156 8.996726059 -3.928404286 -0.220775125 0.041406243 0.957345973 0.181748604
1778902237.400174618 68.647545266 9.049232378 -3.934541537 -0.223935789 0.035705448 0.959322845 0.168159336
1778902237.500014544 68.528056735 9.104122260 -3.942779468 -0.216351534 0.027109841 0.960746040 0.171534594
1778902237.600334644 68.405876161 9.157135908 -3.932430743 -0.212329125 0.020619410 0.961064051 0.175633345
1778902237.700174570 68.284229183 9.203603265 -3.903975927 -0.207232623 0.012581869 0.961058779 0.182379716
1778902237.800014496 68.167869173 9.258964072 -3.877493087 -0.224262475 0.016940884 0.956514871 0.185738122
1778902237.900334597 68.051780900 9.316266628 -3.865158750 -0.215094956 0.013964871 0.958686940 0.185629991
1778902238.000174522 67.933794701 9.375931747 -3.874066438 -0.205098527 0.010554687 0.962875340 0.175197809
1778902238.100489616 67.812011187 9.435775966 -3.878408866 -0.203542932 0.006019192 0.964455517 0.168403087
1778902238.200329781 67.690770270 9.496303598 -3.865631448 -0.214464342 0.004077134 0.964460676 0.154285537
1778902238.300169706 67.567461819 9.549973069 -3.840370385 -0.219297865 0.003383788 0.963774720 0.151773797
1778902238.400489807 67.447103037 9.593888746 -3.825502488 -0.226177239 0.006248346 0.963840668 0.140769251
1778902238.500329733 67.320603112 9.640555964 -3.828603546 -0.219965271 0.000558700 0.965326924 0.140566345
1778902238.600169659 67.180411454 9.691638237 -3.834464802 -0.219589505 0.013063289 0.963910380 0.149955255
1778902238.700489759 67.043015351 9.736005194 -3.824595378 -0.211950978 -0.002293683 0.964165001 0.159553666
1778902238.800329685 66.909758906 9.777650829 -3.795229366 -0.213693739 -0.010517672 0.962245247 0.168251150
1778902238.900169611 66.787403865 9.828679813 -3.765938154 -0.218923579 -0.000393679 0.960404957 0.172321299
1778902239.000489712 66.666992784 9.880930451 -3.757343627 -0.206388516 0.009249806 0.962903708 0.173593406
1778902239.100325346 66.545431438 9.936328001 -3.766849235 -0.194887538 0.013129820 0.966759010 0.164995368
1778902239.200165272 66.418543866 9.992703219 -3.769753068 -0.191508650 0.009421349 0.968360577 0.159729360
1778902239.300485373 66.296374805 10.041442641 -3.750607417 -0.202129503 0.004663650 0.967559632 0.151493475
1778902239.400325298 66.176224154 10.085571403 -3.722542808 -0.204405593 0.011093611 0.966885080 0.152409081
1778902239.500165462 66.057030566 10.127825800 -3.711017113 -0.214515654 0.009766320 0.965410451 0.147886152
1778902239.600485325 65.931144102 10.173168064 -3.720202373 -0.205385234 0.010990338 0.967162489 0.149307866
1778902239.700325489 65.798657607 10.218280950 -3.728424203 -0.203141370 0.008476128 0.966891222 0.154217716
1778902239.800165415 65.663406370 10.265410347 -3.716446990 -0.206405102 0.003485197 0.964594816 0.164139048
1778902239.900485277 65.536606717 10.318507329 -3.686640987 -0.209160197 0.011704206 0.962930215 0.169942417
1778902240.000325441 65.417983644 10.361912761 -3.663364215 -0.217548704 0.012103803 0.960690839 0.172044094
1778902240.100161076 65.294914220 10.407417601 -3.661471446 -0.207673750 0.012715520 0.963224734 0.170023648
1778902240.200480938 65.171538054 10.455086493 -3.673711117 -0.199985135 0.010102432 0.967019731 0.157406248
1778902240.300321102 65.047989890 10.508261093 -3.673590310 -0.194676350 0.007784443 0.969119407 0.151155869
1778902240.400161028 64.923870788 10.560948722 -3.657091491 -0.204873279 0.004369107 0.967505919 0.148122071
1778902240.500481129 64.802741487 10.600184018 -3.629952002 -0.216958635 0.012285031 0.965470870 0.143680295
1778902240.600321054 64.683184402 10.640104480 -3.613738764 -0.216524805 0.006139676 0.966672743 0.136466558
1778902240.700160980 64.556024122 10.681534036 -3.619723925 -0.206118047 -0.001701121 0.969634287 0.131612331
1778902240.800481081 64.417111364 10.724959313 -3.627419042 -0.203470779 -0.006120934 0.969049720 0.139659643
1778902240.900321007 64.279216736 10.760871928 -3.611756349 -0.206823461 -0.006549566 0.967786003 0.143427372
1778902241.000160933 64.144891346 10.802268007 -3.582705913 -0.209520675 -0.006663770 0.965269114 0.155923761
1778902241.100476742 64.025286053 10.847074408 -3.564838724 -0.221168284 -0.004693233 0.962849344 0.154866731
1778902241.200316668 63.900022119 10.886501527 -3.562745021 -0.208276905 -0.010952676 0.965049231 0.158684439
1778902241.300156593 63.774001112 10.932705361 -3.572791845 -0.195604968 -0.016348585 0.970060423 0.143018165
1778902241.400476694 63.645460828 10.978574699 -3.572148507 -0.190016079 -0.017605289 0.972338783 0.134689401
1778902241.500316620 63.518192285 11.024742715 -3.549779063 -0.196461927 -0.017204391 0.972339030 0.125154026
1778902241.600156784 63.396186824 11.056722019 -3.521909571 -0.206723798 -0.010477028 0.971042847 0.119294983
1778902241.700476646 63.272498355 11.090579669 -3.511698692 -0.208737692 -0.017820341 0.971041839 0.114842323
1778902241.800316572 63.142767202 11.127748947 -3.518444550 -0.205377743 -0.023455596 0.971834067 0.113174042
1778902241.900156736 63.004820665 11.164233807 -3.524384970 -0.202665201 -0.022734083 0.972045123 0.116354016
1778902242.000476599 62.868392018 11.196264943 -3.504847909 -0.199309394 -0.022884524 0.972468024 0.118566462
1778902242.100311756 62.736809290 11.228881978 -3.475941747 -0.200189488 -0.024126805 0.970478049 0.132342063
1778902242.200151920 62.607193076 11.268408115 -3.455509063 -0.215657852 -0.012638987 0.967745776 0.129615047
1778902242.300471783 62.484212771 11.302006041 -3.456357990 -0.202744404 -0.011312681 0.970609304 0.129167754
1778902242.400311708 62.359263114 11.342852122 -3.468088283 -0.192146538 -0.012116620 0.974363169 0.116401502
1778902242.500151873 62.232376776 11.385182331 -3.467348808 -0.183738155 -0.009633787 0.977044281 0.107386933
1778902242.600471735 62.108083916 11.423618584 -3.444198753 -0.176964544 -0.021506187 0.978331079 0.105305910
1778902242.700311899 61.985466352 11.454234930 -3.418884067 -0.188212019 -0.014237402 0.976965510 0.099558649
1778902242.800151825 61.860735703 11.481439949 -3.407931577 -0.202416601 -0.013663331 0.975150900 0.089003123
1778902242.900471926 61.745115852 11.505468654 -3.416944510 -0.194372230 -0.014595741 0.976861677 0.088020820
1778902243.000311852 61.608903296 11.534451048 -3.429964260 -0.191259872 -0.012241102 0.977190876 0.091475723
1778902243.100147247 61.474444780 11.558939354 -3.421025409 -0.191625229 -0.016980075 0.976443235 0.097724398
1778902243.200467110 61.338406878 11.587452205 -3.388708340 -0.192415652 -0.022250257 0.974832509 0.110375369
1778902243.300307274 61.192817372 11.630231759 -3.365210987 -0.212612415 -0.008219034 0.970290285 0.115174528
1778902243.400147200 61.073750467 11.666559352 -3.365957097 -0.208623920 -0.004699410 0.971403089 0.113269655
1778902243.500467300 60.940561041 11.714242850 -3.386109756 -0.209772361 -0.007540960 0.972653656 0.099416077
1778902243.600307226 60.806274403 11.757767253 -3.387522604 -0.201052954 -0.010278173 0.974450484 0.099590779
1778902243.700147152 60.671422559 11.800443011 -3.369302743 -0.202735308 -0.016618252 0.974155777 0.098197510
1778902243.800467253 60.534874402 11.832853471 -3.339377279 -0.211466289 -0.010172076 0.972120084 0.100802183
1778902243.900307178 60.403958842 11.861857292 -3.326043007 -0.221694572 -0.011170517 0.970248936 0.096663016
1778902244.000147104 60.266501168 11.887395457 -3.330116369 -0.213897717 -0.019786298 0.971604680 0.099199873
1778902244.100462914 60.115848788 11.913934929 -3.338563680 -0.213166537 -0.019679896 0.971303314 0.103646524
1778902244.200302839 59.974462797 11.940252127 -3.324298280 -0.211606765 -0.024436202 0.971449202 0.104460024
1778902244.300142765 59.837324882 11.970062157 -3.300129584 -0.217275901 -0.030226204 0.968675594 0.116383641
1778902244.400462866 59.703871790 12.011440672 -3.283843454 -0.233965898 -0.015738763 0.965369751 0.114339380
1778902244.500302792 59.573618757 12.049367793 -3.286289284 -0.227934709 -0.009039417 0.966958148 0.113824418
1778902244.600142956 59.436303232 12.097290318 -3.299402905 -0.220567916 -0.008488899 0.970606147 0.095924141
1778902244.700462818 59.300441624 12.142939971 -3.295787891 -0.216478398 -0.010469769 0.972353966 0.086920951
1778902244.800302744 59.167320159 12.179882395 -3.268456604 -0.215094284 -0.020528808 0.972475949 0.087198316
1778902244.900142908 59.031722615 12.212344860 -3.241393686 -0.231103739 -0.011487945 0.969759280 0.077627495
1778902245.000462770 58.899807602 12.237883665 -3.233648685 -0.229121430 -0.026436298 0.970107490 0.075471515
1778902245.100297928 58.762213720 12.266787935 -3.243340070 -0.217533586 -0.034522753 0.973364304 0.063633722
1778902245.200138092 58.616171108 12.291101071 -3.253660211 -0.218779730 -0.044984640 0.972576899 0.064853579
1778902245.300457954 58.467813110 12.322381267 -3.236104070 -0.230404608 -0.045376912 0.969504398 0.070113304
1778902245.400297880 58.331585411 12.353766422 -3.210241945 -0.233720132 -0.036688337 0.968287963 0.080294992
1778902245.500138044 58.197611930 12.392238585 -3.190854313 -0.240988736 -0.025482587 0.966860366 0.080349859
1778902245.600457907 58.065415892 12.435464621 -3.196160399 -0.221022090 -0.016465321 0.972144418 0.076245391
1778902245.700298071 57.928751211 12.477096802 -3.208563766 -0.209412826 -0.018682677 0.975168404 0.069597484
1778902245.800137997 57.790934569 12.519577127 -3.194383716 -0.201704652 -0.017553280 0.977543785 0.058440261
1778902245.900458097 57.659346449 12.556425577 -3.164435934 -0.202273686 -0.029775021 0.976725751 0.064850681
1778902246.000298023 57.537692665 12.585982670 -3.135490761 -0.216829894 -0.021276475 0.974621117 0.051437217
1778902246.100152731 57.408788277 12.609903425 -3.129528989 -0.214604274 -0.034471050 0.974567728 0.054538939
1778902246.200472832 57.277222104 12.639307712 -3.145565672 -0.201974014 -0.037827697 0.977172600 0.053937684
1778902246.300312757 57.138005582 12.667203380 -3.144311392 -0.201546631 -0.043262294 0.976939179 0.055652215
1778902246.400152922 56.998197531 12.698556140 -3.118115666 -0.218923743 -0.037613180 0.973608953 0.052376046
1778902246.500472784 56.867810803 12.730573138 -3.093280898 -0.222074262 -0.031022679 0.972597839 0.061433367
1778902246.600312948 56.733376975 12.759779185 -3.081859670 -0.221303215 -0.028028036 0.972738814 0.063391762
1778902246.700152874 56.599873219 12.798976543 -3.089746471 -0.209352046 -0.022712076 0.976021732 0.055113175
1778902246.800472736 56.463291373 12.836896435 -3.102943520 -0.203827853 -0.031787600 0.977181184 0.050603238
1778902246.900312901 56.332721949 12.866657889 -3.090231227 -0.198286905 -0.039039143 0.979014884 0.026231776
1778902247.000152826 56.195770648 12.892676709 -3.068226859 -0.205770245 -0.054110574 0.976605892 0.031170244
1778902247.100468874 56.067305320 12.914633791 -3.038729587 -0.213363483 -0.040029539 0.975981296 0.018280317
1778902247.200309038 55.934331115 12.938229227 -3.039512535 -0.205497917 -0.047806953 0.977239813 0.022078246
1778902247.300148964 55.789147656 12.958141714 -3.057992466 -0.203273082 -0.057507156 0.977053832 0.027180695
1778902247.400469065 55.643414891 12.978895792 -3.057296712 -0.199975784 -0.059082939 0.977485260 0.032271643
1778902247.500308990 55.502492644 13.001366346 -3.035815518 -0.203578858 -0.056890561 0.976513183 0.041726683
1778902247.600148916 55.367438531 13.031181194 -3.008550957 -0.219887570 -0.045424735 0.973093543 0.051720458
1778902247.700469017 55.234854799 13.059953576 -2.993904472 -0.211949646 -0.038731389 0.974962136 0.055009636
1778902247.800308943 55.102054139 13.089995056 -3.003125873 -0.202380487 -0.037019463 0.977793466 0.039895313
1778902247.900149107 54.959568199 13.122052988 -3.014214961 -0.194949652 -0.045767513 0.979218486 0.032111131
1778902248.000468969 54.822237458 13.150168014 -2.999157439 -0.194983498 -0.048865321 0.979360539 0.021131727
1778902248.100304365 54.688426159 13.173320297 -2.969244020 -0.192718185 -0.050989642 0.979636563 0.023915738
1778902248.200144291 54.559937868 13.190469986 -2.948096344 -0.200873362 -0.052482987 0.978134908 0.012146235
1778902248.300464392 54.428215218 13.203629420 -2.951950535 -0.197363780 -0.055582253 0.978718426 0.008270121
1778902248.400304317 54.286760166 13.214318546 -2.965047077 -0.194784094 -0.054064922 0.979307537 0.009637899
1778902248.500144482 54.138684271 13.229399464 -2.963315744 -0.187327576 -0.053357520 0.980700320 0.016977544
1778902248.600464344 53.996603759 13.240728281 -2.940430020 -0.199659039 -0.056219325 0.977983513 0.022888966
1778902248.700304270 53.865512852 13.253259483 -2.913432161 -0.214927808 -0.050337083 0.974901318 0.028976483
1778902248.800144434 53.736294291 13.266891539 -2.905207157 -0.215056258 -0.043754434 0.975290725 0.025384201
1778902248.900464296 53.606027409 13.281760651 -2.916878640 -0.204339103 -0.037376454 0.978030773 0.017445317
1778902249.000304461 53.468658179 13.299611607 -2.923375199 -0.199337860 -0.038868320 0.979088421 0.011812482
1778902249.100140333 53.337074904 13.312355313 -2.904660761 -0.197725017 -0.046436613 0.979156989 0.000220391
1778902249.200460196 53.210122517 13.313130169 -2.876035931 -0.203923988 -0.042713136 0.978054062 -0.000920493
1778902249.300300360 53.084151096 13.321042673 -2.866294545 -0.212014248 -0.042915398 0.976274527 -0.009812013
1778902249.400140285 52.948474037 13.327156015 -2.877632105 -0.207456935 -0.048366531 0.977003645 -0.009283093
1778902249.500460386 52.804344556 13.335175190 -2.892930337 -0.205640549 -0.037875160 0.977892394 -0.001975396
1778902249.600300312 52.657642772 13.344363372 -2.887646068 -0.206306323 -0.034518957 0.977875813 -0.002244430
1778902249.700140238 52.514422027 13.349823558 -2.863871235 -0.215429603 -0.044862360 0.975449780 0.008670767
1778902249.800460339 52.385282285 13.353448011 -2.834988443 -0.220160626 -0.042175342 0.974478481 0.011925988
1778902249.900300264 52.255308159 13.359349016 -2.830042477 -0.214866084 -0.041961371 0.975673097 0.011567948
1778902250.000140190 52.121751538 13.363222304 -2.844869132 -0.209833927 -0.045892101 0.976658270 -0.001503893
1778902250.100455523 51.982028698 13.367971332 -2.845242135 -0.206860459 -0.045602656 0.977265864 -0.008976660
1778902250.200295448 51.846137594 13.384320101 -2.823495931 -0.202610845 -0.048769756 0.977843087 -0.019830611
1778902250.300135374 51.718025493 13.387019948 -2.792602766 -0.202983008 -0.046944956 0.977863352 -0.019425092
1778902250.400455475 51.584083943 13.400011716 -2.784330757 -0.211597456 -0.044852506 0.975904628 -0.028721529
1778902250.500295401 51.443681981 13.409751494 -2.797003065 -0.205696902 -0.051257241 0.976932508 -0.025775068
1778902250.600135326 51.298529814 13.416936831 -2.806600483 -0.201512072 -0.053886739 0.977696040 -0.024485874
1778902250.700455427 51.155166008 13.420517878 -2.791366843 -0.200231943 -0.055337871 0.977988099 -0.019600204
1778902250.800295353 51.017431851 13.430210444 -2.762029364 -0.210847385 -0.047201351 0.976252311 -0.015711041
1778902250.900135517 50.893327205 13.441807459 -2.739439858 -0.220146621 -0.040775674 0.974484417 -0.015903777
1778902251.000455379 50.766788716 13.456748146 -2.739559585 -0.213842219 -0.042245327 0.975772427 -0.018841638
1778902251.100291491 50.637418494 13.474431122 -2.755974093 -0.204118951 -0.044008509 0.977458441 -0.031204184
1778902251.200131655 50.505892394 13.491833947 -2.761874379 -0.196125780 -0.050222168 0.978492826 -0.039549991
1778902251.300451517 50.376923474 13.507894367 -2.739969179 -0.194355793 -0.055601372 0.978122187 -0.049104988
1778902251.400291681 50.252241938 13.517122257 -2.713282134 -0.205583576 -0.053477369 0.976060901 -0.046697768
1778902251.500131607 50.124110017 13.525372856 -2.699141635 -0.212083265 -0.053543240 0.974344290 -0.052981259
1778902251.600451469 49.992499531 13.530988607 -2.705468026 -0.203149812 -0.060142961 0.975973391 -0.050881407
1778902251.700291634 49.853870578 13.535464291 -2.713075245 -0.199683744 -0.062033360 0.976597568 -0.050353307
1778902251.800131559 49.714952062 13.539129568 -2.699344871 -0.186478948 -0.061930293 0.979483827 -0.044740069
1778902251.900451660 49.574684808 13.549340273 -2.675742733 -0.189922696 -0.063350975 0.979232579 -0.031930872
1778902252.000291586 49.438295976 13.564395723 -2.660313054 -0.210737770 -0.058261823 0.975261489 -0.032560400
1778902252.100126743 49.302316637 13.574900394 -2.658750620 -0.208038641 -0.058010630 0.975780707 -0.034737630
1778902252.200446606 49.163041490 13.586513166 -2.672250815 -0.199518212 -0.053461294 0.977279752 -0.047525365
1778902252.300286770 49.020335526 13.594086393 -2.680059487 -0.196813649 -0.053816760 0.977411879 -0.055083230
1778902252.400126696 48.872665172 13.600573383 -2.662606188 -0.202873264 -0.065301866 0.974937660 -0.063833089
1778902252.500446796 48.739615489 13.598501515 -2.633444182 -0.213621176 -0.062693215 0.972919644 -0.062152402
1778902252.600286722 48.607623099 13.589587737 -2.618508907 -0.217786050 -0.061086880 0.972015315 -0.063433877
1778902252.700126648 48.469563752 13.583695426 -2.626342202 -0.209072749 -0.065150992 0.973944415 -0.058959398
1778902252.800446749 48.325890848 13.575740393 -2.639498378 -0.203893961 -0.064877969 0.975772685 -0.045670215
1778902252.900286674 48.184162772 13.568169914 -2.624796923 -0.202017033 -0.068740787 0.975951759 -0.044519514
1778902253.000126839 48.048977192 13.557699292 -2.599757103 -0.207676133 -0.070792415 0.975220180 -0.028366497
1778902253.100442410 47.923644922 13.550969031 -2.584582441 -0.222141034 -0.060919313 0.972621296 -0.030822280
1778902253.200282335 47.796247345 13.543794645 -2.587704314 -0.216008817 -0.055642267 0.974186124 -0.034720673
1778902253.300122261 47.660807944 13.539650343 -2.600716297 -0.205971810 -0.054036003 0.976056505 -0.044378177
1778902253.400442362 47.531757579 13.535415665 -2.602071796 -0.201064319 -0.049537029 0.976688106 -0.056564703
1778902253.500282288 47.401852440 13.527067510 -2.584048681 -0.202331895 -0.058276661 0.975450515 -0.064513011
1778902253.600122452 47.281598760 13.512978944 -2.562684043 -0.212264963 -0.056926745 0.973158563 -0.068303319
1778902253.700442314 47.155272179 13.491688122 -2.556585199 -0.219824949 -0.061783173 0.971081051 -0.069723906
1778902253.800282478 47.018067439 13.467493328 -2.569199452 -0.213136455 -0.063275127 0.972691020 -0.066643001
1778902253.900122404 46.878343002 13.436726995 -2.582811834 -0.212619011 -0.064121346 0.973365685 -0.056928479
1778902254.000442266 46.739175912 13.405181760 -2.574707222 -0.215788698 -0.070533132 0.972727257 -0.047560477
1778902254.100297451 46.609058039 13.375495161 -2.546500108 -0.209441575 -0.072641773 0.974281381 -0.040412754
1778902254.200137377 46.474720761 13.353044089 -2.529218704 -0.223753314 -0.063949183 0.971737290 -0.039643349
1778902254.300457478 46.345797427 13.333286095 -2.534977233 -0.214175000 -0.056815183 0.974272375 -0.041163623
1778902254.400297403 46.209314651 13.316188502 -2.550627206 -0.210081738 -0.065908747 0.974218454 -0.049194556
1778902254.500137568 46.072507294 13.307141881 -2.547737540 -0.202566151 -0.056628401 0.975769459 -0.060283846
1778902254.600457430 45.938368360 13.289056703 -2.532008423 -0.208172226 -0.059100995 0.974327079 -0.062113926
1778902254.700297356 45.809008348 13.271961331 -2.514467231 -0.227148756 -0.057361757 0.969955036 -0.065576665
1778902254.800137520 45.679659384 13.247569708 -2.506812835 -0.223567857 -0.069604762 0.970159699 -0.062950362
1778902254.900457382 45.544421141 13.229310057 -2.520269484 -0.213549688 -0.066115778 0.972423704 -0.066463326
1778902255.000297546 45.395905248 13.210456039 -2.527301229 -0.203841446 -0.069378932 0.974577573 -0.061917558
1778902255.100133419 45.245877495 13.197947777 -2.519465031 -0.212051516 -0.062437707 0.973575322 -0.057330443
1778902255.200453281 45.104679025 13.183182975 -2.498144061 -0.225188168 -0.060611282 0.971250461 -0.047844577
1778902255.300293446 44.969638902 13.164672209 -2.484938825 -0.228707529 -0.062343511 0.970274718 -0.048714729
1778902255.400133371 44.830859051 13.146881334 -2.497628662 -0.223776090 -0.057773428 0.971345139 -0.055453702
1778902255.500453472 44.690488335 13.129778772 -2.512315993 -0.211689109 -0.067648259 0.972956070 -0.062991420
1778902255.600293398 44.550249910 13.121235379 -2.510104136 -0.207212517 -0.065602183 0.973491599 -0.071228040
1778902255.700133324 44.416188350 13.101735321 -2.484199031 -0.211396696 -0.065029075 0.972498096 -0.073007593
1778902255.800453424 44.288079847 13.083863950 -2.462087688 -0.223878265 -0.064020853 0.969335586 -0.078539002
1778902255.900293350 44.159596436 13.066563648 -2.458464371 -0.219432617 -0.071190433 0.969897882 -0.077970174
1778902256.000133276 44.025423025 13.049271894 -2.473024660 -0.210970683 -0.074836688 0.970915445 -0.084935505
1778902256.100449085 43.887335462 13.030026200 -2.478997173 -0.204494122 -0.081512080 0.972481584 -0.076272568
1778902256.200289011 43.751067528 13.010117304 -2.464055294 -0.223492060 -0.080594486 0.968159180 -0.078889989
1778902256.300128937 43.617345448 12.993587423 -2.442811123 -0.233224552 -0.078886494 0.966795036 -0.068487869
1778902256.400449038 43.487249211 12.983184868 -2.434626974 -0.237774243 -0.072727760 0.966117535 -0.069216990
1778902256.500288963 43.354324320 12.971712382 -2.448109330 -0.228754300 -0.068353133 0.968196718 -0.074795948
1778902256.600129128 43.214875668 12.965293118 -2.463772934 -0.224605075 -0.061351733 0.968530242 -0.087964177
1778902256.700448990 43.077897183 12.952065811 -2.457693380 -0.223509100 -0.065914521 0.967084470 -0.102208542
1778902256.800288916 42.940057100 12.930099328 -2.432565745 -0.222761031 -0.066972990 0.967355554 -0.100575216
1778902256.900129080 42.806475964 12.902172807 -2.415029130 -0.244483379 -0.062268384 0.962491920 -0.099798945
1778902257.000448942 42.668998747 12.877642388 -2.420618556 -0.235421199 -0.081252292 0.964517339 -0.087642606
1778902257.100284338 42.524751589 12.849932760 -2.433378338 -0.227070591 -0.080122272 0.967369635 -0.078837535
1778902257.200124502 42.387341541 12.823309872 -2.433376813 -0.210349034 -0.081946161 0.971341745 -0.074386322
1778902257.300444365 42.250880009 12.796363155 -2.410926229 -0.218288034 -0.079383208 0.970246443 -0.068340916
1778902257.400284529 42.119480333 12.779391920 -2.383034563 -0.233964042 -0.064743940 0.967673450 -0.068389642
1778902257.500124454 41.989596645 12.765438123 -2.375827464 -0.232994447 -0.061110929 0.967870738 -0.072147603
1778902257.600444317 41.861606360 12.752326340 -2.384926125 -0.226600347 -0.051581398 0.968539736 -0.089007992
1778902257.700284481 41.727180113 12.744174623 -2.393588498 -0.211878084 -0.057611596 0.970481091 -0.099774910
1778902257.800124407 41.595532546 12.729246052 -2.384570515 -0.212052584 -0.059334968 0.969698378 -0.105821162
1778902257.900444508 41.466362910 12.710013510 -2.363643774 -0.222353759 -0.069099429 0.967148680 -0.102017180
1778902258.000284433 41.341773046 12.690836383 -2.343778747 -0.227959416 -0.065135510 0.965471244 -0.107968266
1778902258.100120068 41.211068333 12.670699355 -2.347337475 -0.217957043 -0.080615895 0.966478672 -0.109154848
1778902258.200440168 41.076496000 12.647889285 -2.354610417 -0.211039750 -0.092007659 0.967475172 -0.104826557
1778902258.300280094 40.941284569 12.625578499 -2.347458774 -0.200580727 -0.092806403 0.970059682 -0.100690403
1778902258.400120020 40.805020254 12.605658643 -2.332358918 -0.206604553 -0.100981797 0.968847856 -0.091929682
1778902258.500440121 40.673794569 12.586950916 -2.312605917 -0.225954698 -0.097155353 0.964849583 -0.092577507
1778902258.600280046 40.541919336 12.573049438 -2.310998322 -0.220355389 -0.090354766 0.966312501 -0.097568795
1778902258.700119972 40.404932081 12.559827293 -2.326853223 -0.208508017 -0.090380471 0.967446051 -0.111372867
1778902258.800440073 40.269229284 12.545197135 -2.328692089 -0.201854181 -0.091459866 0.967182605 -0.124289143
1778902258.900279999 40.132346264 12.537227627 -2.311467264 -0.204186014 -0.092948721 0.964754106 -0.137543166
1778902259.000120163 40.003285698 12.515515343 -2.287074545 -0.220029567 -0.087018032 0.961079588 -0.142621451
1778902259.100435257 39.876224805 12.493770766 -2.278032880 -0.227784873 -0.086446183 0.958052720 -0.150917507
1778902259.200275183 39.743137739 12.468183820 -2.287158383 -0.213265048 -0.093271422 0.961227515 -0.147851702
1778902259.300115108 39.606409324 12.438257697 -2.296108312 -0.208873496 -0.089593603 0.963828682 -0.139208909
1778902259.400435209 39.470639164 12.403733052 -2.280431046 -0.205397353 -0.097935855 0.964931239 -0.130874747
1778902259.500275135 39.338498551 12.370646356 -2.253491426 -0.208032435 -0.097870688 0.965912445 -0.118983121
1778902259.600115299 39.209159624 12.347226687 -2.242489193 -0.217755104 -0.087035261 0.964528386 -0.121212912
1778902259.700435162 39.077533201 12.317748578 -2.255089977 -0.210563951 -0.083789156 0.966254174 -0.122454364
1778902259.800275087 38.945117049 12.292703378 -2.282714244 -0.212467486 -0.078672138 0.964482917 -0.135797517
1778902259.900115252 38.809440014 12.259538105 -2.292223107 -0.209650443 -0.081050566 0.964728369 -0.137027996
1778902260.000435114 38.677373380 12.225027179 -2.274988054 -0.213869876 -0.085101889 0.962990129 -0.140240352
1778902260.100270987 38.555357827 12.187765892 -2.248734396 -0.224902213 -0.087200935 0.959928700 -0.142660028
1778902260.200111151 38.430471009 12.153905876 -2.236731585 -0.233206326 -0.091475229 0.957276173 -0.144462521
1778902260.300431013 38.300558952 12.118750729 -2.249410085 -0.229911962 -0.088192397 0.958458807 -0.143942023
1778902260.400271177 38.165205488 12.081499183 -2.262353488 -0.220852383 -0.085699841 0.962006171 -0.135734626
1778902260.500111103 38.032251513 12.040272867 -2.249430114 -0.220316246 -0.082563042 0.963060461 -0.130991011
1778902260.600431204 37.902045586 12.000540453 -2.223107049 -0.224217752 -0.094279090 0.962285758 -0.121835842
1778902260.700271130 37.772675514 11.968163705 -2.208044775 -0.234616410 -0.091980716 0.959947304 -0.122457588
1778902260.800111055 37.650471495 11.942076344 -2.213982131 -0.228122058 -0.082324051 0.961268155 -0.130945074
1778902260.900431156 37.522812793 11.918762051 -2.234431263 -0.221584088 -0.083325476 0.960608761 -0.145561550
1778902261.000271082 37.388404785 11.893546127 -2.241237391 -0.212869911 -0.090679497 0.962212777 -0.143562533
1778902261.100106478 37.269413575 11.871131096 -2.229281212 -0.226527308 -0.100134058 0.958005820 -0.144510893
1778902261.200426579 37.136731659 11.843782894 -2.202829902 -0.240941255 -0.095484717 0.954272695 -0.148975178
1778902261.300266504 37.014733263 11.813399907 -2.189483753 -0.245172846 -0.089766385 0.952613365 -0.156077058
1778902261.400106430 36.886966705 11.785158495 -2.197718756 -0.234998494 -0.096110170 0.954022749 -0.159308311
1778902261.500426531 36.749355315 11.753088171 -2.206919343 -0.228390967 -0.096987617 0.956600875 -0.152793108
1778902261.600266457 36.603271966 11.718853501 -2.196080462 -0.228069839 -0.100590771 0.957161280 -0.147336107
1778902261.700106382 36.470786565 11.683217753 -2.166468211 -0.227691401 -0.102232711 0.959017243 -0.134130631
1778902261.800426483 36.334332648 11.658191460 -2.147704392 -0.232170160 -0.095361743 0.958847069 -0.132723220
1778902261.900266409 36.203138541 11.632186112 -2.152257448 -0.222412028 -0.094916122 0.960641938 -0.136714619
1778902262.000106573 36.065130853 11.605094068 -2.169777777 -0.213390048 -0.085413378 0.961206939 -0.152481025
1778902262.100422144 35.925418902 11.572996223 -2.168730366 -0.207412679 -0.080201107 0.961634386 -0.160645791
1778902262.200262070 35.789406731 11.536597086 -2.148629740 -0.205089880 -0.087527858 0.960619072 -0.165795094
1778902262.300102234 35.660868993 11.503276511 -2.131134777 -0.221428905 -0.086421052 0.957153301 -0.165403145
1778902262.400422096 35.532974514 11.466308600 -2.124787061 -0.225245298 -0.093479568 0.954994633 -0.168853121
1778902262.500262260 35.395718519 11.429726484 -2.140899619 -0.211352772 -0.099297437 0.956789536 -0.173273797
1778902262.600102186 35.255492983 11.394993897 -2.154509975 -0.214338076 -0.107635636 0.955562006 -0.171391402
1778902262.700422049 35.120082253 11.351481604 -2.136258922 -0.207232949 -0.113212159 0.956859722 -0.169283739
1778902262.800262213 34.992210727 11.310910652 -2.112138355 -0.211328438 -0.115076208 0.957260420 -0.160468834
1778902262.900102139 34.867849976 11.270475131 -2.094675047 -0.226887608 -0.111883462 0.952675465 -0.168563233
1778902263.000422239 34.743579643 11.236260899 -2.103382126 -0.221914939 -0.099750410 0.951425313 -0.188662369
1778902263.100258350 34.609681256 11.200838428 -2.118128193 -0.217759891 -0.088677734 0.949314437 -0.208612053
1778902263.200098276 34.469085346 11.167097611 -2.119071984 -0.212617743 -0.088725986 0.951195530 -0.205300897
1778902263.300418377 34.329663253 11.131472424 -2.095560869 -0.212982468 -0.100123117 0.948861880 -0.210416165
1778902263.400258303 34.196929725 11.093508763 -2.076122246 -0.227540551 -0.094402805 0.945957531 -0.210897505
1778902263.500098228 34.063086921 11.049875131 -2.076873656 -0.227423008 -0.096365877 0.945636958 -0.211573009
1778902263.600418329 33.928492190 11.008206284 -2.092112635 -0.217718392 -0.100829329 0.946851810 -0.214251717
1778902263.700258255 33.790924946 10.959762803 -2.097943564 -0.206474300 -0.110324995 0.950508493 -0.204280110
1778902263.800098419 33.653523552 10.913265215 -2.083406397 -0.211722515 -0.113967835 0.950528315 -0.196674431
1778902263.900418282 33.523900831 10.872562214 -2.063150675 -0.227422511 -0.110662577 0.948977868 -0.188344901
1778902264.000258207 33.399822353 10.830201696 -2.051337434 -0.232112392 -0.106905581 0.948392790 -0.187739578
1778902264.100093603 33.275944074 10.790607297 -2.064651468 -0.220261068 -0.095020968 0.951477880 -0.192732770
1778902264.200413704 33.144424005 10.755588812 -2.084150709 -0.215673853 -0.094767636 0.950327796 -0.203423118
1778902264.300253630 33.013184551 10.721341830 -2.080183644 -0.216710538 -0.090928896 0.947225716 -0.218018168
1778902264.400093794 32.890500370 10.676738846 -2.061209486 -0.210716574 -0.104142042 0.948361368 -0.212987501
1778902264.500413656 32.770141749 10.638160786 -2.040214686 -0.235486214 -0.092450829 0.943714660 -0.213076811
1778902264.600253582 32.647349333 10.594226413 -2.036058531 -0.226395110 -0.097600922 0.945737326 -0.211660634
1778902264.700093746 32.521529759 10.544703433 -2.055205233 -0.213763714 -0.105254922 0.947674852 -0.212459058
1778902264.800413609 32.384268798 10.492716890 -2.063938076 -0.214223854 -0.105723847 0.950492627 -0.198731914
1778902264.900253773 32.248463831 10.442713868 -2.049702993 -0.225601633 -0.111413785 0.948555830 -0.192178849
1778902265.000093699 32.117492255 10.398033542 -2.027172170 -0.233714535 -0.105714202 0.949385726 -0.181297452
1778902265.100409269 31.990740640 10.355907685 -2.021039355 -0.246113877 -0.100753025 0.946752867 -0.181482222
1778902265.200249434 31.865966021 10.319470360 -2.034515802 -0.231641331 -0.088655282 0.949836113 -0.190509559
1778902265.300089359 31.730593299 10.280799810 -2.050599565 -0.221148462 -0.090846374 0.950367232 -0.199104041
1778902265.400409460 31.595326005 10.241660597 -2.044929387 -0.224280765 -0.092215127 0.948020613 -0.206037440
1778902265.500249386 31.466310697 10.203417338 -2.023415632 -0.220706921 -0.095405771 0.948470039 -0.206375335
1778902265.600089312 31.344743084 10.158319011 -1.999971394 -0.233492444 -0.093503054 0.943812109 -0.214376212
1778902265.700409412 31.217466916 10.108336246 -1.997745232 -0.223386662 -0.105735244 0.945816446 -0.210593704
1778902265.800249338 31.088249073 10.053058529 -2.008711135 -0.210333726 -0.101819036 0.947568628 -0.217959405
1778902265.900089264 30.956135015 9.997254556 -2.017246382 -0.206097034 -0.108079614 0.947640253 -0.218679584
1778902266.000409365 30.824179746 9.936838394 -2.000821363 -0.213132714 -0.111061088 0.946396466 -0.215809197
1778902266.100245237 30.693221642 9.889275048 -1.977241058 -0.221074799 -0.108737701 0.947924095 -0.201846366
1778902266.200085163 30.565176981 9.844819250 -1.967476299 -0.221209742 -0.108133090 0.947897440 -0.202148282
1778902266.300405264 30.433556080 9.803606508 -1.982835471 -0.214831321 -0.107252739 0.948335171 -0.207375882
1778902266.400245190 30.299911896 9.764004352 -1.998996125 -0.208181780 -0.103645199 0.948142209 -0.216666495
1778902266.500085354 30.165215148 9.722488633 -1.995390413 -0.214037897 -0.102103158 0.944180691 -0.228660331
1778902266.600405216 30.039764293 9.674937017 -1.976870780 -0.215745352 -0.110647092 0.941672089 -0.233377035
1778902266.700245142 29.920818491 9.622101981 -1.960025419 -0.222021289 -0.115112888 0.937616154 -0.241519189
1778902266.800085306 29.800047285 9.566383540 -1.958081901 -0.206029114 -0.123706185 0.939546777 -0.243927526
1778902266.900405169 29.673045642 9.505912805 -1.963478338 -0.188270555 -0.116045669 0.943179520 -0.247991922
1778902267.000245333 29.539039695 9.444396488 -1.967994193 -0.184044980 -0.121523766 0.944596484 -0.243098545
1778902267.100080967 29.410910122 9.385165511 -1.952079258 -0.194152652 -0.131133063 0.943161888 -0.235700065
1778902267.200400829 29.289729852 9.330225815 -1.927846880 -0.201260754 -0.129311408 0.943834958 -0.227921567
1778902267.300240993 29.169116307 9.281803285 -1.925721343 -0.200464469 -0.126781643 0.942817565 -0.234169707
1778902267.400080919 29.041629765 9.235865960 -1.937839498 -0.191697801 -0.117613441 0.943010997 -0.245253524
1778902267.500400782 28.911300660 9.192638192 -1.946490519 -0.184661919 -0.113940301 0.942457173 -0.254346341
1778902267.600240946 28.786528798 9.152510086 -1.938436866 -0.188814540 -0.116528589 0.937426745 -0.268330496
1778902267.700080872 28.665444318 9.099203737 -1.913829074 -0.190354636 -0.126171770 0.936085746 -0.267561717
1778902267.800400972 28.549338208 9.050238370 -1.905999994 -0.201078799 -0.128652243 0.931643127 -0.273965329
1778902267.900240898 28.424340521 8.989015875 -1.919886831 -0.189750988 -0.132562409 0.934996303 -0.268707429
1778902268.000080824 28.290774811 8.924087909 -1.935313351 -0.194908078 -0.126417105 0.936416493 -0.262970926
1778902268.100396633 28.160081541 8.855904765 -1.935377038 -0.187354616 -0.132967338 0.939271256 -0.254926348
1778902268.200236559 28.038493618 8.791823943 -1.915425338 -0.184798629 -0.128205828 0.941426079 -0.251256182
1778902268.300076485 27.918603089 8.732342322 -1.901350929 -0.202396460 -0.129057878 0.939860625 -0.242985065
1778902268.400396585 27.801260068 8.670837287 -1.906830334 -0.199856080 -0.130593937 0.940508142 -0.241758570
1778902268.500236511 27.679768626 8.611571143 -1.926078394 -0.193767402 -0.120823377 0.938791583 -0.257926869
1778902268.600076437 27.553050272 8.549803796 -1.943086225 -0.188616079 -0.121996830 0.937188748 -0.266867005
1778902268.700396538 27.427197250 8.486361774 -1.931273274 -0.198112626 -0.120759933 0.932017281 -0.278410153
1778902268.800236464 27.314194078 8.416635092 -1.909052700 -0.202672351 -0.124310962 0.929658909 -0.281433857
1778902268.900076628 27.202309674 8.343376407 -1.899932272 -0.208872921 -0.135673431 0.925283032 -0.286035196
1778902269.000396490 27.114335843 8.284782853 -1.904470701 -0.202615027 -0.138142717 0.924755884 -0.291015972
1778902269.100232124 26.965722851 8.184251422 -1.931957321 -0.205941291 -0.137811534 0.922700331 -0.295330771
1778902269.200072289 26.839571822 8.094643220 -1.935256368 -0.203383460 -0.138850781 0.926676032 -0.283949224
1778902269.300392151 26.722079072 8.020653472 -1.914473770 -0.207117591 -0.133304402 0.928929608 -0.276445334
1778902269.400232077 26.637033225 7.970598630 -1.901560227 -0.218576012 -0.131174192 0.926831338 -0.275683748
1778902269.500072241 26.524933070 7.905252998 -1.898351904 -0.210954523 -0.131865506 0.928186338 -0.276730555
1778902269.600392103 26.400132059 7.839523103 -1.916469243 -0.211264578 -0.122654555 0.925001694 -0.291024062
1778902269.700232267 26.285194972 7.772466947 -1.931380165 -0.205860451 -0.128855295 0.924470037 -0.293892732
1778902269.800072193 26.150800837 7.698384282 -1.922563244 -0.212628058 -0.130271661 0.920844673 -0.299772733
1778902269.900392294 26.046397206 7.634218553 -1.900823024 -0.210412135 -0.126271663 0.922898330 -0.296716824
1778902270.000232220 25.938691777 7.566389702 -1.890177068 -0.221856576 -0.121608088 0.919719702 -0.300177952
1778902270.100067854 25.824130038 7.492485780 -1.901604526 -0.212771764 -0.134797582 0.921364224 -0.296050259
1778902270.200387955 25.711901036 7.415229593 -1.915047056 -0.201316917 -0.134999627 0.924790230 -0.293273986
1778902270.300227880 25.601385020 7.335935237 -1.911502670 -0.191884977 -0.140765972 0.926293583 -0.292139169
1778902270.400067806 25.487501923 7.261445585 -1.888532736 -0.197330214 -0.144315430 0.923481893 -0.295660340
1778902270.500387907 25.383119244 7.201425539 -1.872428486 -0.210254190 -0.140098289 0.922145479 -0.292939175
1778902270.600227833 25.276866400 7.137312184 -1.870853581 -0.205811379 -0.134771367 0.923555658 -0.294148436
1778902270.700067759 25.157220423 7.076611916 -1.892166330 -0.201609439 -0.125184962 0.920920585 -0.309172503
1778902270.800387859 25.040044647 7.018035006 -1.905541847 -0.197447744 -0.128870745 0.921068034 -0.309903849
1778902270.900227785 24.925642612 6.958179476 -1.894244467 -0.202957604 -0.125381225 0.915266680 -0.324614639
1778902271.000067949 24.818573878 6.894156138 -1.878122744 -0.201606132 -0.135160010 0.916510725 -0.317954133
1778902271.100383759 24.709008725 6.822154551 -1.863966042 -0.216681062 -0.130537856 0.910553947 -0.326956717
1778902271.200223684 24.599394692 6.753756455 -1.874800462 -0.209868421 -0.137296010 0.911835208 -0.325056309
1778902271.300063848 24.478010318 6.672262262 -1.897233124 -0.202669454 -0.137111724 0.913628494 -0.324666665
1778902271.400383711 24.370423986 6.598055038 -1.898983407 -0.199511561 -0.140482752 0.915477144 -0.319939575
1778902271.500223637 24.251580238 6.520898450 -1.876857698 -0.207545802 -0.144556635 0.912215241 -0.322322003
1778902271.600063801 24.138758105 6.461522949 -1.857905418 -0.215564783 -0.134743635 0.914650247 -0.314310202
1778902271.700383663 24.017795251 6.395173647 -1.863684189 -0.217380301 -0.134154927 0.915169543 -0.311789941
1778902271.800223827 23.898727548 6.334527146 -1.881647644 -0.206514813 -0.129797753 0.914295109 -0.323370729
1778902271.900063753 23.776411810 6.269533868 -1.895743429 -0.198791800 -0.129878706 0.913447094 -0.330496215
1778902272.000383854 23.655314716 6.201827053 -1.891946427 -0.207641932 -0.130219563 0.907245045 -0.341810067
1778902272.100219488 23.538509421 6.133097909 -1.872804089 -0.217880672 -0.137095977 0.905054737 -0.338538962
1778902272.200059414 23.428832721 6.063623528 -1.861523795 -0.225226203 -0.136478878 0.900238268 -0.346724293
1778902272.300379276 23.316887894 5.988082513 -1.874017345 -0.213823521 -0.146943022 0.902904779 -0.342710097
1778902272.400219440 23.201700260 5.907704416 -1.892226955 -0.205382806 -0.152591820 0.904888728 -0.340161769
1778902272.500059366 23.083536549 5.820604292 -1.885176084 -0.196025362 -0.150288526 0.907996036 -0.338423721
1778902272.600379467 22.973396717 5.742032441 -1.865209416 -0.201805087 -0.151319373 0.908603050 -0.332892853
1778902272.700219393 22.862319021 5.677562510 -1.845237851 -0.216957075 -0.148093892 0.907152913 -0.328742177
1778902272.800059319 22.750951539 5.613815007 -1.849526931 -0.218385424 -0.152556024 0.907121013 -0.325831141
1778902272.900379419 22.639236447 5.543513274 -1.872448340 -0.209139117 -0.156717777 0.904931469 -0.335856226
1778902273.000219345 22.525211708 5.472116514 -1.879919523 -0.204327202 -0.148991256 0.905678106 -0.340292770
1778902273.100054979 22.409089658 5.405267018 -1.869364952 -0.212070469 -0.147521941 0.901345683 -0.347619551
1778902273.200375080 22.302333829 5.333015113 -1.847829412 -0.206827250 -0.150099857 0.904675746 -0.340960871
1778902273.300215006 22.194581777 5.261727956 -1.837209821 -0.216661824 -0.143720761 0.903407841 -0.340963736
1778902273.400054932 22.080707948 5.192224094 -1.851623991 -0.213932259 -0.142546005 0.904921496 -0.339161777
1778902273.500375032 21.969733847 5.112625216 -1.869513706 -0.203667233 -0.136430461 0.909998537 -0.334378603
1778902273.600214958 21.860159954 5.029996418 -1.870328113 -0.197784189 -0.127662855 0.913023119 -0.333125193
1778902273.700055122 21.750121755 4.947857491 -1.849232379 -0.212335268 -0.138308642 0.910491167 -0.326787835
1778902273.800374985 21.643895034 4.876530455 -1.833415535 -0.226460638 -0.139678541 0.909098315 -0.320539760
1778902273.900215149 23.446060946 5.494778421 -0.774034157 -0.228386694 -0.136584253 0.911695219 -0.313043267
1778902274.000055075 23.346225014 5.414134926 -0.826694781 -0.220195396 -0.127262381 0.911099630 -0.324369757
1778902274.100370884 23.243424829 5.333717377 -0.882382474 -0.207737981 -0.139758919 0.912794897 -0.322672981
1778902274.200211048 23.143922740 5.253596818 -0.904635060 -0.211831923 -0.152889865 0.910555080 -0.320376920
1778902274.300050974 23.053460179 5.179812405 -0.903175643 -0.223103117 -0.147458862 0.905080121 -0.330621926
1778902274.400370836 22.967177490 5.103675268 -0.899816741 -0.233981963 -0.147393354 0.899860639 -0.337310645
1778902274.500211000 22.879051361 5.034083787 -0.915471540 -0.225712509 -0.149375081 0.901174193 -0.338564651
1778902274.600050926 22.786031965 4.962577141 -0.918225396 -0.219910751 -0.144597467 0.904586330 -0.335342222
1778902274.700371027 22.696107082 4.883724502 -0.909947012 -0.212633407 -0.150248855 0.908312189 -0.327385527
1778902274.800210953 22.604740159 4.814965560 -0.882672313 -0.215134616 -0.151459454 0.909787230 -0.321036334
1778902274.900050879 22.514125021 4.752562972 -0.862411017 -0.226942813 -0.148962423 0.907764157 -0.319798987
1778902275.000370979 22.421768565 4.684567092 -0.867086318 -0.218867384 -0.141554622 0.909563468 -0.323656693
1778902275.100206614 22.320468792 4.612870021 -0.886698836 -0.214426807 -0.132556001 0.907043274 -0.337227742
1778902275.200046539 22.211428335 4.537503217 -0.900196980 -0.212602560 -0.131739836 0.905461118 -0.342906593
1778902275.300366640 22.107956226 4.455476685 -0.893569466 -0.216611376 -0.141757860 0.899814856 -0.351165838
1778902275.400206566 22.015147237 4.370074960 -0.880895775 -0.215377903 -0.151473675 0.899665603 -0.348238262
1778902275.500046492 21.920010014 4.286335459 -0.875499205 -0.224092238 -0.155414349 0.892677493 -0.358825783
1778902275.600366592 21.823692176 4.189103191 -0.892693722 -0.214681286 -0.157276851 0.893772584 -0.361035325
1778902275.700206518 21.989077108 4.378892509 -0.869471261 -0.209732933 -0.157599103 0.895068821 -0.360591770
1778902275.800046682 21.885856911 4.283573347 -0.864491076 -0.196011192 -0.159075759 0.899384235 -0.356906869
1778902275.900366545 21.779819175 4.194198336 -0.848187791 -0.197519232 -0.158909980 0.901319461 -0.351222152
1778902276.000206709 21.682560658 4.116655388 -0.828001394 -0.219498518 -0.161299156 0.896348709 -0.349802765
1778902276.100041866 21.578348595 4.027895549 -0.838749338 -0.210787499 -0.156330013 0.898242944 -0.352546693
1778902276.200361967 21.475442233 3.937575758 -0.864411544 -0.197848222 -0.148247411 0.895926046 -0.369046482
1778902276.300201893 21.362627286 3.836741960 -0.873489739 -0.193232925 -0.154319927 0.894927075 -0.371418803
1778902276.400042057 21.247618751 3.750706782 -0.858844619 -0.207666517 -0.150023090 0.888074098 -0.381696328
1778902276.500361919 21.316644809 3.768202513 -0.835016784 -0.215908593 -0.152661384 0.888929089 -0.374009432
1778902276.600202084 21.210332325 3.684310031 -0.831302689 -0.221392948 -0.153991450 0.886042305 -0.377095253
1778902276.700042009 21.101141292 3.593068195 -0.841810222 -0.205003091 -0.154293449 0.887666700 -0.382380824
1778902276.800361872 20.997436919 3.497013632 -0.850319892 -0.197340545 -0.148527198 0.893862070 -0.374175066
1778902276.900202036 20.896677775 3.401148213 -0.836931492 -0.201273205 -0.155735564 0.893476068 -0.370048709
1778902277.000041962 20.799918913 3.301996022 -0.817696516 -0.202506558 -0.161641816 0.894952111 -0.363213074
1778902277.100358248 20.704921528 3.210133783 -0.813210368 -0.217254772 -0.161637989 0.892422902 -0.360908421
1778902277.200198174 20.612364643 3.127309035 -0.832599777 -0.206692895 -0.157910457 0.893367636 -0.366383135
1778902277.300038099 20.505923115 3.038930434 -0.855034843 -0.195046643 -0.147709328 0.891266268 -0.381815663
1778902277.400358200 20.400477773 2.953204952 -0.863981734 -0.199644456 -0.148333454 0.886315320 -0.390620572
1778902277.500198126 20.297883358 2.867497490 -0.853678642 -0.209596229 -0.161241114 0.880401337 -0.393654938
1778902277.600038052 20.203421943 2.780940933 -0.831428222 -0.226927307 -0.163819425 0.877400389 -0.389661072
1778902277.700358152 20.102917200 2.695623124 -0.825100646 -0.224887577 -0.158158962 0.876167175 -0.395907062
1778902277.800198078 20.006122670 2.598412296 -0.838317536 -0.203899056 -0.163511033 0.879872614 -0.396879705
1778902277.900038242 19.910686250 2.501255106 -0.851577550 -0.200520226 -0.159075513 0.882490838 -0.394584010
1778902278.000358105 19.812167394 2.398671201 -0.852887392 -0.204411129 -0.167324917 0.885124556 -0.383109623
1778902278.100193739 19.996955469 2.429288086 -0.858003862 -0.205721343 -0.168393213 0.889203916 -0.372342384
1778902278.200033903 19.898783091 2.338471239 -0.843116420 -0.227614870 -0.161809395 0.887346312 -0.366913769
1778902278.300353765 19.799975850 2.257776128 -0.855700666 -0.211512983 -0.151087767 0.892212333 -0.369312738
1778902278.400193691 19.691156530 2.166726625 -0.884497515 -0.203646811 -0.149856205 0.889440521 -0.380744867
1778902278.500033855 19.584377722 2.068949022 -0.898123056 -0.207225768 -0.143776111 0.889103548 -0.381943440
1778902278.600353718 19.475662400 1.968990677 -0.885835260 -0.214448942 -0.138177722 0.885986840 -0.387228471
1778902278.700193882 19.382810225 1.869509618 -0.871186817 -0.224165931 -0.148617921 0.882559239 -0.385683210
1778902278.800033808 19.292856431 1.770854428 -0.868278220 -0.218531199 -0.161071035 0.880699065 -0.388161556
1778902278.900353909 19.404064987 1.745549054 -0.909651546 -0.206875094 -0.165209343 0.882453618 -0.388824099
1778902279.000193834 19.308386495 1.643735069 -0.924369420 -0.202513136 -0.166822913 0.888422307 -0.376648841
1778902279.100029230 19.199453030 1.521852581 -0.917478487 -0.201771216 -0.175634140 0.888413718 -0.373044356
1778902279.200349092 19.120972214 1.430636711 -0.899736691 -0.200317853 -0.167938061 0.889650874 -0.374420735
1778902279.300189257 19.028887224 1.328797606 -0.892937670 -0.210778438 -0.177562985 0.886015255 -0.372854938
1778902279.400029182 18.920539767 1.232556565 -0.903362018 -0.209688332 -0.160430779 0.885422767 -0.382517048
1778902279.500349283 18.809546036 1.141424497 -0.919840962 -0.202112406 -0.154972593 0.884216933 -0.391528397
1778902279.600189209 18.699411725 1.047226832 -0.927081386 -0.204428938 -0.156990442 0.884426631 -0.389040286
1778902279.700029135 18.596052726 0.951857822 -0.915742703 -0.208703887 -0.168279548 0.878656719 -0.395078538
1778902279.800349236 18.499623907 0.853814315 -0.898331847 -0.192407978 -0.167855331 0.895930645 -0.363472197
1778902279.900189161 18.407251006 0.767227230 -0.898160523 -0.211960842 -0.166830758 0.888459131 -0.371322599
1778902280.000029087 18.311539641 0.669940116 -0.918099372 -0.209741630 -0.164226484 0.890934235 -0.367796546
1778902280.100345612 18.309542493 0.609093710 -0.947535912 -0.214207959 -0.160923348 0.893630699 -0.360059440
1778902280.200185537 18.222724232 0.510393766 -0.940779219 -0.231607008 -0.166449279 0.892170293 -0.350264186
1778902280.300025702 18.139463696 0.417169186 -0.920467023 -0.237192401 -0.166928347 0.890769832 -0.349862542
1778902280.400345564 18.051825651 0.328780749 -0.908523346 -0.242715663 -0.160102439 0.889851167 -0.351598089
1778902280.500185490 17.956865546 0.234107303 -0.917458097 -0.235462792 -0.142506354 0.893627499 -0.354512490
1778902280.600025654 17.861915103 0.148675427 -0.937133022 -0.231554040 -0.134329467 0.888864844 -0.371830081
1778902280.700345516 17.756757213 0.052387204 -0.950313774 -0.231750873 -0.128490756 0.887642687 -0.376659155
1778902280.800185680 17.658209492 -0.049149935 -0.940936122 -0.251228631 -0.139356387 0.876788690 -0.385623607
1778902280.900025606 17.656187675 -0.124283901 -0.949899784 -0.256550627 -0.134107036 0.883908746 -0.367290632
1778902281.000345707 17.566414589 -0.224318558 -0.939093459 -0.271274355 -0.126940794 0.873932349 -0.382803486
1778902281.100181103 17.474474452 -0.323822802 -0.941821365 -0.239915023 -0.127992226 0.890196105 -0.365526561
1778902281.200021029 17.390805468 -0.408322469 -0.973704095 -0.233342661 -0.119575912 0.895491777 -0.359648830
1778902281.300340891 17.299223823 -0.512731948 -0.980527707 -0.247189531 -0.130872321 0.892794504 -0.353111519
1778902281.400181055 17.215157217 -0.605607267 -0.962950365 -0.259070281 -0.138172010 0.890880277 -0.346588252
1778902281.500020981 17.132876388 -0.693367306 -0.948475861 -0.264261350 -0.131084501 0.888738952 -0.350892957
1778902281.600341082 17.044587879 -0.784463060 -0.953794289 -0.248482235 -0.122355930 0.891900309 -0.357490482
1778902281.700181007 16.999322865 -0.862765006 -0.987894926 -0.239564733 -0.114481224 0.890265478 -0.370040764
1778902281.800020933 16.894720571 -0.959453503 -0.997665491 -0.234462349 -0.128997320 0.890128728 -0.368860335
1778902281.900341034 16.788721706 -1.065338451 -0.988898372 -0.255216490 -0.146454715 0.878641676 -0.376037718
1778902282.000180960 16.687724615 -1.178300588 -0.976787668 -0.252720933 -0.140152665 0.885166299 -0.364650495
1778902282.100017071 16.598765149 -1.283282867 -0.970428646 -0.261697685 -0.155767857 0.880068945 -0.364320393
1778902282.200337172 16.504799474 -1.391286769 -0.990314424 -0.246929758 -0.162427030 0.885000275 -0.359746671
1778902282.300177097 16.415999816 -1.497402802 -1.014723873 -0.238030626 -0.162549098 0.890462992 -0.352129056
1778902282.400017262 16.329016135 -1.597251476 -1.020161431 -0.252356631 -0.150691012 0.886698248 -0.356895737
1778902282.500337124 16.277263002 -1.692238150 -1.008398784 -0.264684938 -0.151956972 0.880450094 -0.362847895
1778902282.600177050 16.186730286 -1.794889485 -0.993048832 -0.254538980 -0.161032429 0.886056619 -0.352394854
1778902282.700017214 16.087105056 -1.901742866 -0.993424717 -0.243198658 -0.157279612 0.888032931 -0.357092495
1778902282.800337076 15.995861863 -1.998265997 -1.013508245 -0.234413834 -0.156677695 0.885900112 -0.368352068
1778902282.900177240 15.893399137 -2.106464916 -1.025538839 -0.234973366 -0.160146171 0.879601085 -0.381369443
1778902283.000017166 15.796691483 -2.210262217 -1.017129618 -0.241409126 -0.174202435 0.871324398 -0.390088374
1778902283.100332499 15.699966860 -2.305555356 -0.997990697 -0.239330346 -0.168350859 0.878234872 -0.378262452
1778902283.200172663 15.603168948 -2.406708336 -0.990796475 -0.256157669 -0.170054148 0.871888678 -0.381149537
1778902283.300012589 15.564210244 -2.494377346 -1.014869219 -0.237811276 -0.165507969 0.876942522 -0.383438030
1778902283.400332451 15.462367418 -2.593293098 -1.028851026 -0.239451660 -0.164085619 0.877257462 -0.382306367
1778902283.500172615 15.344281274 -2.708618561 -1.032987720 -0.251037238 -0.171833363 0.878683543 -0.367925034
1778902283.600012541 15.260064709 -2.807448889 -1.014141532 -0.261125492 -0.175785786 0.873629767 -0.371057765
1778902283.700332642 15.202020109 -2.885637409 -0.999429631 -0.264212399 -0.177935456 0.872297446 -0.370982409
1778902283.800172567 15.104796610 -2.983832945 -1.010337464 -0.250498923 -0.173850855 0.873315668 -0.379928826
1778902283.900012493 15.002987594 -3.092041267 -1.033670722 -0.241753680 -0.173134181 0.868267152 -0.397104351
1778902284.000332594 14.905996614 -3.187123139 -1.041082107 -0.233489166 -0.177692020 0.864844430 -0.407372639
1778902284.100168467 14.824113918 -3.278934159 -1.027030114 -0.234767086 -0.187912731 0.859826532 -0.412639740
1778902284.200488329 14.742227839 -3.371860829 -1.002940008 -0.245803499 -0.183560473 0.855290887 -0.417568786
1778902284.300328493 14.656435928 -3.467406692 -1.001458992 -0.238942096 -0.190098960 0.854202548 -0.420840905
1778902284.400168419 14.558766201 -3.567286380 -1.015721305 -0.224529546 -0.195408100 0.854937804 -0.424833507
1778902284.500488520 14.446030170 -3.676514978 -1.036436959 -0.225344953 -0.198229314 0.857113395 -0.418666239
1778902284.600328445 14.342869558 -3.787967130 -1.033761496 -0.229009134 -0.201761034 0.859542822 -0.409918819
1778902284.700168371 14.250951074 -3.890180668 -1.018533756 -0.231688397 -0.193582060 0.864902487 -0.400986486
1778902284.800488472 14.162215100 -3.985366069 -1.011105901 -0.252774911 -0.188586914 0.861335365 -0.398297890
1778902284.900328398 14.085609196 -4.066034529 -1.028880538 -0.244878814 -0.175267354 0.862481035 -0.406745849
1778902285.000168562 13.990525093 -4.159079756 -1.055425275 -0.242596993 -0.165486160 0.859024916 -0.419329492
1778902285.100484371 13.886054541 -4.260117822 -1.063603771 -0.242338949 -0.160016022 0.854587146 -0.430520054
1778902285.200324297 13.784580700 -4.361385512 -1.051020283 -0.252057558 -0.180576770 0.849634892 -0.426590633
1778902285.300164461 13.720098304 -4.451019605 -1.022625965 -0.253478976 -0.185962232 0.849815229 -0.423060911
1778902285.400484324 13.641416507 -4.539974972 -1.020443951 -0.247760884 -0.192168937 0.845997702 -0.431246487
1778902285.500324249 13.562318421 -4.649935836 -1.037070762 -0.245081176 -0.189502654 0.847347622 -0.431307278
1778902285.600164413 13.469065249 -4.765039210 -1.051650160 -0.245420522 -0.180192299 0.848602758 -0.432634790
1778902285.700484276 13.403986469 -4.868559348 -1.036770233 -0.251315650 -0.185393096 0.848381677 -0.427455699
1778902285.800324440 13.325910436 -4.981701713 -1.014626607 -0.247107204 -0.194702453 0.852431755 -0.417599195
1778902285.900164366 13.243059939 -5.089264196 -1.010355891 -0.258636722 -0.190886500 0.851875252 -0.413494794
1778902286.000484467 13.162478608 -5.180610471 -1.028012339 -0.243196352 -0.178354512 0.856142953 -0.419600342
1778902286.100320101 13.092008597 -5.271735563 -1.047762849 -0.244727862 -0.167993471 0.851039548 -0.433149114
1778902286.200160027 12.993913118 -5.384024825 -1.049851364 -0.236234641 -0.164103048 0.848281829 -0.444613679
1778902286.300479889 12.891182999 -5.507443736 -1.035582135 -0.233287529 -0.178892475 0.844389203 -0.447863020
1778902286.400320053 12.806731884 -5.613785737 -1.008581187 -0.241516379 -0.181036266 0.844374481 -0.442636923
1778902286.500159979 12.741046179 -5.719010956 -1.010580311 -0.240636375 -0.181346611 0.844805444 -0.442166601
1778902286.600480080 12.654418663 -5.839819966 -1.034929585 -0.231042851 -0.178022649 0.851888008 -0.434987310
1778902286.700320005 12.573051850 -5.946215509 -1.049573180 -0.229942972 -0.164272516 0.857034390 -0.430851279
1778902286.800159931 12.500193013 -6.046126087 -1.034375472 -0.236167795 -0.162481065 0.859174066 -0.423845020
1778902286.900480032 12.420982851 -6.148222687 -1.006625011 -0.219932293 -0.163067669 0.867083241 -0.416179499
1778902287.000319958 12.336384002 -6.256968195 -1.003927731 -0.243225801 -0.170733822 0.863667069 -0.407149070
1778902287.100155592 12.260935467 -6.354029523 -1.016089090 -0.229720826 -0.164082362 0.865304531 -0.414190040
1778902287.200475693 12.177131669 -6.451320408 -1.040490552 -0.224334487 -0.152391671 0.858208884 -0.435807673
1778902287.300315619 12.096487136 -6.549853499 -1.050268784 -0.218236559 -0.154428611 0.856641634 -0.441236579
1778902287.400155544 12.008896871 -6.659758790 -1.048406610 -0.230701256 -0.169650470 0.850563693 -0.441063547
1778902287.500475645 11.939701326 -6.743418702 -1.024782238 -0.237969108 -0.168278092 0.847192176 -0.444205587
1778902287.600315571 11.865411140 -6.853479494 -1.021462070 -0.240435501 -0.180709806 0.844312866 -0.443475501
1778902287.700155735 11.785131956 -6.966823983 -1.040188429 -0.233438917 -0.187759295 0.844587956 -0.443761089
1778902287.800475597 11.705918904 -7.092344482 -1.060847712 -0.234202081 -0.176536681 0.845164260 -0.446857425
1778902287.900315762 11.618343840 -7.215144407 -1.052958557 -0.238514152 -0.167725410 0.844320636 -0.449557394
1778902288.000155687 11.534019916 -7.325822706 -1.037828369 -0.238737407 -0.170531156 0.844942842 -0.447208194
1778902288.100471735 11.457966715 -7.435410408 -1.031104439 -0.248625096 -0.178822146 0.845104231 -0.438186080
1778902288.200311899 11.390680875 -7.542568164 -1.040597706 -0.234340507 -0.178250636 0.846571859 -0.443426799
1778902288.300151825 11.317056104 -7.651204829 -1.064009088 -0.229047629 -0.157498079 0.841143096 -0.463907137
1778902288.400471926 11.228708845 -7.777240571 -1.081515450 -0.227160315 -0.155592753 0.838867922 -0.469563304
1778902288.500311852 11.149072812 -7.889885329 -1.073028486 -0.228467471 -0.174384037 0.833078893 -0.472622873
1778902288.600151777 11.079165217 -8.006820193 -1.056902144 -0.235054402 -0.178372841 0.830991502 -0.471577864
1778902288.700471878 11.015786636 -8.130502423 -1.053397297 -0.239708966 -0.191136884 0.828501256 -0.468606414
1778902288.800311804 10.946981010 -8.240815259 -1.067102388 -0.224481511 -0.187826431 0.831868026 -0.471513382
1778902288.900151730 10.872126231 -8.357746631 -1.087224938 -0.214903001 -0.175306417 0.837663057 -0.470536889
1778902289.000471830 10.801284769 -8.471422759 -1.087096665 -0.210060375 -0.176775492 0.841649280 -0.465028552
1778902289.100307465 10.740542056 -8.576884890 -1.060074637 -0.208354173 -0.187591042 0.842457723 -0.460068609
1778902289.200147390 10.662966810 -8.683318219 -1.050770748 -0.225686697 -0.179954142 0.842954987 -0.453992194
1778902289.300467491 10.589594744 -8.783936789 -1.047832661 -0.214678751 -0.178375112 0.844780330 -0.456553991
1778902289.400307417 10.515765790 -8.879922596 -1.070826841 -0.207989862 -0.163307843 0.842306946 -0.469669856
1778902289.500147343 10.435917178 -8.996862164 -1.088834247 -0.204072544 -0.167486300 0.837361728 -0.478673243
1778902289.600467443 10.353125640 -9.121793324 -1.089314611 -0.209152289 -0.177378772 0.827993716 -0.489099681
1778902289.700307369 10.278690095 -9.245845311 -1.079581694 -0.221617527 -0.184939406 0.822790020 -0.489591331
1778902289.800147533 10.221450791 -9.349665215 -1.063671264 -0.221105686 -0.196446084 0.820541081 -0.489115065
1778902289.900467396 10.156897873 -9.464315731 -1.077531890 -0.209097043 -0.194933987 0.823602832 -0.489854614
1778902290.000307560 10.082681913 -9.592422566 -1.103936413 -0.202655083 -0.185699669 0.828618299 -0.487686646
1778902290.100143433 10.004002670 -9.718890369 -1.111097154 -0.200930325 -0.187300726 0.832351770 -0.481389627
1778902290.200463295 9.947425793 -9.819174729 -1.079351025 -0.213031194 -0.193505605 0.830419857 -0.477049423
1778902290.300303459 9.884754047 -9.918260192 -1.070963463 -0.228974852 -0.197688371 0.828405097 -0.471417883
1778902290.400143385 9.813727197 -10.034219758 -1.087927629 -0.223225243 -0.193535453 0.830233422 -0.472680636
1778902290.500463247 9.735718761 -10.145671833 -1.110078699 -0.223182187 -0.182321076 0.825016607 -0.486103214
1778902290.600303411 9.665265527 -10.256002482 -1.132518254 -0.221675656 -0.187691534 0.819436742 -0.494120650
1778902290.700143337 9.595819137 -10.369625684 -1.124553495 0.227307631 0.190220956 -0.809840370 0.506266534
1778902290.800463438 9.530422613 -10.483633780 -1.114772401 0.220816742 0.193901769 -0.814515238 0.500206955
1778902290.900303364 9.473563905 -10.589417096 -1.105732310 0.225389608 0.200298627 -0.810231948 0.502597429
1778902291.000143290 9.414644184 -10.695706800 -1.125379621 0.219530666 0.197967895 -0.812709534 0.502113745
1778902291.100459099 9.346423553 -10.818258707 -1.149283564 -0.215201031 -0.190953886 0.819108068 -0.496273213
1778902291.200299025 9.278741716 -10.946459192 -1.150167231 -0.215063404 -0.187731238 0.822918520 -0.491232963
1778902291.300138950 9.211695593 -11.075515761 -1.136637483 -0.214610560 -0.196199321 0.827764930 -0.479847220
1778902291.400459051 9.149068389 -11.182476123 -1.120642263 -0.231346451 -0.200645198 0.823973263 -0.476747718
1778902291.500298977 9.087069113 -11.282006385 -1.127983228 -0.221746714 -0.199623117 0.827963168 -0.474822069
1778902291.600138903 9.016016528 -11.396714917 -1.154938801 -0.215073567 -0.182779145 0.828164455 -0.484230089
1778902291.700459003 8.937960413 -11.505922385 -1.164134585 -0.210226141 -0.172383826 0.827141960 -0.491858683
1778902291.800298929 8.873188662 -11.615671728 -1.147635691 -0.212635102 -0.178364078 0.821003262 -0.498925058
1778902291.900139093 8.806152090 -11.724909472 -1.133520210 -0.216441572 -0.176349952 0.822618135 -0.495331348
1778902292.000458956 8.743527413 -11.839046015 -1.132060307 -0.209998664 -0.179956091 0.827349844 -0.488885060
1778902292.100294590 8.674914289 -11.958679505 -1.145685066 -0.200263849 -0.184901639 0.830375965 -0.485985114
1778902292.200134754 8.615770141 -12.081331918 -1.171912094 -0.187276827 -0.189292001 0.835850994 -0.480051085
1778902292.300454617 8.536777748 -12.209632346 -1.174750606 -0.184339494 -0.181842448 0.841730257 -0.473753575
1778902292.400294542 8.470392619 -12.329078569 -1.160492302 -0.191986126 -0.179860934 0.841763573 -0.471407954
1778902292.500134706 8.409497806 -12.445686401 -1.143160029 -0.214886451 -0.194203941 0.837180529 -0.463936854
1778902292.600454569 8.353608005 -12.563747108 -1.159322255 -0.205461237 -0.184571317 0.838222708 -0.470214634
1778902292.700294733 8.283630895 -12.690925992 -1.186508969 -0.202125741 -0.178512559 0.832448214 -0.484054152
1778902292.800134659 8.214877581 -12.806639592 -1.200091879 -0.195045122 -0.181612890 0.830553096 -0.489035494
1778902292.900454760 8.146986195 -12.939097499 -1.184431470 -0.198663931 -0.188351080 0.824985713 -0.494423994
1778902293.000294685 8.085747331 -13.054685248 -1.168822169 -0.204359682 -0.181314005 0.825951082 -0.493119825
1778902293.100130320 8.025725034 -13.172564286 -1.168350180 -0.208273935 -0.181292659 0.822781601 -0.496774976
1778902293.200450420 7.963108882 -13.290967860 -1.191118372 0.194346450 0.181465681 -0.823886898 0.500509784
1778902293.300290346 7.896841467 -13.414569045 -1.208678758 -0.190425745 -0.185717746 0.826518399 -0.496099074
1778902293.400130272 7.847432900 -13.543206137 -1.205780422 -0.194927574 -0.185079086 0.827373890 -0.493154558
1778902293.500450373 7.788783584 -13.668305813 -1.195966107 -0.194565169 -0.186269395 0.829948954 -0.488500605
1778902293.600290298 7.733450789 -13.768057959 -1.185487042 -0.210543364 -0.193026599 0.825584506 -0.486644067
1778902293.700130224 7.674274140 -13.882407098 -1.198420892 -0.204850105 -0.182374258 0.826738986 -0.491201295
1778902293.800450325 7.599802798 -14.004581723 -1.229334107 0.203178403 0.173635421 -0.821540080 0.503628012
1778902293.900290251 7.527231813 -14.125380191 -1.242057832 0.204931801 0.169104778 -0.818215450 0.509833314
1778902294.000130415 7.458714306 -14.240636358 -1.226790613 0.207811705 0.174737239 -0.809208447 0.521020999
1778902294.100445986 7.395206302 -14.361070875 -1.202029472 0.214128474 0.182623448 -0.812336489 0.510790663
1778902294.200285912 7.347053443 -14.477071337 -1.214535464 0.211149590 0.194010639 -0.805491335 0.518612988
1778902294.300125837 7.301780996 -14.593103175 -1.235806049 0.187130224 0.194612336 -0.806272074 0.526339871
1778902294.400445938 7.247921067 -14.723131095 -1.249762807 0.184454662 0.191180480 -0.812671525 0.518643899
1778902294.500285864 7.199513335 -14.843034006 -1.242343683 0.194785363 0.190807130 -0.810229830 0.518824561
1778902294.600126028 7.141582911 -14.968424833 -1.237890794 0.185333065 0.202288263 -0.811553659 0.515860225
1778902294.700445890 7.088509742 -15.082578842 -1.236545209 0.199792695 0.212680580 -0.803295333 0.519197899
1778902294.800286055 7.034258373 -15.200031830 -1.253614728 0.191362763 0.206580720 -0.805213255 0.521858518
1778902294.900125980 6.958378189 -15.328136038 -1.284890765 0.185895366 0.184981812 -0.799594308 0.540253260